107827
107827
107828
107828
107429
10742A
10742A
10742B
10742B
10702C
10702C
10702D
10702D
10702E
106C2F
106C2F
106C30
106C30
106C31
106831
106832
106833
106833
106834
106434
106435
106436
106436
106037
106037
106038
106039
106039
105C3A
105C3B
105C3B
105C3C
105C3C
10583D
10583E
10583E
10583F
105840
105440
105441
105442
105442
105443
105044
105044
105045
105046
105046
104C47
104C48
104C48
104C49
104C4A
104C4A
10484B
10484C
10484D
10484D
10484E
10444F
10444F
104450
104451
104452
104452
104053
104054
104055
104055
104056
103C57
103C58
103C58
103C59
103C5A
103C5B
10385B
10385C
10385D
10385E
10385F
10385F
103460
103461
103462
103463
103463
103464
103465
103066
103067
103067
103068
103069
10306A
10306B
102C6B
102C6C
102C6D
102C6E
102C6F
102C70
102C70
102C71
102872
102873
102874
102875
102876
102876
102877
102878
102879
10247A
10247B
10247C
10247C
10247D
10247E
10247F
102480
102481
102482
102483
102484
102084
102085
102086
102087
102088
102089
10208A
10208B
10208C
10208C
10208D
10208E
10208F
102090
102091
102092
102093
102094
101C95
101C95
101C96
101C97
101C98
101C99
101C9A
101C9B
101C9C
101C9D
101C9E
101C9F
101C9F
101CA0
101CA1
101CA2
101CA3
101CA4
101CA5
101CA6
101CA7
101CA8
101CA9
101CA9
101CAA
101CAB
101CAC
101CAD
1020AE
1020AF
1020B0
1020B1
1020B2
1020B2
1020B3
1020B4
1020B5
1020B6
1020B7
1020B8
1020B9
1020BA
1020BB
1020BB
1020BC
1020BD
1024BE
1024BF
1024C0
1024C1
1024C2
1024C3
1024C3
1024C4
1024C5
1024C6
1024C7
1028C8
1028C9
1028C9
1028CA
1028CB
1028CC
1028CD
1028CE
1028CF
1028CF
102CD0
102CD1
102CD2
102CD3
102CD4
102CD4
102CD5
102CD6
1030D7
1030D8
1030D9
1030D9
1030DA
1030DB
1030DC
1034DD
1034DD
1034DE
1034DF
1034E0
1034E1
1038E1
1038E2
1038E3
1038E4
1038E5
1038E5
1038E6
103CE7
103CE8
103CE8
103CE9
103CEA
103CEB
1040EB
1040EC
1040ED
1040EE
1040EE
1044EF
1044F0
1044F1
1044F1
1044F2
1044F3
1048F4
1048F4
1048F5
1048F6
1048F6
104CF7
104CF8
104CF9
104CF9
104CFA
1050FB
1050FB
1050FC
1050FD
1050FD
1050FE
1054FF
1054FF
105500
105501
105501
105902
105903
105903
105904
105905
105D05
105D06
105D06
105D07
105D08
106108
106109
10610A
10610A
10610B
10650B
10650C
10650D
10650D
10690E
10690E
10690F
106910
106910
106D11
106D11
106D12
106D12
106D13
107114
107114
107115
107115
107116
107516
107517
107517
107518
107519
107C27
107C27
107828
107828
107829
107829
10782A
10742A
10742B
10742C
10742C
10742D
10702D
10702E
10702E
10702F
107030
106C30
106C31
106C31
106C32
106C32
106833
106834
106834
106835
106435
106436
106437
106437
106438
106038
106039
10603A
10603A
10603B
105C3C
105C3C
105C3D
105C3E
105C3E
10583F
10583F
105840
105841
105841
105442
105443
105443
105444
105445
105045
105046
105047
105048
105048
105049
104C4A
104C4A
104C4B
104C4C
104C4C
10484D
10484E
10484F
10484F
104850
104451
104452
104452
104453
104454
104454
104055
104056
104057
104057
104058
104059
103C5A
103C5B
103C5B
103C5C
103C5D
103C5E
10385E
10385F
103860
103861
103862
103862
103863
103464
103465
103466
103466
103467
103468
103069
10306A
10306B
10306B
10306C
10306D
10306E
10306F
102C70
102C70
102C71
102C72
102C73
102C74
102C75
102C75
102C76
102877
102878
102879
10287A
10287B
10287C
10287C
10287D
10287E
10287F
102480
102481
102482
102483
102483
102484
102485
102486
102487
102488
102489
10248A
10248B
10248B
10208C
10208D
10208E
10208F
102090
102091
102092
102093
102094
102095
102095
102096
102097
102098
102099
10209A
10209B
10209C
10209D
10209E
10209F
10209F
1020A0
1020A1
1020A2
1020A3
1020A4
1020A5
1020A6
1020A7
1020A8
1020A9
1020A9
1020AA
1020AB
1020AC
1020AD
1020AE
1020AF
1020B0
1020B1
1020B2
1020B3
1020B3
1020B4
1020B5
1024B6
1024B7
1024B8
1024B9
1024BA
1024BB
1024BC
1024BC
1024BD
1024BE
1024BF
1024C0
1024C1
1024C2
1028C3
1028C3
1028C4
1028C5
1028C6
1028C7
1028C8
1028C9
1028CA
1028CA
102CCB
102CCC
102CCD
102CCE
102CCF
102CD0
102CD0
102CD1
102CD2
1030D3
1030D4
1030D5
1030D5
1030D6
1030D7
1030D8
1034D9
1034DA
1034DA
1034DB
1034DC
1034DD
1034DE
1038DE
1038DF
1038E0
1038E1
1038E2
1038E2
1038E3
103CE4
103CE5
103CE6
103CE6
103CE7
103CE8
1040E9
1040E9
1040EA
1040EB
1040EC
1040EC
1044ED
1044EE
1044EF
1044EF
1044F0
1044F1
1048F2
1048F2
1048F3
1048F4
1048F4
104CF5
104CF6
104CF7
104CF7
104CF8
1050F9
1050F9
1050FA
1050FB
1050FB
1050FC
1054FD
1054FD
1054FE
1054FF
1054FF
105900
105901
105901
105902
105903
105D03
105D04
105D05
105D05
105D06
106107
106107
106108
106108
106109
10650A
10650A
10650B
10650C
10690C
10690D
10690D
10690E
10690F
106D0F
106D10
106D10
106D11
106D11
107112
107113
107113
107114
107114
107515
107515
107516
107517
107517
107918
107918
107919
107C27
107C27
107C28
107C28
107C29
107829
10782A
10782A
10782B
10782B
10742C
10742D
10742D
10742E
10742E
10702F
10702F
107030
107031
107031
106C32
106C32
106C33
106C33
106C34
106835
106835
106836
106836
106437
106438
106438
106439
10643A
10603A
10603B
10603B
10603C
10603D
105C3D
105C3E
105C3F
105C3F
105C40
105841
105841
105842
105843
105843
105444
105445
105445
105446
105447
105447
105048
105049
105049
10504A
10504B
104C4C
104C4C
104C4D
104C4E
104C4E
10484F
104850
104851
104851
104852
104853
104454
104454
104455
104456
104457
104457
104058
104059
10405A
10405A
10405B
10405C
103C5D
103C5E
103C5E
103C5F
103C60
103C61
103861
103862
103863
103864
103865
103866
103866
103467
103468
103469
10346A
10346A
10346B
10346C
10306D
10306E
10306F
10306F
103070
103071
103072
103073
102C74
102C75
102C75
102C76
102C77
102C78
102C79
102C7A
102C7B
102C7B
10287C
10287D
10287E
10287F
102880
102881
102882
102882
102883
102884
102885
102886
102487
102488
102489
10248A
10248B
10248B
10248C
10248D
10248E
10248F
102490
102491
102492
102493
102494
102494
102495
102496
102497
102498
102499
10249A
10249B
10249C
10249D
10249E
10249F
10209F
1020A0
1020A1
1020A2
1024A3
1024A4
1024A5
1024A6
1024A7
1024A8
1024A9
1024A9
1024AA
1024AB
1024AC
1024AD
1024AE
1024AF
1024B0
1024B1
1024B2
1024B3
1024B3
1024B4
1024B5
1024B6
1024B7
1024B8
1024B9
1024BA
1024BB
1028BC
1028BC
1028BD
1028BE
1028BF
1028C0
1028C1
1028C2
1028C3
1028C4
1028C4
1028C5
102CC6
102CC7
102CC8
102CC9
102CCA
102CCB
102CCB
102CCC
102CCD
102CCE
1030CF
1030D0
1030D0
1030D1
1030D2
1030D3
1030D4
1030D5
1034D6
1034D6
1034D7
1034D8
1034D9
1034DA
1034DA
1038DB
1038DC
1038DD
1038DE
1038DF
1038DF
1038E0
103CE1
103CE2
103CE3
103CE3
103CE4
103CE5
1040E6
1040E6
1040E7
1040E8
1040E9
1040E9
1044EA
1044EB
1044EC
1044ED
1044ED
1044EE
1048EF
1048EF
1048F0
1048F1
1048F2
1048F2
104CF3
104CF4
104CF5
104CF5
104CF6
1050F7
1050F7
1050F8
1050F9
1050FA
1054FA
1054FB
1054FC
1054FC
1054FD
1054FE
1058FE
1058FF
105900
105900
105901
105D02
105D02
105D03
105D04
105D04
106105
106105
106106
106107
106107
106508
106509
106509
10650A
10690A
10690B
10690C
10690C
10690D
106D0E
106D0E
106D0F
106D0F
106D10
107110
107111
107112
107112
107113
107513
107514
107514
107515
107516
107916
107917
107917
107918
107918
107D19
108026
108027
108027
107C28
107C29
107C29
107C2A
107C2A
10782B
10782B
10782C
10782C
10782D
10742D
10742E
10742F
10742F
107430
107030
107031
107032
107032
107033
106C33
106C34
106C34
106C35
106C36
106836
106837
106838
106838
106439
106439
10643A
10643B
10643B
10603C
10603D
10603D
10603E
10603F
105C3F
105C40
105C40
105C41
105C42
105842
105843
105844
105844
105845
105846
105447
105447
105448
105449
105449
10504A
10504B
10504B
10504C
10504D
104C4E
104C4E
104C4F
104C50
104C50
104C51
104852
104853
104853
104854
104855
104456
104456
104457
104458
104459
10445A
10405A
10405B
10405C
10405D
10405D
10405E
10405F
103C60
103C61
103C61
103C62
103C63
103C64
103865
103865
103866
103867
103868
103869
103869
10346A
10346B
10346C
10346D
10346E
10346E
10346F
103470
103071
103072
103073
103074
103074
103075
103076
103077
103078
102C79
102C7A
102C7B
102C7B
102C7C
102C7D
102C7E
102C7F
102C80
102C81
102C82
102882
102883
102884
102885
102886
102887
102888
102889
10288A
10288A
10288B
10288C
10288D
10288E
10288F
102890
102491
102492
102493
102494
102494
102495
102496
102497
102498
102499
10249A
10249B
10249C
10249D
10249E
10249F
10249F
1024A0
1024A1
1024A2
1024A3
1024A4
1024A5
1024A6
1024A7
1024A8
1024A9
1024AA
1024AA
1024AB
1024AC
1024AD
1024AE
1024AF
1024B0
1024B1
1028B2
1028B3
1028B4
1028B4
1028B5
1028B6
1028B7
1028B8
1028B9
1028BA
1028BB
1028BC
1028BD
1028BD
1028BE
1028BF
102CC0
102CC1
102CC2
102CC3
102CC4
102CC4
102CC5
102CC6
102CC7
102CC8
102CC9
1030CA
1030CB
1030CB
1030CC
1030CD
1030CE
1030CF
1030D0
1030D1
1034D1
1034D2
1034D3
1034D4
1034D5
1034D6
1034D6
1034D7
1038D8
1038D9
1038DA
1038DB
1038DB
1038DC
1038DD
103CDE
103CDF
103CDF
103CE0
103CE1
103CE2
1040E3
1040E3
1040E4
1040E5
1040E6
1040E7
1040E7
1044E8
1044E9
1044EA
1044EA
1044EB
1044EC
1048ED
1048ED
1048EE
1048EF
1048F0
104CF0
104CF1
104CF2
104CF3
104CF3
104CF4
1050F5
1050F5
1050F6
1050F7
1050F8
1054F8
1054F9
1054FA
1054FA
1054FB
1058FC
1058FC
1058FD
1058FE
1058FE
105CFF
105D00
105D00
105D01
105D02
105D02
106103
106104
106104
106105
106106
106506
106507
106508
106508
106909
106909
10690A
10690B
10690B
106D0C
106D0C
106D0D
106D0E
106D0E
10710F
10710F
107110
107111
107111
107512
107512
107513
107514
107514
107915
107915
107916
107916
107917
107D17
107D18
107D19
107D19
108426
108027
108027
108028
108028
108029
107C29
107C2A
107C2B
107C2B
107C2C
10782C
10782D
10782D
10782E
10782E
10742F
107430
107430
107431
107431
107032
107033
107033
107034
107034
106C35
106C36
106C36
106C37
106C37
106838
106839
106839
10683A
10643A
10643B
10643C
10643C
10643D
10603E
10603E
10603F
106040
106040
105C41
105C42
105C42
105C43
105C44
105C44
105845
105846
105846
105847
105848
105448
105449
10544A
10544B
10544B
10504C
10504D
10504D
10504E
10504F
105050
104C50
104C51
104C52
104C53
104C53
104854
104855
104856
104856
104857
104858
104459
104459
10445A
10445B
10445C
10445C
10405D
10405E
10405F
104060
104060
104061
104062
103C63
103C64
103C64
103C65
103C66
103C67
103868
103869
103869
10386A
10386B
10386C
10386D
10386E
10346E
10346F
103470
103471
103472
103473
103473
103474
103075
103076
103077
103078
103079
10307A
10307A
10307B
10307C
10307D
102C7E
102C7F
102C80
102C81
102C81
102C82
102C83
102C84
102C85
102C86
102C87
102C88
102C89
102C8A
10288A
10288B
10288C
10288D
10288E
10288F
102890
102891
102892
102893
102894
102894
102895
102896
102897
102898
102899
10289A
10289B
10289C
10289D
10289E
10289F
10289F
1028A0
1028A1
1028A2
1028A3
1028A4
1028A5
1028A6
1028A7
1028A8
1028A9
1028AA
1028AA
1028AB
1028AC
1028AD
1028AE
1028AF
1028B0
1028B1
1028B2
1028B3
1028B4
1028B4
1028B5
1028B6
1028B7
102CB8
102CB9
102CBA
102CBB
102CBC
102CBD
102CBD
102CBE
102CBF
102CC0
102CC1
102CC2
102CC3
1030C4
1030C5
1030C5
1030C6
1030C7
1030C8
1030C9
1030CA
1030CB
1030CC
1034CC
1034CD
1034CE
1034CF
1034D0
1034D1
1034D2
1034D2
1034D3
1038D4
1038D5
1038D6
1038D7
1038D7
1038D8
1038D9
103CDA
103CDB
103CDC
103CDC
103CDD
103CDE
103CDF
1040E0
1040E0
1040E1
1040E2
1040E3
1040E4
1040E4
1044E5
1044E6
1044E7
1044E7
1044E8
1044E9
1048EA
1048EB
1048EB
1048EC
1048ED
1048EE
104CEE
104CEF
104CF0
104CF1
104CF1
1050F2
1050F3
1050F3
1050F4
1050F5
1050F6
1054F6
1054F7
1054F8
1054F8
1054F9
1058FA
1058FB
1058FB
1058FC
1058FD
105CFD
105CFE
105CFF
105CFF
105D00
106101
106101
106102
106103
106103
106504
106505
106505
106506
106506
106907
106908
106908
106909
10690A
106D0A
106D0B
106D0B
106D0C
106D0D
10710D
10710E
10710E
10710F
107110
107510
107511
107511
107512
107513
107913
107914
107914
107915
107915
107D16
107D17
107D17
107D18
107D18
108119
108119
108426
108427
108427
108428
108028
108029
108029
10802A
10802A
107C2B
107C2B
107C2C
107C2D
107C2D
10782E
10782E
10782F
10782F
107830
107431
107431
107432
107432
107433
107034
107034
107035
107035
107036
106C37
106C37
106C38
106C38
106C39
10683A
10683A
10683B
10683C
10683C
10643D
10643E
10643E
10643F
10643F
106040
106041
106041
106042
106043
105C43
105C44
105C45
105C46
105C46
105847
105848
105848
105849
10584A
10544A
10544B
10544C
10544D
10544D
10504E
10504F
10504F
105050
105051
105052
104C52
104C53
104C54
104C55
104C55
104C56
104857
104858
104858
104859
10485A
10485B
10445C
10445C
10445D
10445E
10445F
10445F
104060
104061
104062
104063
104064
104064
104065
103C66
103C67
103C68
103C68
103C69
103C6A
103C6B
10386C
10386D
10386D
10386E
10386F
103870
103871
103872
103473
103473
103474
103475
103476
103477
103478
103479
103479
10307A
10307B
10307C
10307D
10307E
10307F
103080
103081
103081
103082
103083
103084
102C85
102C86
102C87
102C88
102C89
102C89
102C8A
102C8B
102C8C
102C8D
102C8E
102C8F
102C90
102C91
102C92
102C93
102C93
102C94
102C95
102C96
102897
102898
102899
10289A
10289B
10289C
10289D
10289E
10289F
10289F
1028A0
1028A1
1028A2
1028A3
1028A4
1028A5
1028A6
1028A7
1028A8
1028A9
1028AA
102CAA
102CAB
102CAC
102CAD
102CAE
102CAF
102CB0
102CB1
102CB2
102CB3
102CB4
102CB5
102CB5
102CB6
102CB7
102CB8
102CB9
102CBA
102CBB
102CBC
102CBD
1030BE
1030BE
1030BF
1030C0
1030C1
1030C2
1030C3
1030C4
1030C5
1030C6
1030C6
1034C7
1034C8
1034C9
1034CA
1034CB
1034CC
1034CC
1034CD
1034CE
1034CF
1038D0
1038D1
1038D2
1038D2
1038D3
1038D4
1038D5
1038D6
103CD7
103CD8
103CD8
103CD9
103CDA
103CDB
103CDC
1040DC
1040DD
1040DE
1040DF
1040E0
1040E1
1040E1
1044E2
1044E3
1044E4
1044E4
1044E5
1044E6
1048E7
1048E8
1048E8
1048E9
1048EA
1048EB
104CEB
104CEC
104CED
104CEE
104CEE
104CEF
1050F0
1050F1
1050F1
1050F2
1050F3
1054F4
1054F4
1054F5
1054F6
1054F6
1054F7
1058F8
1058F9
1058F9
1058FA
1058FB
105CFB
105CFC
105CFD
105CFD
105CFE
1060FF
1060FF
106100
106101
106101
106502
106503
106503
106504
106505
106905
106906
106907
106907
106908
106D09
106D09
106D0A
106D0A
106D0B
10710C
10710C
10710D
10710D
10710E
10750F
10750F
107510
107510
107511
107912
107912
107913
107913
107914
107D14
107D15
107D16
107D16
107D17
108117
108118
108118
108119
108119
108826
108826
108427
108427
108428
108429
108429
10802A
10802A
10802B
10802B
10802C
107C2C
107C2D
107C2E
107C2E
107C2F
10782F
107830
107830
107831
107832
107432
107433
107433
107434
107435
107035
107036
107036
107037
107038
106C38
106C39
106C3A
106C3A
106C3B
10683B
10683C
10683D
10683D
10683E
10643F
10643F
106440
106441
106441
106042
106043
106043
106044
106045
105C45
105C46
105C47
105C47
105C48
105849
10584A
10584A
10584B
10584C
10544C
10544D
10544E
10544F
10544F
105450
105051
105052
105052
105053
105054
105055
104C55
104C56
104C57
104C58
104C58
104C59
10485A
10485B
10485B
10485C
10485D
10485E
10445F
10445F
104460
104461
104462
104463
104063
104064
104065
104066
104067
104067
104068
103C69
103C6A
103C6B
103C6C
103C6C
103C6D
103C6E
103C6F
103870
103871
103872
103872
103873
103874
103875
103876
103877
103478
103479
103479
10347A
10347B
10347C
10347D
10347E
10347F
103480
103080
103081
103082
103083
103084
103085
103086
103087
103088
103089
103089
10308A
10308B
10308C
10308D
10308E
102C8F
102C90
102C91
102C92
102C93
102C93
102C94
102C95
102C96
102C97
102C98
102C99
102C9A
102C9B
102C9C
102C9D
102C9E
102C9F
102C9F
102CA0
102CA1
102CA2
102CA3
102CA4
102CA5
102CA6
102CA7
102CA8
102CA9
102CAA
102CAA
102CAB
102CAC
102CAD
102CAE
102CAF
102CB0
102CB1
102CB2
102CB3
1030B4
1030B5
1030B5
1030B6
1030B7
1030B8
1030B9
1030BA
1030BB
1030BC
1030BD
1030BE
1030BE
1030BF
1030C0
1034C1
1034C2
1034C3
1034C4
1034C5
1034C6
1034C6
1034C7
1034C8
1034C9
1034CA
1038CB
1038CC
1038CD
1038CD
1038CE
1038CF
1038D0
1038D1
1038D2
103CD3
103CD3
103CD4
103CD5
103CD6
103CD7
103CD8
103CD8
1040D9
1040DA
1040DB
1040DC
1040DD
1040DD
1040DE
1044DF
1044E0
1044E1
1044E1
1044E2
1044E3
1048E4
1048E5
1048E5
1048E6
1048E7
1048E8
104CE9
104CE9
104CEA
104CEB
104CEC
104CEC
1050ED
1050EE
1050EF
1050EF
1050F0
1050F1
1054F2
1054F2
1054F3
1054F4
1054F4
1058F5
1058F6
1058F7
1058F7
1058F8
1058F9
105CF9
105CFA
105CFB
105CFC
105CFC
1060FD
1060FE
1060FE
1060FF
106100
106500
106501
106502
106502
106503
106904
106904
106905
106906
106906
106D07
106D07
106D08
106D09
106D09
10710A
10710B
10710B
10710C
10710C
10750D
10750E
10750E
10750F
10750F
107910
107911
107911
107912
107912
107D13
107D13
107D14
107D15
107D15
108116
108116
108117
108117
108118
108518
108519
10851A
108826
108826
108827
108827
108828
108428
108429
108429
10842A
10842B
10802B
10802C
10802C
10802D
10802D
107C2E
107C2F
107C2F
107C30
107C30
107831
107831
107832
107833
107833
107434
107434
107435
107436
107436
107037
107037
107038
107039
107039
106C3A
106C3B
106C3B
106C3C
106C3D
10683D
10683E
10683E
10683F
106840
106440
106441
106442
106442
106443
106044
106045
106045
106046
106047
105C47
105C48
105C49
105C49
105C4A
10584B
10584C
10584C
10584D
10584E
10584E
10544F
105450
105451
105451
105452
105453
105054
105054
105055
105056
105057
104C57
104C58
104C59
104C5A
104C5B
104C5B
10485C
10485D
10485E
10485E
10485F
104860
104861
104462
104462
104463
104464
104465
104466
104467
104067
104068
104069
10406A
10406B
10406C
10406C
103C6D
103C6E
103C6F
103C70
103C71
103C71
103C72
103C73
103874
103875
103876
103877
103878
103878
103879
10387A
10387B
10387C
10347D
10347E
10347F
10347F
103480
103481
103482
103483
103484
103485
103486
103487
103488
103088
103089
10308A
10308B
10308C
10308D
10308E
10308F
103090
103091
103092
103093
103093
103094
103095
103096
103097
103098
103099
10309A
10309B
10309C
10309D
10309E
10309F
10309F
1030A0
1030A1
1030A2
1030A3
1030A4
1030A5
1030A6
1030A7
1030A8
1030A9
1030AA
1030AB
1030AB
1030AC
1030AD
1030AE
1030AF
1030B0
1030B1
1030B2
1030B3
1030B4
1030B5
1030B6
1030B6
1030B7
1030B8
1030B9
1034BA
1034BB
1034BC
1034BD
1034BE
1034BF
1034BF
1034C0
1034C1
1034C2
1034C3
1034C4
1034C5
1038C6
1038C7
1038C7
1038C8
1038C9
1038CA
1038CB
1038CC
1038CD
103CCE
103CCE
103CCF
103CD0
103CD1
103CD2
103CD3
103CD4
103CD4
1040D5
1040D6
1040D7
1040D8
1040D9
1040D9
1040DA
1044DB
1044DC
1044DD
1044DE
1044DE
1044DF
1044E0
1048E1
1048E2
1048E2
1048E3
1048E4
1048E5
104CE6
104CE6
104CE7
104CE8
104CE9
104CE9
104CEA
1050EB
1050EC
1050EC
1050ED
1050EE
1054EF
1054EF
1054F0
1054F1
1054F2
1054F2
1058F3
1058F4
1058F5
1058F5
1058F6
105CF7
105CF8
105CF8
105CF9
105CFA
105CFA
1060FB
1060FC
1060FC
1060FD
1060FE
1064FE
1064FF
106500
106500
106501
106902
106902
106903
106904
106904
106D05
106D06
106D06
106D07
106D08
107108
107109
107109
10710A
10710B
10750B
10750C
10750D
10750D
10750E
10790E
10790F
107910
107910
107911
107D11
107D12
107D12
107D13
107D14
108114
108115
108115
108116
108116
108517
108518
108518
108519
108519
10891A
108C26
108C26
108C27
108827
108828
108828
108829
108829
10842A
10842A
10842B
10842C
10842C
10802D
10802D
10802E
10802E
10802F
107C30
107C30
107C31
107C31
107C32
107832
107833
107834
107834
107835
107435
107436
107437
107437
107438
107039
107039
10703A
10703A
10703B
106C3C
106C3C
106C3D
106C3E
106C3E
10683F
106840
106840
106841
106842
106442
106443
106444
106444
106445
106046
106046
106047
106048
106049
105C49
105C4A
105C4B
105C4B
105C4C
105C4D
10584E
10584E
10584F
105850
105850
105451
105452
105453
105453
105454
105455
105056
105056
105057
105058
105059
10505A
104C5A
104C5B
104C5C
104C5D
104C5E
104C5E
10485F
104860
104861
104862
104862
104863
104864
104465
104466
104466
104467
104468
104469
10446A
10406B
10406B
10406C
10406D
10406E
10406F
104070
104071
103C71
103C72
103C73
103C74
103C75
103C76
103C77
103C77
103C78
103C79
10387A
10387B
10387C
10387D
10387E
10387F
10387F
103880
103881
103882
103883
103484
103485
103486
103487
103488
103488
103489
10348A
10348B
10348C
10348D
10348E
10348F
103490
103491
103492
103492
103493
103094
103095
103096
103097
103098
103099
10309A
10309B
10309C
10309D
10309E
10309E
10309F
1030A0
1030A1
1030A2
1030A3
1030A4
1030A5
1030A6
1030A7
1030A8
1030A9
1030AA
1030AB
1030AB
1030AC
1030AD
1034AE
1034AF
1034B0
1034B1
1034B2
1034B3
1034B4
1034B5
1034B6
1034B6
1034B7
1034B8
1034B9
1034BA
1034BB
1034BC
1034BD
1034BE
1038BF
1038C0
1038C0
1038C1
1038C2
1038C3
1038C4
1038C5
1038C6
1038C7
1038C8
103CC8
103CC9
103CCA
103CCB
103CCC
103CCD
103CCE
103CCF
103CCF
103CD0
1040D1
1040D2
1040D3
1040D4
1040D4
1040D5
1040D6
1040D7
1044D8
1044D9
1044DA
1044DA
1044DB
1044DC
1044DD
1048DE
1048DE
1048DF
1048E0
1048E1
1048E2
104CE2
104CE3
104CE4
104CE5
104CE6
104CE6
104CE7
1050E8
1050E9
1050EA
1050EA
1050EB
1050EC
1054ED
1054ED
1054EE
1054EF
1054F0
1058F0
1058F1
1058F2
1058F3
1058F3
1058F4
105CF5
105CF6
105CF6
105CF7
105CF8
1060F8
1060F9
1060FA
1060FA
1060FB
1060FC
1064FD
1064FD
1064FE
1064FF
1064FF
106900
106901
106901
106902
106903
106D03
106D04
106D05
106D05
106D06
107107
107107
107108
107108
107109
10750A
10750A
10750B
10750C
10750C
10790D
10790D
10790E
10790F
10790F
107D10
107D10
107D11
107D12
107D12
108113
108113
108114
108114
108115
108516
108516
108517
108517
108518
108918
108919
108919
10891A
109025
109026
108C26
108C27
108C27
108C28
108C29
108829
10882A
10882A
10882B
10842B
10842C
10842C
10842D
10842E
10802E
10802F
10802F
108030
108031
107C31
107C32
107C32
107C33
107C33
107834
107835
107835
107836
107837
107437
107438
107438
107439
10743A
10703A
10703B
10703C
10703C
10703D
106C3E
106C3E
106C3F
106C3F
106C40
106841
106841
106842
106843
106844
106444
106445
106446
106446
106447
106448
106048
106049
10604A
10604A
10604B
105C4C
105C4D
105C4D
105C4E
105C4F
105850
105850
105851
105852
105853
105853
105454
105455
105456
105456
105457
105458
105059
105059
10505A
10505B
10505C
10505D
104C5D
104C5E
104C5F
104C60
104C61
104C61
104C62
104863
104864
104865
104865
104866
104867
104868
104469
10446A
10446A
10446B
10446C
10446D
10446E
10406F
104070
104070
104071
104072
104073
104074
104075
104076
103C76
103C77
103C78
103C79
103C7A
103C7B
103C7C
103C7D
103C7E
103C7E
10387F
103880
103881
103882
103883
103884
103885
103886
103887
103887
103888
103889
10388A
10388B
10388C
10348D
10348E
10348F
103490
103491
103492
103492
103493
103494
103495
103496
103497
103498
103499
10349A
10349B
10349C
10349D
10349E
10349E
10349F
1034A0
1034A1
1034A2
1034A3
1034A4
1034A5
1034A6
1034A7
1034A8
1034A9
1034AA
1034AB
1034AB
1034AC
1034AD
1034AE
1034AF
1034B0
1034B1
1034B2
1034B3
1034B4
1034B5
1038B6
1038B7
1038B7
1038B8
1038B9
1038BA
1038BB
1038BC
1038BD
1038BE
1038BF
1038C0
1038C0
1038C1
103CC2
103CC3
103CC4
103CC5
103CC6
103CC7
103CC8
103CC8
103CC9
103CCA
103CCB
1040CC
1040CD
1040CE
1040CF
1040CF
1040D0
1040D1
1040D2
1040D3
1044D4
1044D5
1044D5
1044D6
1044D7
1044D8
1044D9
1048DA
1048DA
1048DB
1048DC
1048DD
1048DE
1048DF
104CDF
104CE0
104CE1
104CE2
104CE3
104CE3
104CE4
1050E5
1050E6
1050E7
1050E7
1050E8
1050E9
1054EA
1054EA
1054EB
1054EC
1054ED
1054EE
1058EE
1058EF
1058F0
1058F1
1058F1
1058F2
105CF3
105CF3
105CF4
105CF5
105CF6
1060F6
1060F7
1060F8
1060F9
1060F9
1064FA
1064FB
1064FB
1064FC
1064FD
1064FD
1068FE
1068FF
1068FF
106900
106901
106D01
106D02
106D03
106D03
106D04
107105
107105
107106
107107
107107
107508
107509
107509
10750A
10750A
10790B
10790C
10790C
10790D
10790E
107D0E
107D0F
107D0F
107D10
107D10
108111
108112
108112
108113
108113
108514
108515
108515
108516
108916
108917
108917
108918
108918
108D19
108D1A
108D1A
109025
109026
109026
109027
109027
108C28
108C28
108C29
108C2A
108C2A
10882B
10882B
10882C
10882C
10842D
10842D
10842E
10842F
10842F
108030
108030
108031
108032
108032
107C33
107C33
107C34
107C35
107C35
107836
107836
107837
107838
107838
107439
107439
10743A
10743B
10743B
10703C
10703D
10703D
10703E
10703F
106C3F
106C40
106C41
106C41
106C42
106843
106843
106844
106845
106845
106846
106447
106448
106448
106449
10644A
10604A
10604B
10604C
10604D
10604D
105C4E
105C4F
105C4F
105C50
105C51
105C52
105852
105853
105854
105855
105855
105856
105457
105458
105459
105459
10545A
10545B
10505C
10505C
10505D
10505E
10505F
105060
104C60
104C61
104C62
104C63
104C64
104C65
104C65
104866
104867
104868
104869
10486A
10486A
10486B
10486C
10446D
10446E
10446F
10446F
104470
104471
104472
104473
104074
104075
104076
104076
104077
104078
104079
10407A
10407B
10407C
103C7D
103C7D
103C7E
103C7F
103C80
103C81
103C82
103C83
103C84
103C85
103C86
103C86
103887
103888
103889
10388A
10388B
10388C
10388D
10388E
10388F
103890
103891
103892
103892
103893
103894
103895
103896
103897
103898
103899
10389A
10389B
10389C
10389D
10389E
10389E
10389F
1038A0
1038A1
1038A2
1038A3
1038A4
1038A5
1038A6
1038A7
1038A8
1038A9
1038AA
1038AB
1038AB
1038AC
1038AD
1038AE
1038AF
1038B0
1038B1
1038B2
1038B3
1038B4
1038B5
1038B6
1038B7
1038B7
1038B8
1038B9
1038BA
103CBB
103CBC
103CBD
103CBE
103CBF
103CC0
103CC1
103CC1
103CC2
103CC3
103CC4
103CC5
1040C6
1040C7
1040C8
1040C9
1040C9
1040CA
1040CB
1040CC
1040CD
1040CE
1044CF
1044D0
1044D0
1044D1
1044D2
1044D3
1044D4
1044D5
1048D6
1048D6
1048D7
1048D8
1048D9
1048DA
1048DB
1048DB
104CDC
104CDD
104CDE
104CDF
104CE0
104CE0
104CE1
1050E2
1050E3
1050E4
1050E4
1050E5
1050E6
1054E7
1054E8
1054E8
1054E9
1054EA
1054EB
1058EB
1058EC
1058ED
1058EE
1058EE
1058EF
105CF0
105CF1
105CF1
105CF2
105CF3
105CF4
1060F4
1060F5
1060F6
1060F7
1060F7
1064F8
1064F9
1064F9
1064FA
1064FB
1068FB
1068FC
1068FD
1068FE
1068FE
106CFF
106D00
106D00
106D01
106D02
106D02
107103
107104
107104
107105
107106
107506
107507
107507
107508
107509
107909
10790A
10790B
10790B
10790C
107D0C
107D0D
107D0E
107D0E
107D0F
10810F
108110
108111
108111
108112
108512
108513
108514
108514
108915
108915
108916
108916
108917
108D18
108D18
108D19
108D19
108D1A
10911A
109425
109426
109426
109027
109027
109028
109028
109029
108C29
108C2A
108C2A
108C2B
108C2C
10882C
10882D
10882D
10882E
10882E
10842F
108430
108430
108431
108031
108032
108033
108033
108034
107C34
107C35
107C36
107C36
107C37
107837
107838
107839
107839
10783A
10743B
10743B
10743C
10743D
10743D
10703E
10703E
10703F
107040
107040
107041
106C42
106C43
106C43
106C44
106C45
106845
106846
106847
106847
106848
106449
106449
10644A
10644B
10644C
10604C
10604D
10604E
10604F
10604F
106050
105C51
105C52
105C52
105C53
105C54
105C55
105855
105856
105857
105858
105858
105859
10545A
10545B
10545C
10545C
10545D
10545E
10505F
105060
105060
105061
105062
105063
105064
104C64
104C65
104C66
104C67
104C68
104C69
104C69
10486A
10486B
10486C
10486D
10486E
10486F
10486F
104870
104471
104472
104473
104474
104475
104475
104476
104477
104478
104079
10407A
10407B
10407C
10407D
10407D
10407E
10407F
104080
104081
104082
103C83
103C84
103C85
103C86
103C86
103C87
103C88
103C89
103C8A
103C8B
103C8C
103C8D
103C8E
103C8F
103C90
103C91
103C91
103C92
103893
103894
103895
103896
103897
103898
103899
10389A
10389B
10389C
10389D
10389E
10389E
10389F
1038A0
1038A1
1038A2
1038A3
1038A4
1038A5
1038A6
1038A7
1038A8
1038A9
1038AA
1038AB
1038AC
1038AC
1038AD
1038AE
103CAF
103CB0
103CB1
103CB2
103CB3
103CB4
103CB5
103CB6
103CB7
103CB8
103CB8
103CB9
103CBA
103CBB
103CBC
103CBD
103CBE
103CBF
1040C0
1040C1
1040C2
1040C2
1040C3
1040C4
1040C5
1040C6
1040C7
1040C8
1040C9
1044CA
1044CA
1044CB
1044CC
1044CD
1044CE
1044CF
1044D0
1044D1
1048D1
1048D2
1048D3
1048D4
1048D5
1048D6
1048D7
1048D7
104CD8
104CD9
104CDA
104CDB
104CDC
104CDC
104CDD
1050DE
1050DF
1050E0
1050E0
1050E1
1050E2
1050E3
1054E4
1054E4
1054E5
1054E6
1054E7
1054E8
1058E8
1058E9
1058EA
1058EB
1058EC
1058EC
105CED
105CEE
105CEF
105CEF
105CF0
105CF1
1060F2
1060F2
1060F3
1060F4
1060F5
1064F5
1064F6
1064F7
1064F7
1064F8
1064F9
1068FA
1068FA
1068FB
1068FC
1068FC
106CFD
106CFE
106CFE
106CFF
106D00
107100
107101
107102
107102
107103
107504
107504
107505
107506
107506
107507
107908
107908
107909
10790A
10790A
107D0B
107D0B
107D0C
107D0D
10810D
10810E
10810E
10810F
108110
108510
108511
108511
108512
108513
108913
108914
108914
108915
108915
108D16
108D17
108D17
108D18
108D18
109119
109119
10911A
10911A
109825
109425
109426
109426
109427
109428
109028
109029
109029
10902A
10902A
108C2B
108C2B
108C2C
108C2D
108C2D
10882E
10882E
10882F
10882F
108830
108431
108431
108432
108432
108433
108034
108034
108035
108035
108036
107C37
107C37
107C38
107C39
107C39
10783A
10783A
10783B
10783C
10783C
10743D
10743E
10743E
10743F
107440
107040
107041
107042
107042
107043
106C44
106C44
106C45
106C46
106C46
106847
106848
106849
106849
10684A
10684B
10644B
10644C
10644D
10644E
10644E
10604F
106050
106051
106051
106052
106053
105C54
105C54
105C55
105C56
105C57
105C57
105858
105859
10585A
10585B
10585B
10585C
10545D
10545E
10545F
10545F
105460
105461
105062
105063
105063
105064
105065
105066
105067
104C68
104C68
104C69
104C6A
104C6B
104C6C
104C6D
104C6E
10486E
10486F
104870
104871
104872
104873
104874
104874
104875
104476
104477
104478
104479
10447A
10447B
10447C
10447C
10447D
10447E
10407F
104080
104081
104082
104083
104084
104085
104085
104086
104087
104088
104089
10408A
10408B
103C8C
103C8D
103C8E
103C8F
103C90
103C91
103C91
103C92
103C93
103C94
103C95
103C96
103C97
103C98
103C99
103C9A
103C9B
103C9C
103C9D
103C9E
103C9E
103C9F
103CA0
103CA1
103CA2
103CA3
103CA4
103CA5
103CA6
103CA7
103CA8
103CA9
103CAA
103CAB
103CAC
103CAC
103CAD
103CAE
103CAF
103CB0
103CB1
103CB2
103CB3
103CB4
103CB5
103CB6
1040B7
1040B8
1040B8
1040B9
1040BA
1040BB
1040BC
1040BD
1040BE
1040BF
1040C0
1040C1
1040C2
1040C2
1044C3
1044C4
1044C5
1044C6
1044C7
1044C8
1044C9
1044CA
1044CB
1044CB
1048CC
1048CD
1048CE
1048CF
1048D0
1048D1
1048D1
1048D2
1048D3
104CD4
104CD5
104CD6
104CD7
104CD7
104CD8
104CD9
104CDA
1050DB
1050DC
1050DC
1050DD
1050DE
1050DF
1050E0
1054E1
1054E1
1054E2
1054E3
1054E4
1054E5
1058E5
1058E6
1058E7
1058E8
1058E9
1058E9
105CEA
105CEB
105CEC
105CEC
105CED
105CEE
1060EF
1060EF
1060F0
1060F1
1060F2
1060F2
1064F3
1064F4
1064F5
1064F5
1064F6
1068F7
1068F8
1068F8
1068F9
1068FA
1068FA
106CFB
106CFC
106CFD
106CFD
106CFE
1070FF
1070FF
107100
107101
107101
107502
107503
107503
107504
107505
107905
107906
107907
107907
107908
107D08
107D09
107D0A
107D0A
107D0B
10810C
10810C
10810D
10810D
10810E
10850F
10850F
108510
108510
108511
108912
108912
108913
108913
108914
108D14
108D15
108D16
108D16
108D17
109117
109118
109118
109119
10911A
10951A
10951B
109825
109825
109826
109826
109427
109427
109428
109428
109429
10902A
10902A
10902B
10902B
10902C
108C2C
108C2D
108C2D
108C2E
108C2F
10882F
108830
108830
108831
108832
108432
108433
108433
108434
108435
108035
108036
108036
108037
108038
107C38
107C39
107C3A
107C3A
107C3B
10783C
10783C
10783D
10783D
10783E
10743F
10743F
107440
107441
107442
107042
107043
107044
107044
107045
106C46
106C46
106C47
106C48
106C48
106C49
10684A
10684B
10684B
10684C
10684D
10644E
10644E
10644F
106450
106450
106451
106052
106053
106053
106054
106055
106056
105C57
105C57
105C58
105C59
105C5A
105C5A
10585B
10585C
10585D
10585E
10585E
10585F
105460
105461
105462
105463
105463
105464
105465
105066
105067
105068
105068
105069
10506A
10506B
104C6C
104C6D
104C6D
104C6E
104C6F
104C70
104C71
104C72
104C73
104874
104874
104875
104876
104877
104878
104879
10487A
10487B
10447B
10447C
10447D
10447E
10447F
104480
104481
104482
104483
104484
104485
104485
104486
104087
104088
104089
10408A
10408B
10408C
10408D
10408E
10408F
104090
104090
104091
104092
104093
104094
104095
104096
104097
104098
104099
10409A
10409B
10409C
10409D
10409E
10409E
10409F
1040A0
1040A1
1040A2
1040A3
1040A4
1040A5
1040A6
1040A7
1040A8
1040A9
1040AA
1040AB
1040AC
1040AC
1040AD
1040AE
1040AF
1040B0
1040B1
1040B2
1040B3
1040B4
1040B5
1040B6
1040B7
1040B8
1040B9
1040B9
1040BA
1044BB
1044BC
1044BD
1044BE
1044BF
1044C0
1044C1
1044C2
1044C3
1044C3
1044C4
1044C5
1044C6
1048C7
1048C8
1048C9
1048CA
1048CB
1048CB
1048CC
1048CD
1048CE
104CCF
104CD0
104CD1
104CD2
104CD2
104CD3
104CD4
104CD5
104CD6
1050D7
1050D8
1050D8
1050D9
1050DA
1050DB
1050DC
1054DD
1054DD
1054DE
1054DF
1054E0
1054E1
1054E2
1058E2
1058E3
1058E4
1058E5
1058E6
1058E6
105CE7
105CE8
105CE9
105CE9
105CEA
105CEB
1060EC
1060ED
1060ED
1060EE
1060EF
1060F0
1064F0
1064F1
1064F2
1064F3
1064F3
1064F4
1068F5
1068F6
1068F6
1068F7
1068F8
106CF8
106CF9
106CFA
106CFB
106CFB
106CFC
1070FD
1070FD
1070FE
1070FF
1070FF
107500
107501
107501
107502
107503
107903
107904
107905
107905
107906
107D07
107D07
107D08
107D09
107D09
10810A
10810B
10810B
10810C
10810C
10850D
10850E
10850E
10850F
10850F
108910
108911
108911
108912
108912
108D13
108D14
108D14
108D15
108D15
109116
109116
109117
109117
109118
109519
109519
10951A
10951A
10951B
109C25
109C25
109826
109826
109827
109827
109828
109428
109429
109429
10942A
10942A
10902B
10902C
10902C
10902D
10902D
108C2E
108C2E
108C2F
108C30
108C30
108831
108831
108832
108833
108833
108434
108434
108435
108436
108436
108037
108038
108038
108039
108039
107C3A
107C3B
107C3B
107C3C
107C3D
10783D
10783E
10783F
10783F
107840
107441
107441
107442
107443
107443
107044
107045
107045
107046
107047
107048
106C48
106C49
106C4A
106C4A
106C4B
10684C
10684D
10684D
10684E
10684F
106850
106450
106451
106452
106453
106453
106054
106055
106056
106056
106057
106058
105C59
105C5A
105C5A
105C5B
105C5C
105C5D
105C5E
10585E
10585F
105860
105861
105862
105862
105463
105464
105465
105466
105467
105467
105468
105469
10506A
10506B
10506C
10506C
10506D
10506E
10506F
105070
104C71
104C72
104C73
104C73
104C74
104C75
104C76
104C77
104C78
104879
10487A
10487A
10487B
10487C
10487D
10487E
10487F
104880
104881
104882
104483
104484
104484
104485
104486
104487
104488
104489
10448A
10448B
10448C
10448D
10448E
10448F
104490
104490
104491
104092
104093
104094
104095
104096
104097
104098
104099
10409A
10409B
10409C
10409D
10409E
10409E
10409F
1040A0
1040A1
1040A2
1040A3
1040A4
1040A5
1040A6
1040A7
1040A8
1040A9
1040AA
1040AB
1040AC
1040AD
1040AD
1040AE
1040AF
1044B0
1044B1
1044B2
1044B3
1044B4
1044B5
1044B6
1044B7
1044B8
1044B9
1044BA
1044BA
1044BB
1044BC
1044BD
1044BE
1044BF
1048C0
1048C1
1048C2
1048C3
1048C4
1048C4
1048C5
1048C6
1048C7
1048C8
1048C9
104CCA
104CCB
104CCC
104CCC
104CCD
104CCE
104CCF
104CD0
104CD1
1050D2
1050D3
1050D3
1050D4
1050D5
1050D6
1050D7
1050D8
1054D9
1054D9
1054DA
1054DB
1054DC
1054DD
1054DE
1058DE
1058DF
1058E0
1058E1
1058E2
1058E2
1058E3
105CE4
105CE5
105CE6
105CE6
105CE7
105CE8
1060E9
1060EA
1060EA
1060EB
1060EC
1060ED
1064ED
1064EE
1064EF
1064F0
1064F1
1064F1
1068F2
1068F3
1068F4
1068F4
1068F5
1068F6
106CF6
106CF7
106CF8
106CF9
106CF9
1070FA
1070FB
1070FB
1070FC
1070FD
1074FE
1074FE
1074FF
107500
107500
107501
107902
107902
107903
107904
107904
107D05
107D06
107D06
107D07
107D08
108108
108109
108109
10810A
10810B
10850B
10850C
10850D
10850D
10850E
10890E
10890F
108910
108910
108911
108D11
108D12
108D13
108D13
108D14
109114
109115
109115
109116
109117
109517
109518
109518
109519
109519
10991A
10991A
10991B
109C24
109C25
109C25
109C26
109C26
109827
109828
109828
109829
109829
10942A
10942A
10942B
10942B
10942C
10902D
10902D
10902E
10902E
10902F
108C2F
108C30
108C31
108C31
108C32
108832
108833
108834
108834
108835
108436
108436
108437
108437
108438
108039
108039
10803A
10803B
10803B
107C3C
107C3D
107C3D
107C3E
107C3E
10783F
107840
107841
107841
107842
107843
107443
107444
107445
107445
107446
107047
107047
107048
107049
10704A
106C4A
106C4B
106C4C
106C4C
106C4D
106C4E
10684F
10684F
106850
106851
106852
106852
106453
106454
106455
106456
106456
106057
106058
106059
106059
10605A
10605B
10605C
105C5D
105C5D
105C5E
105C5F
105C60
105C61
105861
105862
105863
105864
105865
105866
105866
105467
105468
105469
10546A
10546B
10546C
10546C
10546D
10506E
10506F
105070
105071
105072
105072
105073
105074
104C75
104C76
104C77
104C78
104C79
104C7A
104C7A
104C7B
104C7C
104C7D
104C7E
10487F
104880
104881
104882
104883
104883
104884
104885
104886
104887
104888
104889
10488A
10488B
10448C
10448D
10448E
10448F
10448F
104490
104491
104492
104493
104494
104495
104496
104497
104498
104499
10449A
10449B
10449C
10449D
10449E
10449E
10449F
1044A0
1044A1
1044A2
1044A3
1044A4
1044A5
1044A6
1044A7
1044A8
1044A9
1044AA
1044AB
1044AC
1044AD
1044AD
1044AE
1044AF
1044B0
1044B1
1044B2
1044B3
1044B4
1044B5
1044B6
1048B7
1048B8
1048B9
1048BA
1048BA
1048BB
1048BC
1048BD
1048BE
1048BF
1048C0
1048C1
1048C2
1048C3
104CC4
104CC5
104CC5
104CC6
104CC7
104CC8
104CC9
104CCA
104CCB
104CCC
1050CD
1050CD
1050CE
1050CF
1050D0
1050D1
1050D2
1050D3
1050D4
1054D4
1054D5
1054D6
1054D7
1054D8
1054D9
1054D9
1054DA
1058DB
1058DC
1058DD
1058DE
1058DE
1058DF
1058E0
105CE1
105CE2
105CE3
105CE3
105CE4
105CE5
1060E6
1060E7
1060E7
1060E8
1060E9
1060EA
1064EB
1064EB
1064EC
1064ED
1064EE
1064EE
1068EF
1068F0
1068F1
1068F1
1068F2
1068F3
106CF4
106CF4
106CF5
106CF6
106CF7
106CF7
1070F8
1070F9
1070F9
1070FA
1070FB
1074FC
1074FC
1074FD
1074FE
1074FE
1078FF
107900
107900
107901
107902
107D02
107D03
107D04
107D04
107D05
107D06
108106
108107
108108
108108
108109
10850A
10850A
10850B
10850B
10850C
10890D
10890D
10890E
10890F
10890F
108D10
108D10
108D11
108D12
108D12
109113
109113
109114
109114
109115
109516
109516
109517
109517
109518
109918
109919
109919
10991A
10991B
109D1B
10A024
10A025
10A025
10A026
109C26
109C27
109C27
109C28
109C28
109829
10982A
10982A
10982B
10982B
10942C
10942C
10942D
10942E
10902E
10902F
10902F
109030
109030
108C31
108C32
108C32
108C33
108C34
108834
108835
108835
108836
108837
108437
108438
108438
108439
10843A
10843A
10803B
10803C
10803C
10803D
10803E
107C3E
107C3F
107C40
107C40
107C41
107842
107842
107843
107844
107844
107445
107446
107447
107447
107448
107049
107049
10704A
10704B
10704C
10704C
106C4D
106C4E
106C4F
106C4F
106C50
106C51
106852
106852
106853
106854
106855
106455
106456
106457
106458
106458
106459
10645A
10605B
10605C
10605C
10605D
10605E
10605F
105C60
105C61
105C61
105C62
105C63
105C64
105C65
105865
105866
105867
105868
105869
10586A
10586B
10546B
10546C
10546D
10546E
10546F
105470
105471
105471
105472
105073
105074
105075
105076
105077
105078
105079
105079
10507A
104C7B
104C7C
104C7D
104C7E
104C7F
104C80
104C81
104C82
104C82
104C83
104C84
104C85
104C86
104887
104888
104889
10488A
10488B
10488C
10488D
10488E
10488F
10488F
104890
104891
104892
104893
104894
104895
104896
104897
104898
104899
10489A
10489B
10489C
10489D
10489E
10489E
10489F
1048A0
1048A1
1048A2
1048A3
1048A4
1048A5
1048A6
1048A7
1048A8
1048A9
1048AA
1048AB
1048AC
1048AD
1048AE
1048AE
1048AF
1048B0
1048B1
1048B2
1048B3
1048B4
1048B5
1048B6
1048B7
1048B8
1048B9
1048BA
1048BB
104CBB
104CBC
104CBD
104CBE
104CBF
104CC0
104CC1
104CC2
104CC3
104CC4
104CC5
104CC5
104CC6
1050C7
1050C8
1050C9
1050CA
1050CB
1050CC
1050CD
1050CE
1050CE
1054CF
1054D0
1054D1
1054D2
1054D3
1054D4
1054D4
1054D5
1054D6
1058D7
1058D8
1058D9
1058DA
1058DA
1058DB
1058DC
105CDD
105CDE
105CDF
105CDF
105CE0
105CE1
105CE2
1060E3
1060E4
1060E4
1060E5
1060E6
1060E7
1064E8
1064E8
1064E9
1064EA
1064EB
1064EB
1068EC
1068ED
1068EE
1068EF
1068EF
1068F0
106CF1
106CF2
106CF2
106CF3
106CF4
106CF5
1070F5
1070F6
1070F7
1070F7
1070F8
1074F9
1074FA
1074FA
1074FB
1074FC
1074FC
1078FD
1078FE
1078FF
1078FF
107900
107D01
107D01
107D02
107D03
107D03
108104
108105
108105
108106
108107
108507
108508
108508
108509
10850A
10890A
10890B
10890C
10890C
10890D
108D0D
108D0E
108D0F
108D0F
108D10
109110
109111
109112
109112
109113
109513
109514
109515
109515
109516
109916
109917
109917
109918
109919
109D19
109D1A
109D1A
109D1B
109D1B
10A424
10A425
10A025
10A026
10A026
10A027
10A027
109C28
109C28
109C29
109C29
109C2A
10982B
10982B
10982C
10982C
10982D
10942D
10942E
10942F
10942F
109430
109030
109031
109032
109032
109033
108C33
108C34
108C35
108C35
108C36
108836
108837
108838
108838
108839
10843A
10843A
10843B
10843C
10843C
10803D
10803E
10803E
10803F
108040
107C40
107C41
107C42
107C42
107C43
107844
107844
107845
107846
107846
107847
107448
107449
107449
10744A
10744B
10704B
10704C
10704D
10704E
10704E
10704F
106C50
106C51
106C51
106C52
106C53
106854
106854
106855
106856
106857
106858
106458
106459
10645A
10645B
10645C
10645C
10645D
10605E
10605F
106060
106060
106061
106062
105C63
105C64
105C65
105C65
105C66
105C67
105C68
105C69
10586A
10586A
10586B
10586C
10586D
10586E
10586F
105870
105471
105471
105472
105473
105474
105475
105476
105477
105478
105078
105079
10507A
10507B
10507C
10507D
10507E
10507F
105080
105081
105082
104C82
104C83
104C84
104C85
104C86
104C87
104C88
104C89
104C8A
104C8B
104C8C
104C8D
104C8E
104C8E
104C8F
104C90
104C91
104C92
104893
104894
104895
104896
104897
104898
104899
10489A
10489B
10489C
10489D
10489E
10489E
10489F
1048A0
1048A1
1048A2
1048A3
1048A4
1048A5
1048A6
1048A7
1048A8
1048A9
1048AA
1048AB
1048AC
1048AD
1048AE
1048AE
104CAF
104CB0
104CB1
104CB2
104CB3
104CB4
104CB5
104CB6
104CB7
104CB8
104CB9
104CBA
104CBB
104CBC
104CBC
104CBD
104CBE
104CBF
1050C0
1050C1
1050C2
1050C3
1050C4
1050C5
1050C6
1050C6
1050C7
1050C8
1050C9
1054CA
1054CB
1054CC
1054CD
1054CE
1054CE
1054CF
1054D0
1054D1
1058D2
1058D3
1058D4
1058D5
1058D5
1058D6
1058D7
1058D8
105CD9
105CDA
105CDB
105CDB
105CDC
105CDD
105CDE
1060DF
1060E0
1060E0
1060E1
1060E2
1060E3
1060E4
1064E4
1064E5
1064E6
1064E7
1064E8
1064E8
1068E9
1068EA
1068EB
1068EC
1068EC
1068ED
106CEE
106CEF
106CEF
106CF0
106CF1
106CF2
1070F2
1070F3
1070F4
1070F5
1070F5
1070F6
1074F7
1074F8
1074F8
1074F9
1074FA
1078FA
1078FB
1078FC
1078FD
1078FD
1078FE
107CFF
107CFF
107D00
107D01
107D01
108102
108103
108103
108104
108105
108505
108506
108507
108507
108508
108909
108909
10890A
10890B
10890B
108D0C
108D0C
108D0D
108D0E
108D0E
10910F
10910F
109110
109111
109111
109512
109512
109513
109514
109514
109915
109915
109916
109916
109917
109D18
109D18
109D19
109D19
109D1A
10A11A
10A11B
10A11B
10A424
10A424
10A425
10A425
10A426
10A027
10A027
10A028
10A028
10A029
109C29
109C2A
109C2A
109C2B
109C2C
10982C
10982D
10982D
10982E
10982E
10942F
109430
109430
109431
109431
109032
109033
109033
109034
109034
108C35
108C36
108C36
108C37
108C38
108838
108839
108839
10883A
10883B
10843B
10843C
10843D
10843D
10843E
10803F
10803F
108040
108041
108041
107C42
107C43
107C43
107C44
107C45
107C46
107846
107847
107848
107848
107849
10744A
10744B
10744B
10744C
10744D
10744D
10704E
10704F
107050
107050
107051
107052
106C53
106C54
106C54
106C55
106C56
106857
106857
106858
106859
10685A
10685B
10685B
10645C
10645D
10645E
10645F
10645F
106460
106061
106062
106063
106064
106064
106065
106066
105C67
105C68
105C69
105C69
105C6A
105C6B
105C6C
105C6D
10586E
10586F
105870
105870
105871
105872
105873
105874
105875
105476
105477
105477
105478
105479
10547A
10547B
10547C
10547D
10547E
10507F
105080
105081
105081
105082
105083
105084
105085
105086
105087
105088
105089
10508A
10508B
10508C
104C8D
104C8D
104C8E
104C8F
104C90
104C91
104C92
104C93
104C94
104C95
104C96
104C97
104C98
104C99
104C9A
104C9B
104C9C
104C9D
104C9D
104C9E
104C9F
104CA0
104CA1
104CA2
104CA3
104CA4
104CA5
104CA6
104CA7
104CA8
104CA9
104CAA
104CAB
104CAC
104CAD
104CAE
104CAF
104CAF
104CB0
104CB1
104CB2
104CB3
104CB4
104CB5
1050B6
1050B7
1050B8
1050B9
1050BA
1050BB
1050BC
1050BC
1050BD
1050BE
1050BF
1050C0
1050C1
1050C2
1050C3
1054C4
1054C5
1054C6
1054C7
1054C7
1054C8
1054C9
1054CA
1054CB
1054CC
1058CD
1058CE
1058CF
1058CF
1058D0
1058D1
1058D2
1058D3
1058D4
105CD5
105CD6
105CD6
105CD7
105CD8
105CD9
105CDA
105CDB
1060DC
1060DC
1060DD
1060DE
1060DF
1060E0
1060E1
1064E1
1064E2
1064E3
1064E4
1064E5
1064E5
1068E6
1068E7
1068E8
1068E9
1068E9
1068EA
106CEB
106CEC
106CED
106CED
106CEE
106CEF
1070F0
1070F0
1070F1
1070F2
1070F3
1070F3
1074F4
1074F5
1074F6
1074F6
1074F7
1074F8
1078F8
1078F9
1078FA
1078FB
1078FB
107CFC
107CFD
107CFD
107CFE
107CFF
108100
108100
108101
108102
108102
108103
108504
108504
108505
108506
108506
108907
108908
108908
108909
108909
108D0A
108D0B
108D0B
108D0C
108D0D
10910D
10910E
10910E
10910F
109110
109510
109511
109511
109512
109513
109913
109914
109914
109915
109916
109D16
109D17
109D17
109D18
109D18
10A119
10A119
10A11A
10A11B
10A11B
10A51C
10A824
10A824
10A825
10A425
10A426
10A426
10A427
10A427
10A028
10A029
10A029
10A02A
10A02A
109C2B
109C2B
109C2C
109C2C
109C2D
10982E
10982E
10982F
10982F
109830
109431
109431
109432
109432
109433
109034
109034
109035
109035
109036
108C37
108C37
108C38
108C39
108C39
10883A
10883B
10883B
10883C
10883D
10883D
10843E
10843F
10843F
108440
108441
108041
108042
108043
108043
108044
107C45
107C45
107C46
107C47
107C48
107848
107849
10784A
10784A
10784B
10784C
10744D
10744D
10744E
10744F
107450
107450
107051
107052
107053
107053
107054
106C55
106C56
106C57
106C57
106C58
106C59
106C5A
10685A
10685B
10685C
10685D
10685E
10685F
10645F
106460
106461
106462
106463
106463
106464
106065
106066
106067
106068
106069
106069
10606A
105C6B
105C6C
105C6D
105C6E
105C6F
105C6F
105C70
105C71
105C72
105873
105874
105875
105876
105877
105877
105878
105879
10587A
10587B
10547C
10547D
10547E
10547F
105480
105480
105481
105482
105483
105484
105485
105486
105087
105088
105089
10508A
10508B
10508C
10508D
10508D
10508E
10508F
105090
105091
105092
105093
105094
105095
105096
105097
105098
105099
10509A
10509B
10509C
10509D
10509D
10509E
10509F
1050A0
1050A1
1050A2
1050A3
1050A4
1050A5
1050A6
1050A7
1050A8
1050A9
1050AA
1050AB
1050AC
1050AD
1050AE
1050AF
1050AF
1050B0
1050B1
1050B2
1050B3
1050B4
1050B5
1050B6
1050B7
1050B8
1050B9
1050BA
1050BB
1054BC
1054BD
1054BD
1054BE
1054BF
1054C0
1054C1
1054C2
1054C3
1054C4
1054C5
1054C6
1058C7
1058C8
1058C8
1058C9
1058CA
1058CB
1058CC
1058CD
1058CE
1058CF
105CD0
105CD0
105CD1
105CD2
105CD3
105CD4
105CD5
105CD6
1060D7
1060D7
1060D8
1060D9
1060DA
1060DB
1060DC
1060DC
1064DD
1064DE
1064DF
1064E0
1064E1
1064E1
1064E2
1068E3
1068E4
1068E5
1068E6
1068E6
1068E7
106CE8
106CE9
106CEA
106CEA
106CEB
106CEC
1070ED
1070ED
1070EE
1070EF
1070F0
1070F0
1074F1
1074F2
1074F3
1074F4
1074F4
1074F5
1078F6
1078F6
1078F7
1078F8
1078F9
107CF9
107CFA
107CFB
107CFC
107CFC
107CFD
1080FE
1080FE
1080FF
108100
108100
108501
108502
108502
108503
108504
108904
108905
108906
108906
108907
108908
108D08
108D09
108D0A
108D0A
108D0B
10910C
10910C
10910D
10910D
10910E
10950F
10950F
109510
109510
109511
109912
109912
109913
109913
109914
109D15
109D15
109D16
109D16
109D17
10A117
10A118
10A118
10A119
10A11A
10A51A
10A51B
10A51B
10A51C
10AC24
10A824
10A825
10A825
10A826
10A826
10A427
10A427
10A428
10A428
10A429
10A029
10A02A
10A02B
10A02B
10A02C
109C2C
109C2D
109C2D
109C2E
109C2F
10982F
109830
109830
109831
109832
109832
109433
109433
109434
109435
109435
109036
109037
109037
109038
109038
108C39
108C3A
108C3A
108C3B
108C3C
10883C
10883D
10883E
10883E
10883F
108440
108440
108441
108442
108442
108043
108044
108045
108045
108046
108047
107C47
107C48
107C49
107C4A
107C4A
10784B
10784C
10784C
10784D
10784E
10784F
10744F
107450
107451
107452
107452
107453
107054
107055
107056
107056
107057
107058
106C59
106C5A
106C5A
106C5B
106C5C
106C5D
10685E
10685E
10685F
106860
106861
106862
106863
106463
106464
106465
106466
106467
106468
106468
106069
10606A
10606B
10606C
10606D
10606E
10606E
10606F
105C70
105C71
105C72
105C73
105C74
105C75
105C76
105C76
105C77
105878
105879
10587A
10587B
10587C
10587D
10587E
10587F
10587F
105880
105881
105882
105483
105484
105485
105486
105487
105488
105489
10548A
10548B
10548C
10548C
10548D
10548E
10548F
105490
105491
105492
105493
105094
105095
105096
105097
105098
105099
10509A
10509B
10509C
10509D
10509D
10509E
10509F
1050A0
1050A1
1050A2
1050A3
1050A4
1050A5
1050A6
1050A7
1050A8
1050A9
1050AA
1050AB
1050AC
1050AD
1050AE
1054AF
1054B0
1054B0
1054B1
1054B2
1054B3
1054B4
1054B5
1054B6
1054B7
1054B8
1054B9
1054BA
1054BB
1054BC
1054BD
1054BE
1054BE
1058BF
1058C0
1058C1
1058C2
1058C3
1058C4
1058C5
1058C6
1058C7
1058C8
1058C9
1058C9
105CCA
105CCB
105CCC
105CCD
105CCE
105CCF
105CD0
105CD1
105CD1
1060D2
1060D3
1060D4
1060D5
1060D6
1060D7
1060D7
1060D8
1064D9
1064DA
1064DB
1064DC
1064DD
1064DD
1064DE
1068DF
1068E0
1068E1
1068E2
1068E2
1068E3
1068E4
106CE5
106CE6
106CE6
106CE7
106CE8
106CE9
1070EA
1070EA
1070EB
1070EC
1070ED
1070EE
1074EE
1074EF
1074F0
1074F1
1074F1
1074F2
1078F3
1078F4
1078F4
1078F5
1078F6
1078F7
107CF7
107CF8
107CF9
107CFA
107CFA
1080FB
1080FC
1080FC
1080FD
1080FE
1080FE
1084FF
108500
108501
108501
108502
108903
108903
108904
108905
108905
108D06
108D07
108D07
108D08
108D08
109109
10910A
10910A
10910B
10910C
10950C
10950D
10950E
10950E
10950F
10990F
109910
109911
109911
109912
109D12
109D13
109D14
109D14
109D15
10A115
10A116
10A116
10A117
10A118
10A518
10A519
10A519
10A51A
10A51A
10A91B
10A91B
10A91C
10AC23
10AC24
10AC24
10AC25
10AC25
10A826
10A827
10A827
10A828
10A828
10A429
10A429
10A42A
10A42A
10A42B
10A02C
10A02C
10A02D
10A02D
10A02E
109C2E
109C2F
109C30
109C30
109C31
109831
109832
109833
109833
109834
109435
109435
109436
109436
109437
109038
109038
109039
10903A
10903A
108C3B
108C3C
108C3C
108C3D
108C3E
10883E
10883F
108840
108840
108841
108842
108442
108443
108444
108444
108445
108046
108046
108047
108048
108049
107C49
107C4A
107C4B
107C4C
107C4C
107C4D
10784E
10784F
10784F
107850
107851
107852
107452
107453
107454
107455
107455
107456
107057
107058
107059
107059
10705A
10705B
106C5C
106C5D
106C5D
106C5E
106C5F
106C60
106C61
106862
106862
106863
106864
106865
106866
106867
106467
106468
106469
10646A
10646B
10646C
10646D
10606D
10606E
10606F
106070
106071
106072
106073
106074
106075
105C75
105C76
105C77
105C78
105C79
105C7A
105C7B
105C7C
105C7D
105C7E
105C7E
10587F
105880
105881
105882
105883
105884
105885
105886
105887
105888
105889
10588A
10588B
10588B
10588C
10548D
10548E
10548F
105490
105491
105492
105493
105494
105495
105496
105497
105498
105499
10549A
10549B
10549C
10549D
10549D
10549E
10549F
1054A0
1054A1
1054A2
1054A3
1054A4
1054A5
1054A6
1054A7
1054A8
1054A9
1054AA
1054AB
1054AC
1054AD
1054AE
1054AF
1054B0
1054B0
1054B1
1054B2
1054B3
1054B4
1058B5
1058B6
1058B7
1058B8
1058B9
1058BA
1058BB
1058BC
1058BD
1058BE
1058BF
1058BF
1058C0
1058C1
1058C2
105CC3
105CC4
105CC5
105CC6
105CC7
105CC8
105CC9
105CC9
105CCA
105CCB
105CCC
1060CD
1060CE
1060CF
1060D0
1060D1
1060D2
1060D2
1060D3
1064D4
1064D5
1064D6
1064D7
1064D8
1064D8
1064D9
1064DA
1068DB
1068DC
1068DD
1068DE
1068DE
1068DF
1068E0
106CE1
106CE2
106CE3
106CE3
106CE4
106CE5
106CE6
1070E7
1070E7
1070E8
1070E9
1070EA
1070EB
1074EB
1074EC
1074ED
1074EE
1074EE
1074EF
1078F0
1078F1
1078F2
1078F2
1078F3
1078F4
107CF5
107CF5
107CF6
107CF7
107CF7
107CF8
1080F9
1080FA
1080FA
1080FB
1080FC
1084FD
1084FD
1084FE
1084FF
1084FF
108900
108901
108901
108902
108903
108903
108D04
108D05
108D05
108D06
108D07
109107
109108
109109
109109
10910A
10950B
10950B
10950C
10950C
10950D
10990E
10990E
10990F
109910
109910
109D11
109D11
109D12
109D13
109D13
10A114
10A114
10A115
10A115
10A116
10A517
10A517
10A518
10A518
10A519
10A919
10A91A
10A91A
10A91B
10A91C
10AD1C
10B023
10B024
10B024
10AC25
10AC25
10AC26
10AC26
10AC27
10A827
10A828
10A829
10A829
10A82A
10A42A
10A42B
10A42B
10A42C
10A42D
10A02D
10A02E
10A02E
10A02F
10A02F
109C30
109C31
109C31
109C32
109C33
109833
109834
109834
109835
109836
109436
109437
109437
109438
109439
109039
10903A
10903B
10903B
10903C
10903D
108C3D
108C3E
108C3F
108C3F
108C40
108841
108841
108842
108843
108844
108444
108445
108446
108446
108447
108448
108048
108049
10804A
10804B
10804B
107C4C
107C4D
107C4E
107C4E
107C4F
107C50
107851
107851
107852
107853
107854
107855
107455
107456
107457
107458
107458
107459
10705A
10705B
10705C
10705D
10705D
10705E
106C5F
106C60
106C61
106C61
106C62
106C63
106C64
106865
106866
106866
106867
106868
106869
10686A
10686B
10646C
10646D
10646D
10646E
10646F
106470
106471
106472
106073
106074
106074
106075
106076
106077
106078
106079
10607A
10607B
105C7C
105C7D
105C7E
105C7E
105C7F
105C80
105C81
105C82
105C83
105C84
105C85
105C86
105C87
105C88
105889
10588A
10588B
10588B
10588C
10588D
10588E
10588F
105890
105891
105892
105893
105894
105895
105896
105897
105898
105899
10589A
10589B
10589C
10589D
10589D
10589E
10589F
1058A0
1058A1
1058A2
1058A3
1058A4
1058A5
1058A6
1058A7
1058A8
1058A9
1058AA
1058AB
1058AC
1058AD
1058AE
1058AF
1058B0
1058B1
1058B1
1058B2
1058B3
1058B4
1058B5
1058B6
1058B7
1058B8
1058B9
105CBA
105CBB
105CBC
105CBD
105CBE
105CBF
105CC0
105CC0
105CC1
105CC2
105CC3
105CC4
105CC5
1060C6
1060C7
1060C8
1060C9
1060CA
1060CA
1060CB
1060CC
1060CD
1060CE
1064CF
1064D0
1064D1
1064D2
1064D2
1064D3
1064D4
1064D5
1064D6
1068D7
1068D8
1068D9
1068D9
1068DA
1068DB
1068DC
106CDD
106CDE
106CDF
106CDF
106CE0
106CE1
106CE2
1070E3
1070E3
1070E4
1070E5
1070E6
1070E7
1070E8
1074E8
1074E9
1074EA
1074EB
1074EC
1074EC
1078ED
1078EE
1078EF
1078EF
1078F0
1078F1
107CF2
107CF2
107CF3
107CF4
107CF5
107CF5
1080F6
1080F7
1080F8
1080F8
1080F9
1084FA
1084FB
1084FB
1084FC
1084FD
1084FD
1088FE
1088FF
1088FF
108900
108901
108D02
108D02
108D03
108D04
108D04
109105
109106
109106
109107
109108
109108
109509
109509
10950A
10950B
10950B
10990C
10990D
10990D
10990E
10990E
109D0F
109D10
109D10
109D11
109D11
10A112
10A113
10A113
10A114
10A114
10A515
10A516
10A516
10A517
10A517
10A918
10A918
10A919
10A91A
10A91A
10AD1B
10AD1B
10AD1C
10AD1C
10B423
10B024
10B024
10B025
10B025
10B026
10AC26
10AC27
10AC27
10AC28
10AC28
10A829
10A82A
10A82A
10A82B
10A82B
10A42C
10A42C
10A42D
10A42E
10A42E
10A02F
10A02F
10A030
10A031
10A031
109C32
109C32
109C33
109C34
109C34
109C35
109835
109836
109837
109837
109838
109439
109439
10943A
10943B
10943B
10903C
10903D
10903D
10903E
10903F
108C3F
108C40
108C41
108C41
108C42
108843
108843
108844
108845
108845
108846
108447
108448
108448
108449
10844A
10804B
10804B
10804C
10804D
10804E
10804E
107C4F
107C50
107C51
107C51
107C52
107C53
107854
107854
107855
107856
107857
107858
107458
107459
10745A
10745B
10745C
10745C
10705D
10705E
10705F
107060
107060
107061
107062
106C63
106C64
106C65
106C66
106C66
106C67
106C68
106C69
10686A
10686B
10686C
10686C
10686D
10686E
10686F
106870
106471
106472
106473
106473
106474
106475
106476
106477
106478
106079
10607A
10607B
10607C
10607D
10607D
10607E
10607F
106080
106081
106082
106083
105C84
105C85
105C86
105C87
105C88
105C89
105C8A
105C8A
105C8B
105C8C
105C8D
105C8E
105C8F
105C90
105C91
105C92
105C93
105C94
105C95
105C96
105C97
105898
105899
10589A
10589B
10589C
10589D
10589D
10589E
10589F
1058A0
1058A1
1058A2
1058A3
1058A4
1058A5
1058A6
1058A7
1058A8
1058A9
1058AA
105CAB
105CAC
105CAD
105CAE
105CAF
105CB0
105CB1
105CB2
105CB2
105CB3
105CB4
105CB5
105CB6
105CB7
105CB8
105CB9
105CBA
105CBB
105CBC
105CBD
105CBE
1060BF
1060C0
1060C1
1060C1
1060C2
1060C3
1060C4
1060C5
1060C6
1060C7
1060C8
1060C9
1064CA
1064CB
1064CB
1064CC
1064CD
1064CE
1064CF
1064D0
1064D1
1068D2
1068D3
1068D3
1068D4
1068D5
1068D6
1068D7
1068D8
106CD9
106CDA
106CDA
106CDB
106CDC
106CDD
106CDE
106CDF
1070DF
1070E0
1070E1
1070E2
1070E3
1070E4
1074E4
1074E5
1074E6
1074E7
1074E8
1074E8
1074E9
1078EA
1078EB
1078EC
1078EC
1078ED
1078EE
107CEF
107CF0
107CF0
107CF1
107CF2
107CF3
1080F3
1080F4
1080F5
1080F6
1080F6
1080F7
1084F8
1084F9
1084F9
1084FA
1084FB
1088FB
1088FC
1088FD
1088FE
1088FE
108CFF
108D00
108D00
108D01
108D02
108D02
109103
109104
109104
109105
109106
109506
109507
109508
109508
109509
10990A
10990A
10990B
10990C
10990C
109D0D
109D0D
109D0E
109D0F
109D0F
10A110
10A110
10A111
10A112
10A112
10A513
10A513
10A514
10A515
10A515
10A516
10A916
10A917
10A917
10A918
10A919
10AD19
10AD1A
10AD1A
10AD1B
10AD1B
10B11C
10B11C
10B423
10B423
10B424
10B424
10B025
10B026
10B026
10B027
10B027
10B028
10AC28
10AC29
10AC29
10AC2A
10AC2B
10A82B
10A82C
10A82C
10A82D
10A82D
10A42E
10A42F
10A42F
10A430
10A430
10A031
10A032
10A032
10A033
10A033
109C34
109C35
109C35
109C36
109C37
109837
109838
109838
109839
10983A
10943A
10943B
10943C
10943C
10943D
10903E
10903E
10903F
109040
109040
109041
108C42
108C43
108C43
108C44
108C45
108845
108846
108847
108847
108848
108849
10844A
10844A
10844B
10844C
10844D
10804D
10804E
10804F
108050
108050
108051
107C52
107C53
107C53
107C54
107C55
107C56
107857
107857
107858
107859
10785A
10785B
10745B
10745C
10745D
10745E
10745F
107460
107460
107061
107062
107063
107064
107065
107065
107066
106C67
106C68
106C69
106C6A
106C6B
106C6B
106C6C
106C6D
10686E
10686F
106870
106871
106872
106872
106873
106874
106875
106476
106477
106478
106479
10647A
10647B
10647C
10647C
10647D
10647E
10647F
106080
106081
106082
106083
106084
106085
106086
106087
106088
106089
106089
10608A
10608B
10608C
10608D
10608E
105C8F
105C90
105C91
105C92
105C93
105C94
105C95
105C96
105C97
105C98
105C99
105C9A
105C9B
105C9C
105C9C
105C9D
105C9E
105C9F
105CA0
105CA1
105CA2
105CA3
105CA4
105CA5
105CA6
105CA7
105CA8
105CA9
105CAA
105CAB
105CAC
105CAD
105CAE
105CAF
105CB0
105CB1
105CB2
105CB2
1060B3
1060B4
1060B5
1060B6
1060B7
1060B8
1060B9
1060BA
1060BB
1060BC
1060BD
1060BE
1060BF
1060C0
1060C1
1060C1
1064C2
1064C3
1064C4
1064C5
1064C6
1064C7
1064C8
1064C9
1064CA
1064CB
1064CC
1068CC
1068CD
1068CE
1068CF
1068D0
1068D1
1068D2
1068D3
1068D4
106CD4
106CD5
106CD6
106CD7
106CD8
106CD9
106CDA
106CDA
1070DB
1070DC
1070DD
1070DE
1070DF
1070E0
1070E0
1074E1
1074E2
1074E3
1074E4
1074E5
1074E5
1078E6
1078E7
1078E8
1078E9
1078E9
1078EA
1078EB
107CEC
107CED
107CED
107CEE
107CEF
107CF0
1080F0
1080F1
1080F2
1080F3
1080F3
1080F4
1084F5
1084F6
1084F6
1084F7
1084F8
1088F9
1088F9
1088FA
1088FB
1088FC
1088FC
108CFD
108CFE
108CFE
108CFF
108D00
109100
109101
109102
109103
109103
109504
109505
109505
109506
109507
109507
109908
109908
109909
10990A
10990A
109D0B
109D0C
109D0C
109D0D
109D0E
10A10E
10A10F
10A10F
10A110
10A111
10A511
10A512
10A512
10A513
10A514
10A914
10A915
10A915
10A916
10A916
10AD17
10AD18
10AD18
10AD19
10AD19
10B11A
10B11A
10B11B
10B11C
10B11C
10B51D
10B823
10B823
10B824
10B424
10B425
10B425
10B426
10B426
10B027
10B028
10B028
10B029
10B029
10AC2A
10AC2A
10AC2B
10AC2B
10AC2C
10A82D
10A82D
10A82E
10A82E
10A82F
10A430
10A430
10A431
10A431
10A432
10A033
10A033
10A034
10A034
10A035
109C36
109C36
109C37
109C38
109C38
109C39
10983A
10983A
10983B
10983C
10983C
10943D
10943E
10943E
10943F
109440
109040
109041
109042
109042
109043
108C44
108C44
108C45
108C46
108C47
108C47
108848
108849
10884A
10884A
10884B
10844C
10844C
10844D
10844E
10844F
10844F
108050
108051
108052
108053
108053
108054
107C55
107C56
107C56
107C57
107C58
107C59
107C5A
10785A
10785B
10785C
10785D
10785E
10785F
10745F
107460
107461
107462
107463
107464
107464
107065
107066
107067
107068
107069
10706A
10706A
10706B
106C6C
106C6D
106C6E
106C6F
106C70
106C71
106C72
106C72
106873
106874
106875
106876
106877
106878
106879
10687A
10687B
10687B
10687C
10647D
10647E
10647F
106480
106481
106482
106483
106484
106485
106486
106487
106488
106488
106489
10608A
10608B
10608C
10608D
10608E
10608F
106090
106091
106092
106093
106094
106095
106096
106097
106098
106099
10609A
10609B
10609C
10609C
10609D
10609E
10609F
1060A0
1060A1
1060A2
1060A3
1060A4
1060A5
1060A6
1060A7
1060A8
1060A9
1060AA
1060AB
1060AC
1060AD
1060AE
1060AF
1060B0
1060B1
1060B2
1060B3
1060B3
1060B4
1060B5
1060B6
1060B7
1064B8
1064B9
1064BA
1064BB
1064BC
1064BD
1064BE
1064BF
1064C0
1064C1
1064C2
1064C2
1064C3
1064C4
1068C5
1068C6
1068C7
1068C8
1068C9
1068CA
1068CB
1068CC
1068CD
1068CD
106CCE
106CCF
106CD0
106CD1
106CD2
106CD3
106CD4
106CD5
106CD5
1070D6
1070D7
1070D8
1070D9
1070DA
1070DB
1070DB
1070DC
1074DD
1074DE
1074DF
1074E0
1074E1
1074E1
1074E2
1078E3
1078E4
1078E5
1078E5
1078E6
1078E7
107CE8
107CE9
107CEA
107CEA
107CEB
107CEC
107CED
1080ED
1080EE
1080EF
1080F0
1080F1
1080F1
1084F2
1084F3
1084F4
1084F4
1084F5
1088F6
1088F7
1088F7
1088F8
1088F9
1088FA
108CFA
108CFB
108CFC
108CFC
108CFD
108CFE
1090FF
1090FF
109100
109101
109101
109502
109503
109503
109504
109505
109905
109906
109907
109907
109908
109D09
109D09
109D0A
109D0B
109D0B
109D0C
10A10C
10A10D
10A10E
10A10E
10A10F
10A510
10A510
10A511
10A511
10A512
10A913
10A913
10A914
10A914
10A915
10AD16
10AD16
10AD17
10AD17
10AD18
10B118
10B119
10B119
10B11A
10B11B
10B51B
10B51C
10B51C
10B51D
10BC23
10B823
10B824
10B824
10B825
10B825
10B426
10B426
10B427
10B427
10B428
10B029
10B029
10B02A
10B02A
10B02B
10AC2B
10AC2C
10AC2C
10AC2D
10AC2E
10A82E
10A82F
10A82F
10A830
10A831
10A831
10A432
10A432
10A433
10A434
10A434
10A035
10A036
10A036
10A037
10A037
109C38
109C39
109C39
109C3A
109C3B
10983B
10983C
10983D
10983D
10983E
10943F
10943F
109440
109441
109441
109442
109043
109044
109044
109045
109046
108C46
108C47
108C48
108C49
108C49
108C4A
10884B
10884C
10884C
10884D
10884E
10844F
10844F
108450
108451
108452
108452
108053
108054
108055
108056
108056
108057
108058
107C59
107C5A
107C5A
107C5B
107C5C
107C5D
10785E
10785E
10785F
107860
107861
107862
107863
107463
107464
107465
107466
107467
107468
107469
107469
10706A
10706B
10706C
10706D
10706E
10706F
107070
107071
106C71
106C72
106C73
106C74
106C75
106C76
106C77
106C78
106C79
106C7A
10687A
10687B
10687C
10687D
10687E
10687F
106880
106881
106882
106883
106884
106885
106486
106487
106487
106488
106489
10648A
10648B
10648C
10648D
10648E
10648F
106490
106491
106492
106493
106494
106495
106496
106497
106498
106499
10649A
10649B
10649C
10649C
10649D
10649E
10649F
1064A0
1064A1
1064A2
1064A3
1064A4
1064A5
1064A6
1064A7
1064A8
1064A9
1064AA
1064AB
1064AC
1064AD
1064AE
1064AF
1064B0
1064B1
1064B2
1064B3
1064B4
1064B4
1064B5
1064B6
1064B7
1064B8
1064B9
1064BA
1064BB
1064BC
1068BD
1068BE
1068BF
1068C0
1068C1
1068C2
1068C3
1068C3
1068C4
1068C5
1068C6
1068C7
106CC8
106CC9
106CCA
106CCB
106CCC
106CCD
106CCE
106CCE
106CCF
106CD0
1070D1
1070D2
1070D3
1070D4
1070D5
1070D6
1070D6
1070D7
1074D8
1074D9
1074DA
1074DB
1074DC
1074DC
1074DD
1074DE
1078DF
1078E0
1078E1
1078E1
1078E2
1078E3
1078E4
107CE5
107CE6
107CE6
107CE7
107CE8
107CE9
1080EA
1080EA
1080EB
1080EC
1080ED
1080EE
1084EE
1084EF
1084F0
1084F1
1084F1
1084F2
1088F3
1088F4
1088F5
1088F5
1088F6
1088F7
108CF8
108CF8
108CF9
108CFA
108CFA
108CFB
1090FC
1090FD
1090FD
1090FE
1090FF
1094FF
109500
109501
109501
109502
109503
109904
109904
109905
109906
109906
109D07
109D08
109D08
109D09
109D09
10A10A
10A10B
10A10B
10A10C
10A10D
10A50D
10A50E
10A50F
10A50F
10A510
10A910
10A911
10A912
10A912
10A913
10AD13
10AD14
10AD15
10AD15
10AD16
10AD16
10B117
10B117
10B118
10B119
10B119
10B51A
10B51A
10B51B
10B51B
10B51C
10B91C
10B91D
10BC22
10BC23
10BC23
10BC24
10B824
10B825
10B826
10B826
10B827
10B427
10B428
10B428
10B429
10B429
10B42A
10B02B
10B02B
10B02C
10B02C
10B02D
10AC2D
10AC2E
10AC2F
10AC2F
10AC30
10A830
10A831
10A832
10A832
10A833
10A434
10A434
10A435
10A435
10A436
10A037
10A037
10A038
10A039
10A039
109C3A
109C3B
109C3B
109C3C
109C3D
109C3D
10983E
10983F
10983F
109840
109841
109441
109442
109443
109443
109444
109445
109046
109046
109047
109048
109048
108C49
108C4A
108C4B
108C4B
108C4C
108C4D
10884E
10884E
10884F
108850
108851
108852
108452
108453
108454
108455
108455
108456
108057
108058
108059
108059
10805A
10805B
107C5C
107C5D
107C5E
107C5E
107C5F
107C60
107C61
107862
107863
107863
107864
107865
107866
107867
107468
107469
107469
10746A
10746B
10746C
10746D
10746E
10706F
107070
107070
107071
107072
107073
107074
107075
107076
107077
106C78
106C79
106C79
106C7A
106C7B
106C7C
106C7D
106C7E
106C7F
106C80
106C81
106882
106883
106884
106885
106886
106886
106887
106888
106889
10688A
10688B
10688C
10688D
10688E
10688F
106890
106891
106892
106493
106494
106495
106496
106497
106498
106499
10649A
10649B
10649C
10649C
10649D
10649E
10649F
1064A0
1064A1
1064A2
1064A3
1064A4
1064A5
1064A6
1064A7
1064A8
1064A9
1064AA
1064AB
1064AC
1064AD
1064AE
1064AF
1068B0
1068B1
1068B2
1068B3
1068B4
1068B5
1068B5
1068B6
1068B7
1068B8
1068B9
1068BA
1068BB
1068BC
1068BD
1068BE
1068BF
1068C0
106CC1
106CC2
106CC3
106CC4
106CC4
106CC5
106CC6
106CC7
106CC8
106CC9
106CCA
1070CB
1070CC
1070CD
1070CE
1070CF
1070CF
1070D0
1070D1
1070D2
1070D3
1074D4
1074D5
1074D6
1074D6
1074D7
1074D8
1074D9
1074DA
1078DB
1078DC
1078DD
1078DD
1078DE
1078DF
1078E0
107CE1
107CE2
107CE2
107CE3
107CE4
107CE5
107CE6
1080E7
1080E7
1080E8
1080E9
1080EA
1080EB
1084EB
1084EC
1084ED
1084EE
1084EF
1084EF
1088F0
1088F1
1088F2
1088F2
1088F3
1088F4
108CF5
108CF5
108CF6
108CF7
108CF8
108CF8
1090F9
1090FA
1090FB
1090FB
1090FC
1094FD
1094FD
1094FE
1094FF
109500
109500
109901
109902
109902
109903
109904
109D04
109D05
109D06
109D06
109D07
10A108
10A108
10A109
10A10A
10A10A
10A10B
10A50C
10A50C
10A50D
10A50D
10A50E
10A90F
10A90F
10A910
10A911
10A911
10AD12
10AD12
10AD13
10AD14
10AD14
10B115
10B115
10B116
10B116
10B117
10B518
10B518
10B519
10B519
10B51A
10B91A
10B91B
10B91B
10B91C
10B91D
10B91D
10C022
10C023
10C023
10BC24
10BC24
10BC25
10BC25
10BC26
10B827
10B827
10B828
10B828
10B829
10B429
10B42A
10B42A
10B42B
10B42C
10B02C
10B02D
10B02D
10B02E
10B02F
10AC2F
10AC30
10AC30
10AC31
10AC32
10A832
10A833
10A833
10A834
10A835
10A835
10A436
10A437
10A437
10A438
10A438
10A039
10A03A
10A03A
10A03B
10A03C
109C3C
109C3D
109C3E
109C3E
109C3F
109840
109840
109841
109842
109843
109843
109444
109445
109445
109446
109447
109048
109048
109049
10904A
10904B
10904B
108C4C
108C4D
108C4E
108C4E
108C4F
108C50
108851
108851
108852
108853
108854
108854
108455
108456
108457
108458
108458
108459
10805A
10805B
10805C
10805D
10805D
10805E
10805F
107C60
107C61
107C62
107C62
107C63
107C64
107C65
107866
107867
107868
107868
107869
10786A
10786B
10786C
10746D
10746E
10746F
10746F
107470
107471
107472
107473
107474
107075
107076
107077
107078
107078
107079
10707A
10707B
10707C
10707D
10707E
106C7F
106C80
106C81
106C82
106C83
106C84
106C85
106C85
106C86
106C87
106C88
106C89
106C8A
106C8B
10688C
10688D
10688E
10688F
106890
106891
106892
106893
106894
106895
106896
106897
106898
106899
10689A
10689B
10689B
10689C
10689D
10689E
10689F
1068A0
1068A1
1068A2
1068A3
1068A4
1068A5
1068A6
1068A7
1068A8
1068A9
1068AA
1068AB
1068AC
1068AD
1068AE
1068AF
1068B0
1068B1
1068B2
1068B3
1068B4
1068B5
106CB5
106CB6
106CB7
106CB8
106CB9
106CBA
106CBB
106CBC
106CBD
106CBE
106CBF
106CC0
106CC1
106CC2
106CC3
1070C4
1070C5
1070C5
1070C6
1070C7
1070C8
1070C9
1070CA
1070CB
1070CC
1070CD
1074CE
1074CF
1074CF
1074D0
1074D1
1074D2
1074D3
1074D4
1074D5
1078D6
1078D7
1078D7
1078D8
1078D9
1078DA
1078DB
1078DC
107CDD
107CDE
107CDE
107CDF
107CE0
107CE1
107CE2
1080E3
1080E3
1080E4
1080E5
1080E6
1080E7
1080E8
1084E8
1084E9
1084EA
1084EB
1084EC
1084EC
1088ED
1088EE
1088EF
1088EF
1088F0
1088F1
108CF2
108CF3
108CF3
108CF4
108CF5
108CF6
1090F6
1090F7
1090F8
1090F9
1090F9
1090FA
1094FB
1094FB
1094FC
1094FD
1094FE
1098FE
1098FF
109900
109900
109901
109D02
109D02
109D03
109D04
109D05
109D05
10A106
10A107
10A107
10A108
10A108
10A509
10A50A
10A50A
10A50B
10A50C
10A90C
10A90D
10A90E
10A90E
10A90F
10AD0F
10AD10
10AD11
10AD11
10AD12
10AD12
10B113
10B114
10B114
10B115
10B115
10B516
10B517
10B517
10B518
10B518
10B919
10B919
10B91A
10B91B
10B91B
10BD1C
10BD1C
10BD1D
10BD1D
10C422
10C023
10C023
10C024
10C024
10C025
10BC25
10BC26
10BC26
10BC27
10BC27
10B828
10B829
10B829
10B82A
10B82A
10B42B
10B42B
10B42C
10B42D
10B42D
10B42E
10B02E
10B02F
10B030
10B030
10B031
10AC31
10AC32
10AC33
10AC33
10AC34
10A834
10A835
10A836
10A836
10A837
10A438
10A438
10A439
10A43A
10A43A
10A03B
10A03C
10A03C
10A03D
10A03E
10A03E
109C3F
109C40
109C40
109C41
109C42
109842
109843
109844
109845
109845
109846
109447
109447
109448
109449
10944A
10904A
10904B
10904C
10904D
10904D
10904E
108C4F
108C50
108C50
108C51
108C52
108C53
108854
108854
108855
108856
108857
108858
108458
108459
10845A
10845B
10845C
10845C
10845D
10805E
10805F
108060
108061
108061
108062
108063
107C64
107C65
107C66
107C67
107C67
107C68
107C69
107C6A
10786B
10786C
10786D
10786E
10786E
10786F
107870
107871
107472
107473
107474
107475
107476
107477
107477
107478
107479
10747A
10707B
10707C
10707D
10707E
10707F
107080
107081
107082
107083
107084
107084
107085
107086
107087
106C88
106C89
106C8A
106C8B
106C8C
106C8D
106C8E
106C8F
106C90
106C91
106C92
106C93
106C94
106C95
106C96
106C97
106C98
106C99
106C9A
106C9B
106C9B
106C9C
106C9D
106C9E
106C9F
106CA0
106CA1
106CA2
106CA3
106CA4
106CA5
106CA6
106CA7
106CA8
106CA9
106CAA
106CAB
106CAC
106CAD
106CAE
106CAF
106CB0
106CB1
106CB2
106CB3
106CB4
106CB5
106CB6
106CB6
106CB7
106CB8
106CB9
1070BA
1070BB
1070BC
1070BD
1070BE
1070BF
1070C0
1070C1
1070C2
1070C3
1070C4
1070C5
1070C6
1070C6
1074C7
1074C8
1074C9
1074CA
1074CB
1074CC
1074CD
1074CE
1074CF
1074D0
1078D0
1078D1
1078D2
1078D3
1078D4
1078D5
1078D6
1078D7
107CD8
107CD8
107CD9
107CDA
107CDB
107CDC
107CDD
107CDE
1080DE
1080DF
1080E0
1080E1
1080E2
1080E3
1080E4
1084E4
1084E5
1084E6
1084E7
1084E8
1084E8
1088E9
1088EA
1088EB
1088EC
1088EC
1088ED
1088EE
108CEF
108CF0
108CF0
108CF1
108CF2
108CF3
1090F3
1090F4
1090F5
1090F6
1090F6
1090F7
1094F8
1094F9
1094F9
1094FA
1094FB
1098FC
1098FC
1098FD
1098FE
1098FE
1098FF
109D00
109D01
109D01
109D02
109D03
10A103
10A104
10A105
10A105
10A106
10A507
10A507
10A508
10A509
10A509
10A50A
10A90B
10A90B
10A90C
10A90D
10A90D
10AD0E
10AD0E
10AD0F
10AD10
10AD10
10B111
10B111
10B112
10B113
10B113
10B514
10B514
10B515
10B516
10B516
10B917
10B917
10B918
10B918
10B919
10B91A
10BD1A
10BD1B
10BD1B
10BD1C
10BD1C
10C11D
10C11D
10C422
10C422
10C423
10C423
10C024
10C025
10C025
10C026
10C026
10C027
10BC27
10BC28
10BC28
10BC29
10BC2A
10B82A
10B82B
10B82B
10B82C
10B82C
10B42D
10B42E
10B42E
10B42F
10B42F
10B030
10B031
10B031
10B032
10B032
10AC33
10AC34
10AC34
10AC35
10AC36
10AC36
10A837
10A837
10A838
10A839
10A839
10A43A
10A43B
10A43B
10A43C
10A43D
10A03D
10A03E
10A03F
10A03F
10A040
10A041
109C42
109C42
109C43
109C44
109C44
109845
109846
109847
109847
109848
109849
10944A
10944A
10944B
10944C
10944C
10904D
10904E
10904F
109050
109050
109051
108C52
108C53
108C53
108C54
108C55
108C56
108C57
108857
108858
108859
10885A
10885B
10885B
10845C
10845D
10845E
10845F
108460
108460
108461
108062
108063
108064
108065
108066
108066
108067
108068
107C69
107C6A
107C6B
107C6C
107C6D
107C6D
107C6E
107C6F
107870
107871
107872
107873
107874
107875
107876
107876
107877
107478
107479
10747A
10747B
10747C
10747D
10747E
10747F
107480
107481
107482
107483
107483
107084
107085
107086
107087
107088
107089
10708A
10708B
10708C
10708D
10708E
10708F
107090
107091
107092
107093
107094
107095
107096
107097
107098
107099
106C9A
106C9B
106C9B
106C9C
106C9D
106C9E
106C9F
106CA0
106CA1
106CA2
106CA3
106CA4
106CA5
106CA6
106CA7
106CA8
1070A9
1070AA
1070AB
1070AC
1070AD
1070AE
1070AF
1070B0
1070B1
1070B2
1070B3
1070B4
1070B5
1070B6
1070B7
1070B7
1070B8
1070B9
1070BA
1070BB
1070BC
1070BD
1074BE
1074BF
1074C0
1074C1
1074C2
1074C3
1074C4
1074C5
1074C6
1074C7
1074C7
1074C8
1078C9
1078CA
1078CB
1078CC
1078CD
1078CE
1078CF
1078D0
1078D1
1078D1
107CD2
107CD3
107CD4
107CD5
107CD6
107CD7
107CD8
107CD9
1080D9
1080DA
1080DB
1080DC
1080DD
1080DE
1080DF
1080DF
1084E0
1084E1
1084E2
1084E3
1084E4
1084E4
1084E5
1088E6
1088E7
1088E8
1088E9
1088E9
1088EA
108CEB
108CEC
108CED
108CED
108CEE
108CEF
1090F0
1090F1
1090F1
1090F2
1090F3
1090F4
1094F4
1094F5
1094F6
1094F7
1094F7
1094F8
1098F9
1098FA
1098FA
1098FB
1098FC
1098FC
109CFD
109CFE
109CFF
109CFF
109D00
10A101
10A101
10A102
10A103
10A103
10A104
10A505
10A506
10A506
10A507
10A507
10A908
10A909
10A909
10A90A
10A90B
10AD0B
10AD0C
10AD0D
10AD0D
10AD0E
10AD0F
10B10F
10B110
10B110
10B111
10B112
10B512
10B513
10B513
10B514
10B515
10B915
10B916
10B916
10B917
10B917
10BD18
10BD19
10BD19
10BD1A
10BD1A
10C11B
10C11B
10C11C
10C11C
10C11D
10C11E
10C822
10C822
10C823
10C423
10C424
10C424
10C425
10C425
10C026
10C027
10C027
10C028
10C028
10BC29
10BC29
10BC2A
10BC2B
10BC2B
10B82C
10B82C
10B82D
10B82D
10B82E
10B82F
10B42F
10B430
10B430
10B431
10B432
10B032
10B033
10B034
10B034
10B035
10AC35
10AC36
10AC37
10AC37
10AC38
10A839
10A839
10A83A
10A83B
10A83B
10A83C
10A43D
10A43D
10A43E
10A43F
10A43F
10A040
10A041
10A041
10A042
10A043
109C44
109C44
109C45
109C46
109C46
109C47
109848
109849
109849
10984A
10984B
10984C
10944C
10944D
10944E
10944F
10944F
109450
109051
109052
109053
109053
109054
109055
108C56
108C56
108C57
108C58
108C59
108C5A
10885B
10885B
10885C
10885D
10885E
10885F
108860
108460
108461
108462
108463
108464
108465
108465
108066
108067
108068
108069
10806A
10806B
10806C
10806C
10806D
107C6E
107C6F
107C70
107C71
107C72
107C73
107C74
107C75
107C75
107876
107877
107878
107879
10787A
10787B
10787C
10787D
10787E
10787F
107880
107481
107482
107482
107483
107484
107485
107486
107487
107488
107489
10748A
10748B
10748C
10748D
10748E
10748F
107490
107091
107092
107093
107094
107095
107096
107097
107098
107099
10709A
10709A
10709B
10709C
10709D
10709E
10709F
1070A0
1070A1
1070A2
1070A3
1070A4
1070A5
1070A6
1070A7
1070A8
1070A9
1070AA
1070AB
1070AC
1070AD
1070AE
1070AF
1070B0
1070B1
1074B2
1074B3
1074B4
1074B5
1074B6
1074B7
1074B8
1074B8
1074B9
1074BA
1074BB
1074BC
1074BD
1074BE
1074BF
1074C0
1074C1
1078C2
1078C3
1078C4
1078C5
1078C6
1078C7
1078C8
1078C8
1078C9
1078CA
1078CB
107CCC
107CCD
107CCE
107CCF
107CD0
107CD1
107CD2
107CD2
107CD3
1080D4
1080D5
1080D6
1080D7
1080D8
1080D9
1080DA
1080DA
1084DB
1084DC
1084DD
1084DE
1084DF
1084E0
1084E0
1084E1
1088E2
1088E3
1088E4
1088E5
1088E5
1088E6
1088E7
108CE8
108CE9
108CEA
108CEA
108CEB
108CEC
1090ED
1090EE
1090EE
1090EF
1090F0
1090F1
1094F1
1094F2
1094F3
1094F4
1094F4
1094F5
1098F6
1098F7
1098F8
1098F8
1098F9
1098FA
109CFA
109CFB
109CFC
109CFD
109CFD
10A0FE
10A0FF
10A0FF
10A100
10A101
10A102
10A502
10A503
10A504
10A504
10A505
10A906
10A906
10A907
10A908
10A908
10A909
10AD0A
10AD0A
10AD0B
10AD0C
10AD0C
10B10D
10B10D
10B10E
10B10F
10B10F
10B510
10B511
10B511
10B512
10B512
10B913
10B914
10B914
10B915
10B915
10B916
10BD16
10BD17
10BD18
10BD18
10BD19
10C119
10C11A
10C11A
10C11B
10C11C
10C51C
10C51D
10C51D
10C51E
10CC22
10C822
10C823
10C823
10C824
10C824
10C425
10C425
10C426
10C426
10C427
10C028
10C028
10C029
10C029
10C02A
10C02A
10BC2B
10BC2C
10BC2C
10BC2D
10BC2D
10B82E
10B82E
10B82F
10B830
10B830
10B431
10B431
10B432
10B433
10B433
10B034
10B035
10B035
10B036
10B037
10B037
10AC38
10AC38
10AC39
10AC3A
10AC3A
10A83B
10A83C
10A83C
10A83D
10A83E
10A43E
10A43F
10A440
10A441
10A441
10A442
10A043
10A043
10A044
10A045
10A046
109C46
109C47
109C48
109C48
109C49
109C4A
10984B
10984B
10984C
10984D
10984E
10984E
10944F
109450
109451
109452
109452
109453
109054
109055
109056
109056
109057
109058
109059
108C5A
108C5A
108C5B
108C5C
108C5D
108C5E
10885F
10885F
108860
108861
108862
108863
108864
108465
108465
108466
108467
108468
108469
10846A
10846B
10806B
10806C
10806D
10806E
10806F
108070
108071
108072
108073
107C74
107C74
107C75
107C76
107C77
107C78
107C79
107C7A
107C7B
107C7C
107C7D
10787E
10787F
107880
107881
107881
107882
107883
107884
107885
107886
107887
107888
107889
10788A
10748B
10748C
10748D
10748E
10748F
107490
107491
107492
107493
107494
107495
107496
107497
107498
107499
10749A
10749A
10749B
10749C
10749D
10749E
10749F
1074A0
1074A1
1074A2
1074A3
1074A4
1074A5
1074A6
1074A7
1074A8
1074A9
1074AA
1074AB
1074AC
1074AD
1074AE
1074AF
1074B0
1074B1
1074B2
1074B3
1074B4
1074B5
1074B6
1074B7
1078B8
1078B9
1078B9
1078BA
1078BB
1078BC
1078BD
1078BE
1078BF
1078C0
1078C1
1078C2
1078C3
1078C4
107CC5
107CC6
107CC7
107CC8
107CC9
107CC9
107CCA
107CCB
107CCC
107CCD
107CCE
1080CF
1080D0
1080D1
1080D2
1080D3
1080D3
1080D4
1080D5
1080D6
1084D7
1084D8
1084D9
1084DA
1084DB
1084DB
1084DC
1088DD
1088DE
1088DF
1088E0
1088E1
1088E1
1088E2
1088E3
108CE4
108CE5
108CE6
108CE6
108CE7
108CE8
1090E9
1090EA
1090EA
1090EB
1090EC
1090ED
1090EE
1094EE
1094EF
1094F0
1094F1
1094F2
1094F2
1098F3
1098F4
1098F5
1098F5
1098F6
1098F7
109CF8
109CF8
109CF9
109CFA
109CFB
10A0FB
10A0FC
10A0FD
10A0FD
10A0FE
10A0FF
10A500
10A500
10A501
10A502
10A502
10A503
10A904
10A904
10A905
10A906
10A906
10AD07
10AD08
10AD08
10AD09
10AD0A
10B10A
10B10B
10B10C
10B10C
10B10D
10B10E
10B50E
10B50F
10B50F
10B510
10B511
10B911
10B912
10B913
10B913
10B914
10BD14
10BD15
10BD15
10BD16
10BD17
10C117
10C118
10C118
10C119
10C119
10C51A
10C51B
10C51B
10C51C
10C51C
10C51D
10C91D
10C91E
10CC21
10CC22
10CC22
10CC23
10CC24
10C824
10C825
10C825
10C826
10C826
10C427
10C427
10C428
10C428
10C429
10C02A
10C02A
10C02B
10C02B
10C02C
10BC2D
10BC2D
10BC2E
10BC2E
10BC2F
10BC30
10B830
10B831
10B831
10B832
10B833
10B433
10B434
10B434
10B435
10B436
10B036
10B037
10B038
10B038
10B039
10AC3A
10AC3A
10AC3B
10AC3C
10AC3C
10AC3D
10A83E
10A83E
10A83F
10A840
10A840
10A441
10A442
10A443
10A443
10A444
10A445
10A045
10A046
10A047
10A048
10A048
10A049
109C4A
109C4B
109C4B
109C4C
109C4D
10984E
10984E
10984F
109850
109851
109851
109452
109453
109454
109455
109455
109456
109457
109058
109059
109059
10905A
10905B
10905C
108C5D
108C5E
108C5E
108C5F
108C60
108C61
108C62
108863
108864
108864
108865
108866
108867
108868
108869
10846A
10846B
10846B
10846C
10846D
10846E
10846F
108470
108471
108072
108073
108073
108074
108075
108076
108077
108078
108079
10807A
107C7B
107C7C
107C7D
107C7E
107C7F
107C80
107C80
107C81
107C82
107C83
107C84
107C85
107C86
107887
107888
107889
10788A
10788B
10788C
10788D
10788E
10788F
107890
107891
107892
107893
107894
107895
107896
107897
107898
107899
107899
10789A
10789B
10789C
10789D
10789E
10789F
1078A0
1078A1
1078A2
1078A3
1078A4
1078A5
1078A6
1078A7
1078A8
1078A9
1078AA
1078AB
1078AC
1078AD
1078AE
1078AF
1078B0
1078B1
1078B2
1078B3
1078B4
1078B5
1078B6
1078B7
1078B8
1078B9
1078BA
1078BA
107CBB
107CBC
107CBD
107CBE
107CBF
107CC0
107CC1
107CC2
107CC3
107CC4
107CC5
107CC6
107CC7
1080C8
1080C9
1080CA
1080CA
1080CB
1080CC
1080CD
1080CE
1080CF
1080D0
1084D1
1084D2
1084D3
1084D4
1084D4
1084D5
1084D6
1084D7
1084D8
1088D9
1088DA
1088DB
1088DB
1088DC
1088DD
1088DE
108CDF
108CE0
108CE1
108CE1
108CE2
108CE3
108CE4
108CE5
1090E6
1090E7
1090E7
1090E8
1090E9
1090EA
1094EB
1094EB
1094EC
1094ED
1094EE
1094EF
1098EF
1098F0
1098F1
1098F2
1098F2
1098F3
1098F4
109CF5
109CF6
109CF6
109CF7
109CF8
10A0F9
10A0F9
10A0FA
10A0FB
10A0FB
10A0FC
10A4FD
10A4FE
10A4FE
10A4FF
10A500
10A500
10A901
10A902
10A903
10A903
10A904
10AD05
10AD05
10AD06
10AD07
10AD07
10B108
10B109
10B109
10B10A
10B10B
10B10B
10B50C
10B50D
10B50D
10B50E
10B50E
10B90F
10B910
10B910
10B911
10B911
10BD12
10BD13
10BD13
10BD14
10BD14
10BD15
10C116
10C116
10C117
10C117
10C118
10C519
10C519
10C51A
10C51A
10C51B
10C91B
10C91C
10C91C
10C91D
10C91E
10CD1E
10D021
10D022
10D022
10CC23
10CC23
10CC24
10CC24
10CC25
10C826
10C826
10C827
10C827
10C828
10C428
10C429
10C429
10C42A
10C42B
10C42B
10C02C
10C02C
10C02D
10C02E
10C02E
10BC2F
10BC2F
10BC30
10BC31
10BC31
10B832
10B832
10B833
10B834
10B834
10B835
10B436
10B436
10B437
10B438
10B438
10B039
10B039
10B03A
10B03B
10B03B
10AC3C
10AC3D
10AC3E
10AC3E
10AC3F
10AC40
10A840
10A841
10A842
10A842
10A843
10A444
10A445
10A445
10A446
10A447
10A447
10A048
10A049
10A04A
10A04A
10A04B
10A04C
109C4D
109C4D
109C4E
109C4F
109C50
109C51
109851
109852
109853
109854
109854
109855
109456
109457
109458
109459
109459
10945A
10945B
10905C
10905D
10905D
10905E
10905F
109060
109061
108C62
108C63
108C63
108C64
108C65
108C66
108C67
108868
108869
10886A
10886A
10886B
10886C
10886D
10886E
10846F
108470
108471
108472
108472
108473
108474
108475
108476
108477
108078
108079
10807A
10807B
10807C
10807D
10807E
10807F
10807F
108080
108081
108082
107C83
107C84
107C85
107C86
107C87
107C88
107C89
107C8A
107C8B
107C8C
107C8D
107C8E
107C8F
107C90
107C91
107C92
107C93
107C94
107C95
107C96
107C97
107C98
107899
107899
10789A
10789B
10789C
10789D
10789E
10789F
1078A0
1078A1
1078A2
1078A3
1078A4
1078A5
1078A6
1078A7
1078A8
1078A9
107CAA
107CAB
107CAC
107CAD
107CAE
107CAF
107CB0
107CB1
107CB2
107CB3
107CB4
107CB5
107CB6
107CB7
107CB8
107CB9
107CBA
107CBB
107CBC
107CBC
107CBD
107CBE
1080BF
1080C0
1080C1
1080C2
1080C3
1080C4
1080C5
1080C6
1080C7
1080C8
1080C9
1080CA
1084CB
1084CB
1084CC
1084CD
1084CE
1084CF
1084D0
1084D1
1084D2
1088D3
1088D4
1088D5
1088D5
1088D6
1088D7
1088D8
1088D9
1088DA
108CDB
108CDC
108CDC
108CDD
108CDE
108CDF
108CE0
1090E1
1090E2
1090E2
1090E3
1090E4
1090E5
1090E6
1094E7
1094E7
1094E8
1094E9
1094EA
1094EB
1094EC
1098EC
1098ED
1098EE
1098EF
1098F0
1098F0
109CF1
109CF2
109CF3
109CF3
109CF4
109CF5
10A0F6
10A0F6
10A0F7
10A0F8
10A0F9
10A0F9
10A4FA
10A4FB
10A4FC
10A4FC
10A4FD
10A4FE
10A8FF
10A8FF
10A900
10A901
10A901
10AD02
10AD03
10AD03
10AD04
10AD05
10AD05
10B106
10B107
10B107
10B108
10B109
10B509
10B50A
10B50B
10B50B
10B50C
10B90D
10B90D
10B90E
10B90F
10B90F
10B910
10BD10
10BD11
10BD12
10BD12
10BD13
10C113
10C114
10C115
10C115
10C116
10C516
10C517
10C518
10C518
10C519
10C919
10C91A
10C91A
10C91B
10C91B
10C91C
10CD1D
10CD1D
10CD1E
10CD1E
10D421
10D022
10D022
10D023
10D023
10D024
10CC24
10CC25
10CC25
10CC26
10CC26
10CC27
10C828
10C828
10C829
10C829
10C82A
10C42A
10C42B
10C42C
10C42C
10C42D
10C02D
10C02E
10C02F
10C02F
10C030
10C030
10BC31
10BC32
10BC32
10BC33
10BC34
10B834
10B835
10B835
10B836
10B837
10B437
10B438
10B439
10B439
10B43A
10B43B
10B03B
10B03C
10B03D
10B03D
10B03E
10AC3F
10AC3F
10AC40
10AC41
10AC42
10AC42
10A843
10A844
10A844
10A845
10A846
10A447
10A447
10A448
10A449
10A44A
10A44A
10A04B
10A04C
10A04D
10A04D
10A04E
10A04F
109C50
109C50
109C51
109C52
109C53
109C54
109854
109855
109856
109857
109858
109858
109859
10945A
10945B
10945C
10945D
10945D
10945E
10945F
109060
109061
109062
109062
109063
109064
109065
108C66
108C67
108C68
108C69
108C69
108C6A
108C6B
108C6C
10886D
10886E
10886F
108870
108871
108871
108872
108873
108874
108475
108476
108477
108478
108479
10847A
10847B
10847C
10847D
10847E
10847E
10847F
108080
108081
108082
108083
108084
108085
108086
108087
108088
108089
10808A
10808B
10808C
10808D
10808E
10808F
108090
107C91
107C92
107C93
107C94
107C95
107C96
107C97
107C98
107C98
107C99
107C9A
107C9B
107C9C
107C9D
107C9E
107C9F
107CA0
107CA1
107CA2
107CA3
107CA4
107CA5
107CA6
107CA7
107CA8
107CA9
107CAA
107CAB
107CAC
107CAD
107CAE
107CAF
107CB0
107CB1
1080B2
1080B3
1080B4
1080B5
1080B6
1080B7
1080B8
1080B9
1080BA
1080BB
1080BC
1080BD
1080BD
1080BE
1080BF
1080C0
1080C1
1084C2
1084C3
1084C4
1084C5
1084C6
1084C7
1084C8
1084C9
1084CA
1084CB
1084CC
1088CC
1088CD
1088CE
1088CF
1088D0
1088D1
1088D2
1088D3
1088D4
1088D5
108CD6
108CD6
108CD7
108CD8
108CD9
108CDA
108CDB
108CDC
1090DD
1090DD
1090DE
1090DF
1090E0
1090E1
1090E2
1094E3
1094E3
1094E4
1094E5
1094E6
1094E7
1094E8
1098E8
1098E9
1098EA
1098EB
1098EC
1098EC
1098ED
109CEE
109CEF
109CF0
109CF0
109CF1
109CF2
10A0F3
10A0F4
10A0F4
10A0F5
10A0F6
10A0F7
10A4F7
10A4F8
10A4F9
10A4FA
10A4FA
10A4FB
10A8FC
10A8FC
10A8FD
10A8FE
10A8FF
10ACFF
10AD00
10AD01
10AD01
10AD02
10AD03
10B104
10B104
10B105
10B106
10B106
10B507
10B508
10B508
10B509
10B50A
10B50A
10B90B
10B90C
10B90C
10B90D
10B90D
10BD0E
10BD0F
10BD0F
10BD10
10BD11
10C111
10C112
10C112
10C113
10C114
10C114
10C515
10C515
10C516
10C517
10C517
10C918
10C918
10C919
10C919
10C91A
10CD1B
10CD1B
10CD1C
10CD1C
10CD1D
10D11D
10D11E
10D11E
10D421
10D421
10D422
10D423
10D423
10D024
10D024
10D025
10D025
10D026
10CC26
10CC27
10CC27
10CC28
10CC29
10C829
10C82A
10C82A
10C82B
10C82B
10C82C
10C42D
10C42D
10C42E
10C42E
10C42F
10C030
10C030
10C031
10C031
10C032
10BC33
10BC33
10BC34
10BC35
10BC35
10BC36
10B837
10B837
10B838
10B839
10B839
10B43A
10B43A
10B43B
10B43C
10B43D
10B43D
10B03E
10B03F
10B03F
10B040
10B041
10AC41
10AC42
10AC43
10AC44
10AC44
10AC45
10A846
10A846
10A847
10A848
10A849
10A849
10A44A
10A44B
10A44C
10A44C
10A44D
10A44E
10A04F
10A04F
10A050
10A051
10A052
10A053
109C53
109C54
109C55
109C56
109C57
109C57
109858
109859
10985A
10985B
10985C
10985C
10985D
10945E
10945F
109460
109461
109461
109462
109463
109064
109065
109066
109067
109068
109068
109069
10906A
108C6B
108C6C
108C6D
108C6E
108C6F
108C70
108C70
108C71
108C72
108873
108874
108875
108876
108877
108878
108879
10887A
10887B
10887C
10887D
10847D
10847E
10847F
108480
108481
108482
108483
108484
108485
108486
108487
108488
108489
10848A
10808B
10808C
10808D
10808E
10808F
108090
108091
108092
108093
108094
108095
108096
108097
108097
108098
108099
10809A
10809B
10809C
10809D
10809E
10809F
1080A0
1080A1
1080A2
1080A3
1080A4
1080A5
1080A6
1080A7
1080A8
1080A9
1080AA
1080AB
1080AC
1080AD
1080AE
1080AF
1080B0
1080B1
1080B2
1080B3
1080B4
1080B5
1080B6
1084B7
1084B8
1084B9
1084BA
1084BB
1084BC
1084BD
1084BE
1084BE
1084BF
1084C0
1084C1
1084C2
1084C3
1084C4
1088C5
1088C6
1088C7
1088C8
1088C9
1088CA
1088CB
1088CC
1088CD
1088CD
1088CE
108CCF
108CD0
108CD1
108CD2
108CD3
108CD4
108CD5
108CD6
108CD7
1090D7
1090D8
1090D9
1090DA
1090DB
1090DC
1090DD
1090DE
1094DE
1094DF
1094E0
1094E1
1094E2
1094E3
1094E4
1098E4
1098E5
1098E6
1098E7
1098E8
1098E9
1098E9
109CEA
109CEB
109CEC
109CED
109CED
109CEE
10A0EF
10A0F0
10A0F1
10A0F1
10A0F2
10A0F3
10A4F4
10A4F4
10A4F5
10A4F6
10A4F7
10A4F7
10A8F8
10A8F9
10A8FA
10A8FA
10A8FB
10A8FC
10ACFD
10ACFD
10ACFE
10ACFF
10AD00
10AD00
10B101
10B102
10B102
10B103
10B104
10B504
10B505
10B506
10B506
10B507
10B508
10B908
10B909
10B90A
10B90A
10B90B
10BD0C
10BD0C
10BD0D
10BD0E
10BD0E
10BD0F
10C10F
10C110
10C111
10C111
10C112
10C513
10C513
10C514
10C514
10C515
10C916
10C916
10C917
10C917
10C918
10CD18
10CD19
10CD1A
10CD1A
10CD1B
10CD1B
10D11C
10D11C
10D11D
10D11D
10D11E
10D51F
10D821
10D821
10D822
10D422
10D423
10D423
10D424
10D425
10D025
10D026
10D026
10D027
10D027
10D028
10CC28
10CC29
10CC2A
10CC2A
10CC2B
10C82B
10C82C
10C82C
10C82D
10C82E
10C82E
10C42F
10C42F
10C430
10C431
10C431
10C032
10C033
10C033
10C034
10C034
10BC35
10BC36
10BC36
10BC37
10BC38
10BC38
10B839
10B83A
10B83A
10B83B
10B83C
10B43C
10B43D
10B43E
10B43E
10B43F
10B440
10B041
10B041
10B042
10B043
10B043
10AC44
10AC45
10AC46
10AC46
10AC47
10AC48
10A848
10A849
10A84A
10A84B
10A84B
10A84C
10A44D
10A44E
10A44F
10A44F
10A450
10A451
10A052
10A052
10A053
10A054
10A055
10A056
109C57
109C57
109C58
109C59
109C5A
109C5B
109C5B
10985C
10985D
10985E
10985F
109860
109861
109861
109462
109463
109464
109465
109466
109467
109467
109468
109069
10906A
10906B
10906C
10906D
10906E
10906F
10906F
109070
108C71
108C72
108C73
108C74
108C75
108C76
108C77
108C78
108C79
108C7A
10887B
10887C
10887C
10887D
10887E
10887F
108880
108881
108882
108883
108884
108885
108886
108487
108488
108489
10848A
10848B
10848C
10848D
10848E
10848F
108490
108491
108492
108493
108494
108495
108496
108496
108497
108498
108499
10849A
10849B
10849C
10849D
10849E
10849F
1084A0
1084A1
1084A2
1084A3
1084A4
1084A5
1084A6
1084A7
1084A8
1084A9
1084AA
1084AB
1084AC
1084AD
1084AE
1084AF
1084B0
1084B1
1084B2
1084B3
1084B4
1084B5
1084B6
1084B7
1084B8
1084B9
1084BA
1084BB
1088BC
1088BD
1088BE
1088BF
1088BF
1088C0
1088C1
1088C2
1088C3
1088C4
1088C5
1088C6
1088C7
108CC8
108CC9
108CCA
108CCB
108CCC
108CCD
108CCE
108CCE
108CCF
108CD0
1090D1
1090D2
1090D3
1090D4
1090D5
1090D6
1090D7
1090D8
1090D8
1094D9
1094DA
1094DB
1094DC
1094DD
1094DE
1094DF
1094DF
1098E0
1098E1
1098E2
1098E3
1098E4
1098E4
1098E5
109CE6
109CE7
109CE8
109CE9
109CE9
109CEA
10A0EB
10A0EC
10A0ED
10A0EE
10A0EE
10A0EF
10A0F0
10A4F1
10A4F1
10A4F2
10A4F3
10A4F4
10A4F5
10A8F5
10A8F6
10A8F7
10A8F8
10A8F8
10A8F9
10ACFA
10ACFB
10ACFB
10ACFC
10ACFD
10ACFE
10B0FE
10B0FF
10B100
10B100
10B101
10B502
10B502
10B503
10B504
10B505
10B505
10B906
10B907
10B907
10B908
10B909
10BD09
10BD0A
10BD0B
10BD0B
10BD0C
10BD0C
10C10D
10C10E
10C10E
10C10F
10C110
10C510
10C511
10C511
10C512
10C513
10C913
10C914
10C915
10C915
10C916
10C916
10CD17
10CD17
10CD18
10CD19
10CD19
10D11A
10D11A
10D11B
10D11B
10D11C
10D51D
10D51D
10D51E
10D51E
10D51F
10DC21
10D821
10D822
10D822
10D823
10D823
10D824
10D424
10D425
10D425
10D426
10D427
10D027
10D028
10D028
10D029
10D029
10D02A
10CC2B
10CC2B
10CC2C
10CC2C
10CC2D
10C82E
10C82E
10C82F
10C82F
10C830
10C431
10C431
10C432
10C432
10C433
10C434
10C034
10C035
10C036
10C036
10C037
10BC38
10BC38
10BC39
10BC3A
10BC3A
10BC3B
10B83C
10B83C
10B83D
10B83E
10B83E
10B43F
10B440
10B440
10B441
10B442
10B443
10B043
10B044
10B045
10B045
10B046
10AC47
10AC48
10AC48
10AC49
10AC4A
10AC4B
10A84B
10A84C
10A84D
10A84E
10A84E
10A84F
10A450
10A451
10A452
10A452
10A453
10A454
10A455
10A056
10A056
10A057
10A058
10A059
10A05A
109C5A
109C5B
109C5C
109C5D
109C5E
109C5F
109C60
109C60
109861
109862
109863
109864
109865
109866
109866
109467
109468
109469
10946A
10946B
10946C
10946D
10946E
10946E
10906F
109070
109071
109072
109073
109074
109075
109076
109077
108C78
108C79
108C7A
108C7A
108C7B
108C7C
108C7D
108C7E
108C7F
108C80
108C81
108C82
108C83
108884
108885
108886
108887
108888
108889
10888A
10888B
10888C
10888D
10888E
10888F
108890
108891
108892
108893
108894
108895
108895
108896
108897
108898
108899
10849A
10849B
10849C
10849D
10849E
10849F
1084A0
1084A1
1084A2
1084A3
1084A4
1084A5
1084A6
1084A7
1088A8
1088A9
1088AA
1088AB
1088AC
1088AD
1088AE
1088AF
1088B0
1088B1
1088B2
1088B3
1088B4
1088B5
1088B6
1088B7
1088B8
1088B9
1088BA
1088BB
1088BC
1088BD
1088BE
108CBF
108CC0
108CC1
108CC1
108CC2
108CC3
108CC4
108CC5
108CC6
108CC7
108CC8
108CC9
108CCA
1090CB
1090CC
1090CD
1090CE
1090CF
1090CF
1090D0
1090D1
1090D2
1094D3
1094D4
1094D5
1094D6
1094D7
1094D8
1094D9
1094D9
1094DA
1098DB
1098DC
1098DD
1098DE
1098DF
1098E0
1098E0
109CE1
109CE2
109CE3
109CE4
109CE5
109CE5
109CE6
10A0E7
10A0E8
10A0E9
10A0EA
10A0EA
10A0EB
10A0EC
10A4ED
10A4EE
10A4EE
10A4EF
10A4F0
10A4F1
10A8F2
10A8F2
10A8F3
10A8F4
10A8F5
10A8F5
10A8F6
10ACF7
10ACF8
10ACF9
10ACF9
10ACFA
10B0FB
10B0FB
10B0FC
10B0FD
10B0FE
10B0FE
10B4FF
10B500
10B501
10B501
10B502
10B503
10B903
10B904
10B905
10B905
10B906
10BD07
10BD07
10BD08
10BD09
10BD09
10BD0A
10C10B
10C10B
10C10C
10C10D
10C10D
10C50E
10C50F
10C50F
10C510
10C510
10C511
10C912
10C912
10C913
10C913
10C914
10CD15
10CD15
10CD16
10CD16
10CD17
10D118
10D118
10D119
10D119
10D11A
10D11A
10D51B
10D51C
10D51C
10D51D
10D51D
10D91E
10D91E
10D91F
10DC20
10DC21
10DC22
10DC22
10DC23
10D823
10D824
10D824
10D825
10D825
10D826
10D426
10D427
10D428
10D428
10D429
10D029
10D02A
10D02A
10D02B
10D02C
10CC2C
10CC2D
10CC2D
10CC2E
10CC2F
10CC2F
10C830
10C830
10C831
10C832
10C832
10C433
10C434
10C434
10C435
10C435
10C436
10C037
10C037
10C038
10C039
10C039
10BC3A
10BC3B
10BC3B
10BC3C
10BC3D
10BC3D
10B83E
10B83F
10B840
10B840
10B841
10B442
10B442
10B443
10B444
10B445
10B445
10B046
10B047
10B047
10B048
10B049
10B04A
10AC4A
10AC4B
10AC4C
10AC4D
10AC4E
10AC4E
10A84F
10A850
10A851
10A851
10A852
10A853
10A454
10A455
10A455
10A456
10A457
10A458
10A459
10A05A
10A05A
10A05B
10A05C
10A05D
10A05E
10A05F
109C5F
109C60
109C61
109C62
109C63
109C64
109C65
109865
109866
109867
109868
109869
10986A
10986B
10986C
10946D
10946D
10946E
10946F
109470
109471
109472
109473
109474
109475
109076
109077
109078
109079
109079
10907A
10907B
10907C
10907D
10907E
10907F
108C80
108C81
108C82
108C83
108C84
108C85
108C86
108C87
108C88
108C89
108C8A
108C8B
108C8C
108C8D
108C8E
108C8F
108C90
108C91
108892
108893
108893
108894
108895
108896
108897
108898
108899
10889A
10889B
10889C
10889D
10889E
10889F
1088A0
1088A1
1088A2
1088A3
1088A4
1088A5
1088A6
1088A7
1088A8
1088A9
1088AA
1088AB
1088AC
1088AD
1088AE
1088AF
108CB0
108CB1
108CB2
108CB3
108CB4
108CB5
108CB6
108CB7
108CB8
108CB9
108CBA
108CBB
108CBC
108CBD
108CBE
108CBF
108CC0
108CC1
1090C2
1090C2
1090C3
1090C4
1090C5
1090C6
1090C7
1090C8
1090C9
1090CA
1090CB
1090CC
1094CD
1094CE
1094CF
1094D0
1094D0
1094D1
1094D2
1094D3
1094D4
1098D5
1098D6
1098D7
1098D8
1098D9
1098D9
1098DA
1098DB
1098DC
109CDD
109CDE
109CDF
109CE0
109CE0
109CE1
109CE2
10A0E3
10A0E4
10A0E5
10A0E6
10A0E6
10A0E7
10A0E8
10A4E9
10A4EA
10A4EB
10A4EB
10A4EC
10A4ED
10A4EE
10A8EF
10A8EF
10A8F0
10A8F1
10A8F2
10A8F3
10ACF3
10ACF4
10ACF5
10ACF6
10ACF6
10ACF7
10B0F8
10B0F9
10B0F9
10B0FA
10B0FB
10B0FC
10B4FC
10B4FD
10B4FE
10B4FF
10B4FF
10B500
10B901
10B901
10B902
10B903
10B903
10BD04
10BD05
10BD06
10BD06
10BD07
10BD08
10C108
10C109
10C10A
10C10A
10C10B
10C50C
10C50C
10C50D
10C50D
10C50E
10C50F
10C90F
10C910
10C911
10C911
10C912
10CD12
10CD13
10CD14
10CD14
10CD15
10CD15
10D116
10D117
10D117
10D118
10D118
10D519
10D519
10D51A
10D51B
10D51B
10D91C
10D91C
10D91D
10D91D
10D91E
10D91E
10DD1F
10E020
10E021
10E021
10E022
10DC22
10DC23
10DC24
10DC24
10DC25
10D825
10D826
10D826
10D827
10D827
10D428
10D429
10D429
10D42A
10D42A
10D42B
10D02B
10D02C
10D02D
10D02D
10D02E
10CC2E
10CC2F
10CC30
10CC30
10CC31
10CC31
10C832
10C833
10C833
10C834
10C835
10C435
10C436
10C437
10C437
10C438
10C439
10C039
10C03A
10C03B
10C03B
10C03C
10BC3D
10BC3D
10BC3E
10BC3F
10BC3F
10BC40
10B841
10B841
10B842
10B843
10B844
10B444
10B445
10B446
10B447
10B447
10B448
10B049
10B04A
10B04A
10B04B
10B04C
10B04D
10AC4D
10AC4E
10AC4F
10AC50
10AC51
10AC51
10AC52
10A853
10A854
10A855
10A855
10A856
10A857
10A458
10A459
10A459
10A45A
10A45B
10A45C
10A45D
10A05E
10A05E
10A05F
10A060
10A061
10A062
10A063
109C64
109C64
109C65
109C66
109C67
109C68
109C69
109C6A
10986B
10986C
10986C
10986D
10986E
10986F
109870
109871
109872
109873
109474
109475
109476
109477
109478
109478
109479
10947A
10947B
10947C
10947D
10907E
10907F
109080
109081
109082
109083
109084
109085
109086
109087
109088
109089
10908A
10908B
10908C
108C8D
108C8E
108C8F
108C90
108C91
108C92
108C92
108C93
108C94
108C95
108C96
108C97
108C98
108C99
108C9A
108C9B
108C9C
108C9D
108C9E
108C9F
108CA0
108CA1
108CA2
108CA3
108CA4
108CA5
108CA6
108CA7
108CA8
108CA9
108CAA
108CAB
108CAC
108CAD
108CAE
108CAF
108CB0
108CB1
108CB2
108CB3
108CB4
108CB5
1090B6
1090B7
1090B8
1090B9
1090BA
1090BB
1090BC
1090BD
1090BE
1090BF
1090C0
1090C1
1090C2
1090C3
1090C3
1094C4
1094C5
1094C6
1094C7
1094C8
1094C9
1094CA
1094CB
1094CC
1094CD
1094CE
1098CF
1098D0
1098D1
1098D1
1098D2
1098D3
1098D4
1098D5
1098D6
109CD7
109CD8
109CD9
109CDA
109CDA
109CDB
109CDC
109CDD
10A0DE
10A0DF
10A0E0
10A0E1
10A0E1
10A0E2
10A0E3
10A0E4
10A4E5
10A4E6
10A4E7
10A4E7
10A4E8
10A4E9
10A4EA
10A8EB
10A8EB
10A8EC
10A8ED
10A8EE
10A8EF
10ACF0
10ACF0
10ACF1
10ACF2
10ACF3
10ACF3
10ACF4
10B0F5
10B0F6
10B0F7
10B0F7
10B0F8
10B0F9
10B4FA
10B4FA
10B4FB
10B4FC
10B4FC
10B8FD
10B8FE
10B8FF
10B8FF
10B900
10B901
10BD02
10BD02
10BD03
10BD04
10BD04
10BD05
10C106
10C106
10C107
10C108
10C108
10C509
10C50A
10C50A
10C50B
10C50C
10C50C
10C90D
10C90E
10C90E
10C90F
10C90F
10CD10
10CD11
10CD11
10CD12
10CD13
10CD13
10D114
10D114
10D115
10D116
10D116
10D517
10D517
10D518
10D518
10D519
10D51A
10D91A
10D91B
10D91B
10D91C
10D91C
10DD1D
10DD1E
10DD1E
10DD1F
10DD1F
10E420
10E421
10E021
10E022
10E022
10E023
10E023
10DC24
10DC24
10DC25
10DC26
10DC26
10DC27
10D827
10D828
10D828
10D829
10D82A
10D42A
10D42B
10D42B
10D42C
10D42C
10D42D
10D02E
10D02E
10D02F
10D02F
10D030
10CC31
10CC31
10CC32
10CC33
10CC33
10CC34
10C834
10C835
10C836
10C836
10C837
10C438
10C438
10C439
10C43A
10C43A
10C43B
10C03C
10C03C
10C03D
10C03E
10C03F
10BC3F
10BC40
10BC41
10BC41
10BC42
10BC43
10B844
10B844
10B845
10B846
10B846
10B847
10B448
10B449
10B449
10B44A
10B44B
10B44C
10B04C
10B04D
10B04E
10B04F
10B050
10B050
10AC51
10AC52
10AC53
10AC54
10AC54
10AC55
10AC56
10A857
10A858
10A858
10A859
10A85A
10A85B
10A45C
10A45D
10A45D
10A45E
10A45F
10A460
10A461
10A462
10A063
10A064
10A064
10A065
10A066
10A067
10A068
10A069
109C6A
109C6B
109C6B
109C6C
109C6D
109C6E
109C6F
109C70
109871
109872
109873
109874
109875
109876
109877
109877
109878
109879
10987A
10947B
10947C
10947D
10947E
10947F
109480
109481
109482
109483
109484
109485
109486
109487
109488
109089
10908A
10908B
10908C
10908D
10908E
10908F
109090
109090
109091
109092
109093
109094
109095
109096
109097
109098
109099
10909A
10909B
10909C
10909D
10909E
10909F
1090A0
1090A1
1090A2
1090A3
1090A4
1090A5
1090A6
1090A7
1090A8
1090A9
1090AA
1090AB
1090AC
1090AD
1090AE
1090AF
1090B0
1090B1
1090B2
1090B3
1090B4
1090B5
1090B6
1090B7
1090B8
1090B9
1094BA
1094BB
1094BC
1094BD
1094BE
1094BF
1094C0
1094C1
1094C2
1094C3
1094C4
1094C5
1094C5
1094C6
1098C7
1098C8
1098C9
1098CA
1098CB
1098CC
1098CD
1098CE
1098CF
1098D0
109CD1
109CD2
109CD2
109CD3
109CD4
109CD5
109CD6
109CD7
109CD8
10A0D9
10A0DA
10A0DB
10A0DB
10A0DC
10A0DD
10A0DE
10A0DF
10A4E0
10A4E1
10A4E2
10A4E2
10A4E3
10A4E4
10A4E5
10A4E6
10A8E7
10A8E7
10A8E8
10A8E9
10A8EA
10A8EB
10ACEC
10ACEC
10ACED
10ACEE
10ACEF
10ACF0
10ACF0
10B0F1
10B0F2
10B0F3
10B0F4
10B0F4
10B0F5
10B4F6
10B4F7
10B4F7
10B4F8
10B4F9
10B4FA
10B8FA
10B8FB
10B8FC
10B8FD
10B8FD
10B8FE
10BCFF
10BD00
10BD00
10BD01
10BD02
10BD02
10C103
10C104
10C104
10C105
10C106
10C507
10C507
10C508
10C509
10C509
10C50A
10C90B
10C90B
10C90C
10C90C
10C90D
10CD0E
10CD0E
10CD0F
10CD10
10CD10
10CD11
10D112
10D112
10D113
10D113
10D114
10D515
10D515
10D516
10D516
10D517
10D517
10D918
10D919
10D919
10D91A
10D91A
10DD1B
10DD1B
10DD1C
10DD1D
10DD1D
10DD1E
10E11E
10E11F
10E11F
10E420
10E421
10E421
10E422
10E422
10E423
10E023
10E024
10E024
10E025
10E025
10DC26
10DC27
10DC27
10DC28
10DC28
10DC29
10D829
10D82A
10D82B
10D82B
10D82C
10D42C
10D42D
10D42D
10D42E
10D42F
10D42F
10D030
10D031
10D031
10D032
10D032
10CC33
10CC34
10CC34
10CC35
10CC36
10CC36
10C837
10C838
10C838
10C839
10C83A
10C43A
10C43B
10C43C
10C43C
10C43D
10C43E
10C03E
10C03F
10C040
10C040
10C041
10C042
10BC43
10BC43
10BC44
10BC45
10BC46
10B846
10B847
10B848
10B849
10B849
10B84A
10B44B
10B44C
10B44C
10B44D
10B44E
10B44F
10B44F
10B050
10B051
10B052
10B053
10B053
10B054
10AC55
10AC56
10AC57
10AC58
10AC58
10AC59
10AC5A
10A85B
10A85C
10A85D
10A85D
10A85E
10A85F
10A860
10A461
10A462
10A463
10A463
10A464
10A465
10A466
10A467
10A068
10A069
10A06A
10A06B
10A06B
10A06C
10A06D
10A06E
109C6F
109C70
109C71
109C72
109C73
109C74
109C75
109C76
109C76
109C77
109878
109879
10987A
10987B
10987C
10987D
10987E
10987F
109880
109881
109882
109883
109884
109485
109486
109487
109488
109489
10948A
10948B
10948C
10948D
10948E
10948E
10948F
109490
109491
109492
109493
109494
109495
109496
109497
109498
109499
10949A
10949B
10949C
10949D
10949E
10949F
1094A0
1094A1
1094A2
1094A3
1094A4
1094A5
1094A6
1094A7
1094A8
1094A9
1094AA
1094AB
1094AC
1094AD
1094AE
1094AF
1094B0
1094B1
1094B2
1094B3
1094B4
1094B5
1094B6
1094B7
1094B8
1094B9
1094BA
1094BB
1094BC
1094BD
1098BE
1098BF
1098C0
1098C1
1098C2
1098C3
1098C4
1098C5
1098C6
1098C6
1098C7
1098C8
1098C9
109CCA
109CCB
109CCC
109CCD
109CCE
109CCF
109CD0
109CD1
109CD2
109CD3
10A0D3
10A0D4
10A0D5
10A0D6
10A0D7
10A0D8
10A0D9
10A0DA
10A4DB
10A4DC
10A4DC
10A4DD
10A4DE
10A4DF
10A4E0
10A4E1
10A8E2
10A8E3
10A8E3
10A8E4
10A8E5
10A8E6
10A8E7
10ACE8
10ACE8
10ACE9
10ACEA
10ACEB
10ACEC
10ACED
10B0ED
10B0EE
10B0EF
10B0F0
10B0F1
10B0F1
10B4F2
10B4F3
10B4F4
10B4F4
10B4F5
10B4F6
10B4F7
10B8F8
10B8F8
10B8F9
10B8FA
10B8FB
10B8FB
10BCFC
10BCFD
10BCFE
10BCFE
10BCFF
10C100
10C100
10C101
10C102
10C103
10C103
10C504
10C505
10C505
10C506
10C507
10C507
10C908
10C909
10C909
10C90A
10C90B
10CD0B
10CD0C
10CD0D
10CD0D
10CD0E
10CD0F
10D10F
10D110
10D110
10D111
10D112
10D512
10D513
10D513
10D514
10D515
10D515
10D916
10D916
10D917
10D918
10D918
10DD19
10DD19
10DD1A
10DD1A
10DD1B
10DD1C
10E11C
10E11D
10E11D
10E11E
10E11E
10E51F
10E51F
10E820
10E820
10E821
10E821
10E422
10E423
10E423
10E424
10E424
10E425
10E025
10E026
10E026
10E027
10E028
10DC28
10DC29
10DC29
10DC2A
10DC2A
10DC2B
10D82C
10D82C
10D82D
10D82D
10D82E
10D42F
10D42F
10D430
10D430
10D431
10D432
10D032
10D033
10D034
10D034
10D035
10CC35
10CC36
10CC37
10CC37
10CC38
10CC39
10C839
10C83A
10C83B
10C83B
10C83C
10C43D
10C43E
10C43E
10C43F
10C440
10C440
10C041
10C042
10C042
10C043
10C044
10C045
10BC45
10BC46
10BC47
10BC48
10BC48
10BC49
10B84A
10B84B
10B84B
10B84C
10B84D
10B84E
10B44F
10B44F
10B450
10B451
10B452
10B453
10B053
10B054
10B055
10B056
10B057
10B057
10B058
10AC59
10AC5A
10AC5B
10AC5C
10AC5C
10AC5D
10AC5E
10A85F
10A860
10A861
10A862
10A862
10A863
10A864
10A865
10A466
10A467
10A468
10A469
10A46A
10A46A
10A46B
10A46C
10A06D
10A06E
10A06F
10A070
10A071
10A072
10A073
10A074
10A074
10A075
109C76
109C77
109C78
109C79
109C7A
109C7B
109C7C
109C7D
109C7E
109C7F
109C80
109C81
109882
109883
109884
109885
109886
109887
109888
109889
10988A
10988B
10988C
10988C
10988D
10988E
10988F
109890
109891
109892
109893
109894
109895
109496
109497
109498
109499
10949A
10949B
10949C
10949D
10949E
10949F
1094A0
1094A1
1094A2
1094A3
1094A4
1094A5
1094A6
1094A7
1094A8
1094A9
1094AA
1094AB
1098AC
1098AD
1098AE
1098AF
1098B0
1098B1
1098B2
1098B3
1098B4
1098B5
1098B6
1098B7
1098B8
1098B9
1098BA
1098BB
1098BC
1098BD
1098BE
1098BF
1098C0
109CC1
109CC2
109CC3
109CC4
109CC5
109CC6
109CC7
109CC7
109CC8
109CC9
109CCA
109CCB
10A0CC
10A0CD
10A0CE
10A0CF
10A0D0
10A0D1
10A0D2
10A0D3
10A0D4
10A0D5
10A4D5
10A4D6
10A4D7
10A4D8
10A4D9
10A4DA
10A4DB
10A4DC
10A8DD
10A8DD
10A8DE
10A8DF
10A8E0
10A8E1
10A8E2
10A8E3
10ACE4
10ACE4
10ACE5
10ACE6
10ACE7
10ACE8
10ACE9
10B0E9
10B0EA
10B0EB
10B0EC
10B0ED
10B0ED
10B4EE
10B4EF
10B4F0
10B4F1
10B4F1
10B4F2
10B4F3
10B8F4
10B8F5
10B8F5
10B8F6
10B8F7
10B8F8
10BCF8
10BCF9
10BCFA
10BCFB
10BCFB
10BCFC
10C0FD
10C0FE
10C0FE
10C0FF
10C100
10C101
10C501
10C502
10C503
10C503
10C504
10C505
10C905
10C906
10C907
10C907
10C908
10CD09
10CD09
10CD0A
10CD0B
10CD0B
10CD0C
10D10D
10D10D
10D10E
10D10F
10D10F
10D510
10D511
10D511
10D512
10D512
10D513
10D914
10D914
10D915
10D915
10D916
10DD17
10DD17
10DD18
10DD18
10DD19
10DD1A
10E11A
10E11B
10E11B
10E11C
10E11C
10E51D
10E51D
10E51E
10E51F
10E51F
10E520
10EC20
10EC20
10E821
10E821
10E822
10E822
10E823
10E823
10E424
10E425
10E425
10E426
10E426
10E427
10E027
10E028
10E028
10E029
10E02A
10DC2A
10DC2B
10DC2B
10DC2C
10DC2D
10DC2D
10D82E
10D82E
10D82F
10D830
10D830
10D431
10D431
10D432
10D433
10D433
10D434
10D035
10D035
10D036
10D037
10D037
10CC38
10CC39
10CC39
10CC3A
10CC3B
10CC3B
10C83C
10C83D
10C83D
10C83E
10C83F
10C83F
10C440
10C441
10C442
10C442
10C443
10C044
10C045
10C045
10C046
10C047
10C048
10BC48
10BC49
10BC4A
10BC4B
10BC4B
10BC4C
10BC4D
10B84E
10B84E
10B84F
10B850
10B851
10B852
10B452
10B453
10B454
10B455
10B456
10B456
10B457
10B058
10B059
10B05A
10B05B
10B05B
10B05C
10B05D
10AC5E
10AC5F
10AC60
10AC61
10AC61
10AC62
10AC63
10A864
10A865
10A866
10A867
10A868
10A869
10A869
10A86A
10A46B
10A46C
10A46D
10A46E
10A46F
10A470
10A471
10A472
10A473
10A473
10A074
10A075
10A076
10A077
10A078
10A079
10A07A
10A07B
10A07C
10A07D
10A07E
109C7F
109C80
109C81
109C82
109C83
109C84
109C85
109C86
109C87
109C88
109C89
109C8A
109C8A
109C8B
109C8C
109C8D
109C8E
109C8F
109890
109891
109892
109893
109894
109895
109896
109897
109898
109899
10989A
10989B
10989C
10989D
10989E
10989F
1098A0
1098A1
1098A2
1098A3
1098A4
1098A5
1098A6
1098A7
1098A8
1098A9
1098AA
1098AB
1098AC
1098AD
1098AE
1098AF
1098B0
1098B1
109CB2
109CB3
109CB4
109CB5
109CB6
109CB7
109CB8
109CB9
109CBA
109CBB
109CBC
109CBD
109CBE
109CBF
109CC0
109CC1
109CC2
109CC3
10A0C4
10A0C5
10A0C6
10A0C7
10A0C8
10A0C9
10A0C9
10A0CA
10A0CB
10A0CC
10A0CD
10A4CE
10A4CF
10A4D0
10A4D1
10A4D2
10A4D3
10A4D4
10A4D5
10A4D6
10A8D6
10A8D7
10A8D8
10A8D9
10A8DA
10A8DB
10A8DC
10A8DD
10A8DE
10ACDE
10ACDF
10ACE0
10ACE1
10ACE2
10ACE3
10ACE4
10B0E4
10B0E5
10B0E6
10B0E7
10B0E8
10B0E9
10B0EA
10B4EA
10B4EB
10B4EC
10B4ED
10B4EE
10B4EE
10B4EF
10B8F0
10B8F1
10B8F2
10B8F2
10B8F3
10B8F4
10BCF5
10BCF6
10BCF6
10BCF7
10BCF8
10BCF9
10C0F9
10C0FA
10C0FB
10C0FC
10C0FC
10C0FD
10C4FE
10C4FF
10C4FF
10C500
10C501
10C501
10C902
10C903
10C904
10C904
10C905
10C906
10CD06
10CD07
10CD08
10CD08
10CD09
10CD0A
10D10A
10D10B
10D10C
10D10C
10D10D
10D50E
10D50E
10D50F
10D50F
10D510
10D511
10D911
10D912
10D913
10D913
10D914
10DD14
10DD15
10DD16
10DD16
10DD17
10DD17
10E118
10E119
10E119
10E11A
10E11A
10E51B
10E51B
10E51C
10E51C
10E51D
10E51E
10E91E
10E91F
10E91F
10E920
10F020
10EC20
10EC21
10EC21
10EC22
10EC22
10E823
10E823
10E824
10E824
10E825
10E826
10E426
10E427
10E427
10E428
10E428
10E429
10E029
10E02A
10E02B
10E02B
10E02C
10DC2C
10DC2D
10DC2E
10DC2E
10DC2F
10DC2F
10D830
10D831
10D831
10D832
10D833
10D433
10D434
10D435
10D435
10D436
10D436
10D037
10D038
10D038
10D039
10D03A
10CC3A
10CC3B
10CC3C
10CC3D
10CC3D
10CC3E
10C83F
10C83F
10C840
10C841
10C841
10C842
10C443
10C444
10C444
10C445
10C446
10C447
10C047
10C048
10C049
10C04A
10C04A
10C04B
10BC4C
10BC4D
10BC4D
10BC4E
10BC4F
10BC50
10B851
10B851
10B852
10B853
10B854
10B855
10B856
10B456
10B457
10B458
10B459
10B45A
10B45A
10B45B
10B05C
10B05D
10B05E
10B05F
10B060
10B060
10B061
10AC62
10AC63
10AC64
10AC65
10AC66
10AC67
10AC68
10AC68
10AC69
10A86A
10A86B
10A86C
10A86D
10A86E
10A86F
10A870
10A871
10A872
10A472
10A473
10A474
10A475
10A476
10A477
10A478
10A479
10A47A
10A47B
10A47C
10A07D
10A07E
10A07F
10A080
10A081
10A082
10A083
10A084
10A085
10A086
10A087
10A088
10A088
10A089
10A08A
109C8B
109C8C
109C8D
109C8E
109C8F
109C90
109C91
109C92
109C93
109C94
109C95
109C96
109C97
109C98
109C99
109C9A
109C9B
109C9C
109C9D
109C9E
109C9F
109CA0
109CA1
109CA2
109CA3
109CA4
109CA5
109CA6
109CA7
109CA8
109CA9
109CAA
109CAB
109CAC
109CAD
109CAE
109CAF
109CB0
109CB1
109CB2
109CB3
109CB4
109CB5
109CB6
10A0B7
10A0B8
10A0B9
10A0BA
10A0BB
10A0BC
10A0BD
10A0BE
10A0BF
10A0C0
10A0C1
10A0C2
10A0C3
10A0C4
10A0C5
10A4C6
10A4C7
10A4C8
10A4C9
10A4CA
10A4CA
10A4CB
10A4CC
10A4CD
10A4CE
10A4CF
10A8D0
10A8D1
10A8D2
10A8D3
10A8D4
10A8D5
10A8D6
10A8D7
10A8D7
10ACD8
10ACD9
10ACDA
10ACDB
10ACDC
10ACDD
10ACDE
10ACDF
10B0DF
10B0E0
10B0E1
10B0E2
10B0E3
10B0E4
10B0E5
10B0E5
10B4E6
10B4E7
10B4E8
10B4E9
10B4EA
10B4EA
10B4EB
10B8EC
10B8ED
10B8EE
10B8EF
10B8EF
10B8F0
10BCF1
10BCF2
10BCF3
10BCF3
10BCF4
10BCF5
10BCF6
10C0F6
10C0F7
10C0F8
10C0F9
10C0F9
10C0FA
10C4FB
10C4FC
10C4FC
10C4FD
10C4FE
10C4FF
10C8FF
10C900
10C901
10C902
10C902
10C903
10CD04
10CD04
10CD05
10CD06
10CD06
10D107
10D108
10D108
10D109
10D10A
10D10A
10D50B
10D50C
10D50C
10D50D
10D50E
10D50E
10D90F
10D910
10D910
10D911
10D911
10DD12
10DD13
10DD13
10DD14
10DD15
10DD15
10E116
10E116
10E117
10E118
10E118
10E519
10E519
10E51A
10E51A
10E51B
10E51C
10E91C
10E91D
10E91D
10E91E
10E91E
10E91F
10ED1F
10ED20
10F01F
10F020
10F020
10F021
10F022
10EC22
10EC23
10EC23
10EC24
10EC24
10E825
10E825
10E826
10E826
10E827
10E828
10E428
10E429
10E429
10E42A
10E42B
10E42B
10E02C
10E02C
10E02D
10E02D
10E02E
10DC2F
10DC2F
10DC30
10DC31
10DC31
10DC32
10D832
10D833
10D834
10D834
10D835
10D436
10D436
10D437
10D438
10D438
10D439
10D03A
10D03A
10D03B
10D03C
10D03C
10D03D
10CC3E
10CC3E
10CC3F
10CC40
10CC41
10CC41
10C842
10C843
10C844
10C844
10C845
10C846
10C446
10C447
10C448
10C449
10C449
10C44A
10C04B
10C04C
10C04D
10C04D
10C04E
10C04F
10BC50
10BC51
10BC51
10BC52
10BC53
10BC54
10BC55
10B855
10B856
10B857
10B858
10B859
10B85A
10B45A
10B45B
10B45C
10B45D
10B45E
10B45F
10B45F
10B460
10B061
10B062
10B063
10B064
10B065
10B066
10B067
10B067
10AC68
10AC69
10AC6A
10AC6B
10AC6C
10AC6D
10AC6E
10AC6F
10AC70
10A871
10A871
10A872
10A873
10A874
10A875
10A876
10A877
10A878
10A879
10A47A
10A47B
10A47C
10A47D
10A47E
10A47F
10A480
10A481
10A482
10A483
10A484
10A485
10A485
10A486
10A087
10A088
10A089
10A08A
10A08B
10A08C
10A08D
10A08E
10A08F
10A090
10A091
10A092
10A093
10A094
10A095
10A096
10A097
10A098
10A099
10A09A
10A09B
10A09C
10A09D
10A09E
10A09F
10A0A0
10A0A1
10A0A2
10A0A3
10A0A4
10A0A5
10A0A6
10A0A7
10A0A8
10A0A9
10A0AA
10A0AB
10A0AC
10A0AD
10A0AE
10A0AF
10A0B0
10A0B1
10A0B2
10A0B3
10A0B4
10A0B5
10A0B6
10A0B7
10A0B8
10A0B9
10A0BA
10A4BB
10A4BC
10A4BD
10A4BE
10A4BF
10A4C0
10A4C1
10A4C2
10A4C3
10A4C4
10A4C5
10A4C6
10A4C7
10A4C8
10A8C9
10A8CA
10A8CB
10A8CB
10A8CC
10A8CD
10A8CE
10A8CF
10A8D0
10A8D1
10ACD2
10ACD3
10ACD4
10ACD5
10ACD6
10ACD7
10ACD8
10ACD8
10ACD9
10B0DA
10B0DB
10B0DC
10B0DD
10B0DE
10B0DF
10B0E0
10B0E0
10B4E1
10B4E2
10B4E3
10B4E4
10B4E5
10B4E6
10B4E6
10B8E7
10B8E8
10B8E9
10B8EA
10B8EB
10B8EB
10B8EC
10BCED
10BCEE
10BCEF
10BCEF
10BCF0
10BCF1
10BCF2
10C0F3
10C0F3
10C0F4
10C0F5
10C0F6
10C0F7
10C4F7
10C4F8
10C4F9
10C4FA
10C4FA
10C4FB
10C8FC
10C8FD
10C8FD
10C8FE
10C8FF
10C900
10CD00
10CD01
10CD02
10CD02
10CD03
10CD04
10D105
10D105
10D106
10D107
10D107
10D108
10D509
10D509
10D50A
10D50B
10D50B
10D50C
10D90D
10D90D
10D90E
10D90F
10D90F
10DD10
10DD10
10DD11
10DD12
10DD12
10DD13
10E113
10E114
10E115
10E115
10E116
10E516
10E517
10E518
10E518
10E519
10E519
10E91A
10E91B
10E91B
10E91C
10E91C
10E91D
10ED1D
10ED1E
10ED1E
10ED1F
10ED20
10F120
10F41F
10F420
10F420
10F021
10F021
10F022
10F022
10F023
10F024
10EC24
10EC25
10EC25
10EC26
10EC26
10E827
10E827
10E828
10E829
10E829
10E82A
10E42A
10E42B
10E42C
10E42C
10E42D
10E42D
10E02E
10E02F
10E02F
10E030
10E030
10DC31
10DC32
10DC32
10DC33
10DC34
10DC34
10D835
10D836
10D836
10D837
10D838
10D838
10D439
10D43A
10D43A
10D43B
10D43C
10D03C
10D03D
10D03E
10D03E
10D03F
10D040
10CC40
10CC41
10CC42
10CC43
10CC43
10CC44
10C845
10C846
10C846
10C847
10C848
10C849
10C449
10C44A
10C44B
10C44C
10C44C
10C44D
10C44E
10C04F
10C050
10C050
10C051
10C052
10C053
10BC54
10BC54
10BC55
10BC56
10BC57
10BC58
10BC59
10B859
10B85A
10B85B
10B85C
10B85D
10B85E
10B85F
10B45F
10B460
10B461
10B462
10B463
10B464
10B465
10B466
10B066
10B067
10B068
10B069
10B06A
10B06B
10B06C
10B06D
10B06E
10AC6F
10AC70
10AC70
10AC71
10AC72
10AC73
10AC74
10AC75
10AC76
10AC77
10A878
10A879
10A87A
10A87B
10A87C
10A87D
10A87E
10A87F
10A880
10A881
10A882
10A883
10A883
10A484
10A485
10A486
10A487
10A488
10A489
10A48A
10A48B
10A48C
10A48D
10A48E
10A48F
10A490
10A491
10A492
10A493
10A494
10A495
10A496
10A497
10A498
10A499
10A49A
10A49B
10A49C
10A49D
10A49E
10A49F
10A4A0
10A4A1
10A4A2
10A4A3
10A4A4
10A4A5
10A4A6
10A4A7
10A4A8
10A4A9
10A4AA
10A4AB
10A4AC
10A4AD
10A4AE
10A4AF
10A4B0
10A4B1
10A4B2
10A4B3
10A4B4
10A4B5
10A4B6
10A4B7
10A4B8
10A4B9
10A4BA
10A4BB
10A4BC
10A4BD
10A8BE
10A8BF
10A8C0
10A8C1
10A8C2
10A8C3
10A8C4
10A8C5
10A8C6
10A8C7
10A8C8
10A8C9
10A8CA
10ACCB
10ACCC
10ACCD
10ACCD
10ACCE
10ACCF
10ACD0
10ACD1
10ACD2
10ACD3
10B0D4
10B0D5
10B0D6
10B0D7
10B0D8
10B0D9
10B0D9
10B0DA
10B0DB
10B4DC
10B4DD
10B4DE
10B4DF
10B4E0
10B4E0
10B4E1
10B4E2
10B8E3
10B8E4
10B8E5
10B8E6
10B8E7
10B8E7
10B8E8
10BCE9
10BCEA
10BCEB
10BCEC
10BCEC
10BCED
10BCEE
10C0EF
10C0F0
10C0F0
10C0F1
10C0F2
10C0F3
10C4F4
10C4F4
10C4F5
10C4F6
10C4F7
10C4F7
10C4F8
10C8F9
10C8FA
10C8FB
10C8FB
10C8FC
10C8FD
10CCFD
10CCFE
10CCFF
10CD00
10CD00
10CD01
10D102
10D103
10D103
10D104
10D105
10D105
10D506
10D507
10D507
10D508
10D509
10D909
10D90A
10D90B
10D90B
10D90C
10D90D
10DD0D
10DD0E
10DD0F
10DD0F
10DD10
10DD11
10E111
10E112
10E112
10E113
10E114
10E514
10E515
10E515
10E516
10E517
10E517
10E918
10E918
10E919
10E91A
10E91A
10ED1B
10ED1B
10ED1C
10ED1C
10ED1D
10ED1D
10F11E
10F11F
10F11F
10F120
10F120
10F81F
10F820
10F420
10F421
10F421
10F422
10F422
10F023
10F023
10F024
10F025
10F025
10F026
10EC26
10EC27
10EC27
10EC28
10EC28
10EC29
10E82A
10E82A
10E82B
10E82B
10E82C
10E42D
10E42D
10E42E
10E42E
10E42F
10E430
10E030
10E031
10E032
10E032
10E033
10DC33
10DC34
10DC35
10DC35
10DC36
10DC37
10D837
10D838
10D839
10D839
10D83A
10D83B
10D43B
10D43C
10D43D
10D43E
10D43E
10D43F
10D040
10D040
10D041
10D042
10D043
10D043
10CC44
10CC45
10CC45
10CC46
10CC47
10CC48
10C848
10C849
10C84A
10C84B
10C84C
10C84C
10C44D
10C44E
10C44F
10C44F
10C450
10C451
10C452
10C053
10C053
10C054
10C055
10C056
10C057
10BC58
10BC58
10BC59
10BC5A
10BC5B
10BC5C
10BC5D
10BC5E
10B85E
10B85F
10B860
10B861
10B862
10B863
10B864
10B465
10B465
10B466
10B467
10B468
10B469
10B46A
10B46B
10B46C
10B06D
10B06E
10B06E
10B06F
10B070
10B071
10B072
10B073
10B074
10B075
10AC76
10AC77
10AC78
10AC79
10AC7A
10AC7B
10AC7C
10AC7D
10AC7E
10AC7F
10AC80
10AC81
10A881
10A882
10A883
10A884
10A885
10A886
10A887
10A888
10A889
10A88A
10A88B
10A88C
10A88D
10A88E
10A88F
10A890
10A891
10A892
10A893
10A894
10A895
10A896
10A497
10A498
10A499
10A49A
10A49B
10A49C
10A49D
10A49E
10A49F
10A4A0
10A4A1
10A4A2
10A4A3
10A4A4
10A4A5
10A4A6
10A4A7
10A4A8
10A4A9
10A4AA
10A8AB
10A8AC
10A8AD
10A8AE
10A8AF
10A8B0
10A8B1
10A8B2
10A8B3
10A8B4
10A8B5
10A8B6
10A8B7
10A8B8
10A8B9
10A8BA
10A8BB
10A8BC
10A8BD
10A8BE
10A8BF
10A8C0
10ACC1
10ACC2
10ACC3
10ACC4
10ACC5
10ACC6
10ACC7
10ACC8
10ACC9
10ACCA
10ACCB
10ACCC
10B0CD
10B0CE
10B0CE
10B0CF
10B0D0
10B0D1
10B0D2
10B0D3
10B0D4
10B0D5
10B4D6
10B4D7
10B4D8
10B4D9
10B4DA
10B4DA
10B4DB
10B4DC
10B8DD
10B8DE
10B8DF
10B8E0
10B8E1
10B8E1
10B8E2
10B8E3
10BCE4
10BCE5
10BCE6
10BCE7
10BCE7
10BCE8
10BCE9
10C0EA
10C0EB
10C0EC
10C0EC
10C0ED
10C0EE
10C0EF
10C4F0
10C4F1
10C4F1
10C4F2
10C4F3
10C4F4
10C4F5
10C8F5
10C8F6
10C8F7
10C8F8
10C8F8
10C8F9
10CCFA
10CCFB
10CCFB
10CCFC
10CCFD
10CCFE
10D0FE
10D0FF
10D100
10D101
10D101
10D102
10D503
10D503
10D504
10D505
10D505
10D506
10D907
10D908
10D908
10D909
10D90A
10D90A
10DD0B
10DD0C
10DD0C
10DD0D
10DD0E
10E10E
10E10F
10E10F
10E110
10E111
10E111
10E512
10E513
10E513
10E514
10E514
10E515
10E916
10E916
10E917
10E917
10E918
10ED19
10ED19
10ED1A
10ED1A
10ED1B
10ED1B
10F11C
10F11D
10F11D
10F11E
10F11E
10F11F
10F51F
10F520
10F520
10F81F
10F820
10F820
10F821
10F821
10F822
10F422
10F423
10F423
10F424
10F424
10F025
10F025
10F026
10F027
10F027
10F028
10EC28
10EC29
10EC29
10EC2A
10EC2B
10EC2B
10E82C
10E82C
10E82D
10E82E
10E82E
10E42F
10E430
10E430
10E431
10E431
10E432
10E033
10E033
10E034
10E035
10E035
10E036
10DC37
10DC37
10DC38
10DC39
10DC39
10DC3A
10D83B
10D83B
10D83C
10D83D
10D83D
10D43E
10D43F
10D43F
10D440
10D441
10D442
10D042
10D043
10D044
10D045
10D045
10D046
10CC47
10CC48
10CC48
10CC49
10CC4A
10CC4B
10CC4B
10C84C
10C84D
10C84E
10C84F
10C84F
10C850
10C451
10C452
10C453
10C453
10C454
10C455
10C456
10C057
10C057
10C058
10C059
10C05A
10C05B
10C05C
10BC5D
10BC5D
10BC5E
10BC5F
10BC60
10BC61
10BC62
10BC63
10B864
10B864
10B865
10B866
10B867
10B868
10B869
10B86A
10B46B
10B46C
10B46D
10B46D
10B46E
10B46F
10B470
10B471
10B472
10B473
10B074
10B075
10B076
10B077
10B078
10B079
10B07A
10B07B
10B07C
10B07D
10B07E
10B07F
10AC7F
10AC80
10AC81
10AC82
10AC83
10AC84
10AC85
10AC86
10AC87
10AC88
10AC89
10AC8A
10AC8B
10AC8C
10AC8D
10AC8E
10AC8F
10AC90
10A891
10A892
10A893
10A894
10A895
10A896
10A897
10A898
10A899
10A89A
10A89B
10A89C
10A89D
10A89E
10A89F
10A8A0
10A8A1
10A8A2
10A8A3
10A8A4
10A8A5
10A8A6
10A8A7
10A8A8
10A8A9
10A8AA
10A8AB
10A8AC
10A8AD
10A8AE
10A8AF
10A8B0
10ACB1
10ACB2
10ACB3
10ACB4
10ACB5
10ACB6
10ACB7
10ACB8
10ACB9
10ACBA
10ACBB
10ACBC
10ACBD
10ACBE
10ACBF
10ACC0
10ACC1
10ACC2
10B0C3
10B0C4
10B0C5
10B0C6
10B0C7
10B0C8
10B0C9
10B0CA
10B0CB
10B0CC
10B0CD
10B0CE
10B4CF
10B4CF
10B4D0
10B4D1
10B4D2
10B4D3
10B4D4
10B4D5
10B4D6
10B4D7
10B8D8
10B8D9
10B8DA
10B8DB
10B8DB
10B8DC
10B8DD
10B8DE
10BCDF
10BCE0
10BCE1
10BCE2
10BCE2
10BCE3
10BCE4
10BCE5
10C0E6
10C0E7
10C0E8
10C0E8
10C0E9
10C0EA
10C0EB
10C4EC
10C4ED
10C4ED
10C4EE
10C4EF
10C4F0
10C4F1
10C8F1
10C8F2
10C8F3
10C8F4
10C8F5
10C8F5
10CCF6
10CCF7
10CCF8
10CCF9
10CCF9
10CCFA
10D0FB
10D0FC
10D0FC
10D0FD
10D0FE
10D0FF
10D0FF
10D500
10D501
10D501
10D502
10D503
10D904
10D904
10D905
10D906
10D906
10D907
10DD08
10DD08
10DD09
10DD0A
10DD0A
10DD0B
10E10C
10E10C
10E10D
10E10E
10E10E
10E10F
10E510
10E510
10E511
10E511
10E512
10E513
10E913
10E914
10E915
10E915
10E916
10ED16
10ED17
10ED18
10ED18
10ED19
10ED19
10F11A
10F11A
10F11B
10F11C
10F11C
10F11D
10F51D
10F51E
10F51E
10F51F
10F51F
10F920
10F920
10FC1F
10FC1F
10FC20
10FC20
10F821
10F821
10F822
10F823
10F823
10F824
10F424
10F425
10F425
10F426
10F426
10F027
10F028
10F028
10F029
10F029
10F02A
10EC2B
10EC2B
10EC2C
10EC2C
10EC2D
10EC2E
10E82E
10E82F
10E82F
10E830
10E831
10E831
10E432
10E433
10E433
10E434
10E434
10E035
10E036
10E036
10E037
10E038
10E038
10DC39
10DC3A
10DC3A
10DC3B
10DC3C
10DC3D
10D83D
10D83E
10D83F
10D83F
10D840
10D841
10D442
10D442
10D443
10D444
10D444
10D445
10D046
10D047
10D047
10D048
10D049
10D04A
10CC4A
10CC4B
10CC4C
10CC4D
10CC4E
10CC4E
10CC4F
10C850
10C851
10C852
10C852
10C853
10C854
10C855
10C456
10C457
10C457
10C458
10C459
10C45A
10C45B
10C05C
10C05C
10C05D
10C05E
10C05F
10C060
10C061
10BC62
10BC63
10BC63
10BC64
10BC65
10BC66
10BC67
10BC68
10BC69
10B86A
10B86B
10B86C
10B86C
10B86D
10B86E
10B86F
10B870
10B871
10B472
10B473
10B474
10B475
10B476
10B477
10B478
10B479
10B47A
10B47B
10B47C
10B07D
10B07D
10B07E
10B07F
10B080
10B081
10B082
10B083
10B084
10B085
10B086
10B087
10B088
10B089
10B08A
10B08B
10AC8C
10AC8D
10AC8E
10AC8F
10AC90
10AC91
10AC92
10AC93
10AC94
10AC95
10AC96
10AC97
10AC98
10AC99
10AC9A
10AC9B
10AC9C
10AC9D
10AC9E
10AC9F
10ACA0
10ACA1
10ACA2
10ACA3
10ACA4
10ACA5
10ACA6
10ACA7
10ACA8
10ACA9
10ACAA
10ACAB
10ACAC
10ACAD
10ACAE
10ACAF
10ACB0
10ACB1
10ACB2
10ACB3
10ACB4
10B0B5
10B0B6
10B0B7
10B0B8
10B0B9
10B0BA
10B0BB
10B0BC
10B0BD
10B0BE
10B0BF
10B0C0
10B0C1
10B0C2
10B0C3
10B0C4
10B0C5
10B4C6
10B4C7
10B4C8
10B4C9
10B4CA
10B4CB
10B4CC
10B4CD
10B4CE
10B4CF
10B4D0
10B8D1
10B8D1
10B8D2
10B8D3
10B8D4
10B8D5
10B8D6
10B8D7
10B8D8
10BCD9
10BCDA
10BCDB
10BCDB
10BCDC
10BCDD
10BCDE
10BCDF
10BCE0
10C0E1
10C0E2
10C0E3
10C0E3
10C0E4
10C0E5
10C0E6
10C4E7
10C4E8
10C4E9
10C4E9
10C4EA
10C4EB
10C4EC
10C8ED
10C8EE
10C8EE
10C8EF
10C8F0
10C8F1
10C8F2
10CCF2
10CCF3
10CCF4
10CCF5
10CCF6
10CCF6
10CCF7
10D0F8
10D0F9
10D0F9
10D0FA
10D0FB
10D0FC
10D4FC
10D4FD
10D4FE
10D4FF
10D4FF
10D500
10D901
10D902
10D902
10D903
10D904
10D904
10DD05
10DD06
10DD06
10DD07
10DD08
10DD09
10E109
10E10A
10E10B
10E10B
10E10C
10E10D
10E50D
10E50E
10E50E
10E50F
10E510
10E910
10E911
10E912
10E912
10E913
10E913
10ED14
10ED15
10ED15
10ED16
10ED16
10ED17
10F118
10F118
10F119
10F119
10F11A
10F51B
10F51B
10F51C
10F51C
10F51D
10F51D
10F91E
10F91E
10F91F
10F920
10F920
10F921
11001F
11001F
10FC20
10FC20
10FC21
10FC21
10FC22
10FC22
10F823
10F824
10F824
10F825
10F825
10F826
10F426
10F427
10F427
10F428
10F429
10F429
10F02A
10F02A
10F02B
10F02C
10F02C
10EC2D
10EC2D
10EC2E
10EC2F
10EC2F
10EC30
10E830
10E831
10E832
10E832
10E833
10E834
10E434
10E435
10E436
10E436
10E437
10E438
10E038
10E039
10E03A
10E03A
10E03B
10E03C
10DC3C
10DC3D
10DC3E
10DC3E
10DC3F
10DC40
10D841
10D841
10D842
10D843
10D844
10D844
10D445
10D446
10D447
10D447
10D448
10D449
10D04A
10D04A
10D04B
10D04C
10D04D
10D04D
10CC4E
10CC4F
10CC50
10CC51
10CC51
10CC52
10CC53
10C854
10C855
10C856
10C856
10C857
10C858
10C859
10C45A
10C45B
10C45B
10C45C
10C45D
10C45E
10C45F
10C460
10C061
10C062
10C062
10C063
10C064
10C065
10C066
10C067
10BC68
10BC69
10BC6A
10BC6B
10BC6B
10BC6C
10BC6D
10BC6E
10BC6F
10B870
10B871
10B872
10B873
10B874
10B875
10B876
10B877
10B878
10B879
10B87A
10B47B
10B47B
10B47C
10B47D
10B47E
10B47F
10B480
10B481
10B482
10B483
10B484
10B485
10B486
10B487
10B488
10B089
10B08A
10B08B
10B08C
10B08D
10B08E
10B08F
10B090
10B091
10B092
10B093
10B094
10B095
10B096
10B097
10B098
10B099
10B09A
10B09B
10B09C
10B09D
10B09E
10B09F
10B0A0
10B0A1
10B0A2
10B0A3
10B0A4
10B0A5
10B0A6
10B0A7
10B0A8
10B0A9
10B0AA
10B0AB
10B0AC
10B0AD
10B0AE
10B0AF
10B0B0
10B0B1
10B0B2
10B0B3
10B0B4
10B0B5
10B0B6
10B0B7
10B0B8
10B4B9
10B4BA
10B4BB
10B4BC
10B4BD
10B4BE
10B4BF
10B4C0
10B4C1
10B4C2
10B4C3
10B4C4
10B4C5
10B4C6
10B4C7
10B8C8
10B8C9
10B8CA
10B8CB
10B8CC
10B8CD
10B8CE
10B8CF
10B8D0
10B8D1
10B8D2
10BCD2
10BCD3
10BCD4
10BCD5
10BCD6
10BCD7
10BCD8
10BCD9
10BCDA
10C0DB
10C0DC
10C0DC
10C0DD
10C0DE
10C0DF
10C0E0
10C0E1
10C4E2
10C4E3
10C4E4
10C4E4
10C4E5
10C4E6
10C4E7
10C4E8
10C8E9
10C8EA
10C8EA
10C8EB
10C8EC
10C8ED
10C8EE
10CCEE
10CCEF
10CCF0
10CCF1
10CCF2
10CCF3
10D0F3
10D0F4
10D0F5
10D0F6
10D0F6
10D0F7
10D0F8
10D4F9
10D4FA
10D4FA
10D4FB
10D4FC
10D4FD
10D8FD
10D8FE
10D8FF
10D900
10D900
10D901
10DD02
10DD02
10DD03
10DD04
10DD05
10DD05
10E106
10E107
10E107
10E108
10E109
10E109
10E50A
10E50B
10E50B
10E50C
10E50D
10E50D
10E90E
10E90F
10E90F
10E910
10E911
10E911
10ED12
10ED12
10ED13
10ED14
10ED14
10F115
10F115
10F116
10F117
10F117
10F118
10F518
10F519
10F51A
10F51A
10F51B
10F51B
10F91C
10F91C
10F91D
10F91E
10F91E
10F91F
10FD1F
10FD20
10FD20
10FD21
11041F
11001F
110020
110020
110021
110021
110022
10FC22
10FC23
10FC23
10FC24
10FC24
10F825
10F826
10F826
10F827
10F827
10F828
10F428
10F429
10F42A
10F42A
10F42B
10F42B
10F02C
10F02D
10F02D
10F02E
10F02E
10F02F
10EC30
10EC30
10EC31
10EC32
10EC32
10EC33
10E833
10E834
10E835
10E835
10E836
10E437
10E437
10E438
10E439
10E439
10E43A
10E03B
10E03C
10E03C
10E03D
10E03E
10E03E
10DC3F
10DC40
10DC41
10DC41
10DC42
10DC43
10D843
10D844
10D845
10D846
10D846
10D847
10D848
10D449
10D449
10D44A
10D44B
10D44C
10D44D
10D04D
10D04E
10D04F
10D050
10D051
10D051
10D052
10CC53
10CC54
10CC55
10CC55
10CC56
10CC57
10CC58
10C859
10C85A
10C85B
10C85B
10C85C
10C85D
10C85E
10C45F
10C460
10C461
10C461
10C462
10C463
10C464
10C465
10C066
10C067
10C068
10C069
10C06A
10C06A
10C06B
10C06C
10C06D
10BC6E
10BC6F
10BC70
10BC71
10BC72
10BC73
10BC74
10BC75
10BC76
10BC77
10BC78
10B879
10B879
10B87A
10B87B
10B87C
10B87D
10B87E
10B87F
10B880
10B881
10B882
10B883
10B884
10B885
10B486
10B487
10B488
10B489
10B48A
10B48B
10B48C
10B48D
10B48E
10B48F
10B490
10B491
10B492
10B493
10B494
10B495
10B496
10B497
10B498
10B499
10B49A
10B49B
10B49C
10B49D
10B49E
10B49F
10B4A0
10B4A1
10B4A2
10B4A3
10B4A4
10B4A5
10B4A6
10B4A7
10B4A8
10B4A9
10B4AA
10B4AB
10B4AC
10B4AD
10B4AE
10B4AF
10B4B0
10B4B1
10B4B2
10B4B3
10B4B4
10B4B5
10B4B6
10B4B7
10B4B8
10B4B9
10B4BA
10B4BB
10B8BC
10B8BD
10B8BE
10B8BF
10B8C0
10B8C1
10B8C2
10B8C3
10B8C4
10B8C5
10B8C6
10B8C7
10B8C8
10B8C9
10BCCA
10BCCB
10BCCC
10BCCD
10BCCE
10BCCF
10BCD0
10BCD1
10BCD2
10BCD3
10C0D3
10C0D4
10C0D5
10C0D6
10C0D7
10C0D8
10C0D9
10C0DA
10C0DB
10C0DC
10C4DD
10C4DD
10C4DE
10C4DF
10C4E0
10C4E1
10C4E2
10C4E3
10C8E4
10C8E5
10C8E5
10C8E6
10C8E7
10C8E8
10C8E9
10CCEA
10CCEA
10CCEB
10CCEC
10CCED
10CCEE
10CCEF
10D0EF
10D0F0
10D0F1
10D0F2
10D0F3
10D0F3
10D0F4
10D4F5
10D4F6
10D4F7
10D4F7
10D4F8
10D4F9
10D8FA
10D8FA
10D8FB
10D8FC
10D8FD
10D8FD
10DCFE
10DCFF
10DD00
10DD00
10DD01
10DD02
10DD03
10E103
10E104
10E105
10E105
10E106
10E107
10E507
10E508
10E509
10E509
10E50A
10E90B
10E90B
10E90C
10E90D
10E90D
10E90E
10ED0F
10ED0F
10ED10
10ED11
10ED11
10ED12
10F113
10F113
10F114
10F114
10F115
10F116
10F516
10F517
10F517
10F518
10F519
10F519
10F91A
10F91A
10F91B
10F91B
10F91C
10FD1D
10FD1D
10FD1E
10FD1E
10FD1F
10FD1F
110120
110120
110121
11041E
11041F
11041F
110420
110421
110021
110022
110022
110023
110023
110024
10FC24
10FC25
10FC25
10FC26
10FC27
10FC27
10F828
10F828
10F829
10F829
10F82A
10F82B
10F42B
10F42C
10F42C
10F42D
10F42E
10F02E
10F02F
10F030
10F030
10F031
10F031
10EC32
10EC33
10EC33
10EC34
10EC35
10EC35
10E836
10E837
10E837
10E838
10E839
10E839
10E43A
10E43B
10E43B
10E43C
10E43D
10E43E
10E03E
10E03F
10E040
10E040
10E041
10E042
10DC43
10DC43
10DC44
10DC45
10DC46
10DC46
10D847
10D848
10D849
10D849
10D84A
10D84B
10D84C
10D44C
10D44D
10D44E
10D44F
10D450
10D450
10D051
10D052
10D053
10D054
10D055
10D055
10D056
10CC57
10CC58
10CC59
10CC5A
10CC5A
10CC5B
10CC5C
10CC5D
10C85E
10C85F
10C860
10C860
10C861
10C862
10C863
10C864
10C465
10C466
10C467
10C468
10C469
10C469
10C46A
10C46B
10C46C
10C06D
10C06E
10C06F
10C070
10C071
10C072
10C073
10C074
10C075
10C076
10BC77
10BC78
10BC78
10BC79
10BC7A
10BC7B
10BC7C
10BC7D
10BC7E
10BC7F
10BC80
10BC81
10BC82
10B883
10B884
10B885
10B886
10B887
10B888
10B889
10B88A
10B88B
10B88C
10B88D
10B88E
10B88F
10B890
10B891
10B892
10B893
10B894
10B895
10B896
10B897
10B898
10B899
10B89A
10B89B
10B89C
10B89D
10B89E
10B89F
10B8A0
10B8A1
10B8A2
10B8A3
10B8A4
10B8A5
10B8A6
10B8A7
10B8A8
10B8A9
10B8AA
10B8AB
10B8AC
10B8AD
10B8AE
10B8AF
10B8B1
10B8B2
10B8B3
10B8B4
10B8B5
10B8B6
10B8B7
10B8B8
10B8B9
10B8BA
10B8BB
10B8BB
10B8BC
10B8BD
10B8BE
10BCBF
10BCC0
10BCC1
10BCC2
10BCC3
10BCC4
10BCC5
10BCC6
10BCC7
10BCC8
10BCC9
10BCCA
10BCCB
10C0CC
10C0CD
10C0CE
10C0CF
10C0D0
10C0D1
10C0D2
10C0D3
10C0D4
10C0D4
10C4D5
10C4D6
10C4D7
10C4D8
10C4D9
10C4DA
10C4DB
10C4DC
10C4DD
10C8DE
10C8DE
10C8DF
10C8E0
10C8E1
10C8E2
10C8E3
10C8E4
10CCE5
10CCE5
10CCE6
10CCE7
10CCE8
10CCE9
10CCEA
10D0EB
10D0EB
10D0EC
10D0ED
10D0EE
10D0EF
10D0F0
10D4F0
10D4F1
10D4F2
10D4F3
10D4F4
10D4F4
10D4F5
10D8F6
10D8F7
10D8F7
10D8F8
10D8F9
10D8FA
10D8FB
10DCFB
10DCFC
10DCFD
10DCFE
10DCFE
10DCFF
10E100
10E101
10E101
10E102
10E103
10E103
10E504
10E505
10E505
10E506
10E507
10E508
10E908
10E909
10E90A
10E90A
10E90B
10E90C
10ED0C
10ED0D
10ED0E
10ED0E
10ED0F
10ED10
10F110
10F111
10F111
10F112
10F113
10F113
10F514
10F515
10F515
10F516
10F516
10F917
10F918
10F918
10F919
10F919
10F91A
10FD1A
10FD1B
10FD1C
10FD1C
10FD1D
10FD1D
11011E
11011E
11011F
11011F
110120
110121
110521
11081E
11081F
11081F
110420
110420
110421
110421
110422
110423
110023
110024
110024
110025
110025
110026
10FC26
10FC27
10FC28
10FC28
10FC29
10FC29
10F82A
10F82B
10F82B
10F82C
10F82C
10F82D
10F42E
10F42E
10F42F
10F42F
10F430
10F431
10F031
10F032
10F033
10F033
10F034
10F035
10EC35
10EC36
10EC37
10EC37
10EC38
10EC39
10E839
10E83A
10E83B
10E83B
10E83C
10E83D
10E43D
10E43E
10E43F
10E440
10E440
10E441
10E042
10E042
10E043
10E044
10E045
10E045
10DC46
10DC47
10DC48
10DC48
10DC49
10DC4A
10D84B
10D84C
10D84C
10D84D
10D84E
10D84F
10D850
10D450
10D451
10D452
10D453
10D454
10D454
10D455
10D056
10D057
10D058
10D059
10D059
10D05A
10D05B
10CC5C
10CC5D
10CC5E
10CC5F
10CC5F
10CC60
10CC61
10CC62
10C863
10C864
10C865
10C866
10C867
10C868
10C868
10C869
10C86A
10C46B
10C46C
10C46D
10C46E
10C46F
10C470
10C471
10C472
10C473
10C474
10C075
10C076
10C076
10C077
10C078
10C079
10C07A
10C07B
10C07C
10C07D
10C07E
10C07F
10C080
10BC81
10BC82
10BC83
10BC84
10BC85
10BC86
10BC87
10BC88
10BC89
10BC8A
10BC8B
10BC8C
10BC8D
10BC8E
10BC8F
10BC90
10BC91
10BC92
10BC93
10BC94
10BC95
10B896
10B897
10B898
10B899
10B89A
10B89B
10B89C
10B89D
10B89E
10B89F
10B8A0
10B8A1
10B8A2
10B8A3
10B8A4
10B8A5
10B8A6
10B8A7
10B8A8
10B8A9
10B8AA
10B8AB
10BCAC
10BCAD
10BCAF
10BCB0
10BCB1
10BCB2
10BCB3
10BCB4
10BCB5
10BCB6
10BCB7
10BCB8
10BCB9
10BCBA
10BCBB
10BCBC
10BCBD
10BCBE
10BCBF
10BCBF
10BCC0
10C0C1
10C0C2
10C0C3
10C0C4
10C0C5
10C0C6
10C0C7
10C0C8
10C0C9
10C0CA
10C0CB
10C0CC
10C0CD
10C4CE
10C4CF
10C4D0
10C4D1
10C4D2
10C4D3
10C4D4
10C4D5
10C4D6
10C4D6
10C8D7
10C8D8
10C8D9
10C8DA
10C8DB
10C8DC
10C8DD
10C8DE
10C8DF
10CCDF
10CCE0
10CCE1
10CCE2
10CCE3
10CCE4
10CCE5
10D0E6
10D0E6
10D0E7
10D0E8
10D0E9
10D0EA
10D0EB
10D0EC
10D4EC
10D4ED
10D4EE
10D4EF
10D4F0
10D4F0
10D4F1
10D8F2
10D8F3
10D8F4
10D8F4
10D8F5
10D8F6
10DCF7
10DCF8
10DCF8
10DCF9
10DCFA
10DCFB
10DCFB
10E0FC
10E0FD
10E0FE
10E0FE
10E0FF
10E100
10E501
10E501
10E502
10E503
10E504
10E504
10E905
10E906
10E906
10E907
10E908
10E908
10ED09
10ED0A
10ED0A
10ED0B
10ED0C
10ED0C
10F10D
10F10E
10F10E
10F10F
10F110
10F110
10F511
10F512
10F512
10F513
10F513
10F514
10F915
10F915
10F916
10F916
10F917
10F918
10FD18
10FD19
10FD19
10FD1A
10FD1B
10FD1B
11011C
11011C
11011D
11011D
11011E
11011E
11051F
110520
110520
110521
110521
110C1E
110C1F
11081F
110820
110820
110821
110821
110822
110422
110423
110423
110424
110425
110425
110026
110026
110027
110027
110028
110029
10FC29
10FC2A
10FC2A
10FC2B
10FC2C
10F82C
10F82D
10F82D
10F82E
10F82F
10F82F
10F430
10F431
10F431
10F432
10F432
10F433
10F034
10F034
10F035
10F036
10F036
10F037
10EC38
10EC38
10EC39
10EC3A
10EC3A
10EC3B
10E83C
10E83D
10E83D
10E83E
10E83F
10E83F
10E440
10E441
10E442
10E442
10E443
10E444
10E445
10E045
10E046
10E047
10E048
10E048
10E049
10DC4A
10DC4B
10DC4B
10DC4C
10DC4D
10DC4E
10DC4F
10D84F
10D850
10D851
10D852
10D853
10D853
10D854
10D455
10D456
10D457
10D458
10D458
10D459
10D45A
10D05B
10D05C
10D05D
10D05E
10D05F
10D05F
10D060
10D061
10CC62
10CC63
10CC64
10CC65
10CC66
10CC67
10CC67
10CC68
10CC69
10C86A
10C86B
10C86C
10C86D
10C86E
10C86F
10C870
10C871
10C872
10C473
10C474
10C474
10C475
10C476
10C477
10C478
10C479
10C47A
10C47B
10C47C
10C47D
10C07E
10C07F
10C080
10C081
10C082
10C083
10C084
10C085
10C086
10C087
10C088
10C089
10C08A
10C08B
10C08C
10C08D
10C08E
10C08F
10C090
10BC91
10BC92
10BC93
10BC94
10BC95
10BC96
10BC97
10BC98
10BC99
10BC9A
10BC9B
10BC9C
10BC9D
10BC9E
10BC9F
10BCA0
10BCA1
10BCA2
10BCA3
10BCA4
10BCA5
10BCA6
10BCA7
10BCA8
10BCA9
10BCAA
10BCAB
10BCAD
10BCAE
10BCAF
10BCB0
10BCB1
10C0B2
10C0B3
10C0B4
10C0B5
10C0B6
10C0B7
10C0B8
10C0B9
10C0BA
10C0BB
10C0BC
10C0BD
10C0BE
10C0BF
10C0C0
10C0C1
10C0C2
10C0C2
10C0C3
10C4C4
10C4C5
10C4C6
10C4C7
10C4C8
10C4C9
10C4CA
10C4CB
10C4CC
10C4CD
10C4CE
10C4CF
10C8D0
10C8D1
10C8D2
10C8D3
10C8D4
10C8D5
10C8D6
10C8D7
10C8D7
10CCD8
10CCD9
10CCDA
10CCDB
10CCDC
10CCDD
10CCDE
10CCDF
10CCE0
10D0E0
10D0E1
10D0E2
10D0E3
10D0E4
10D0E5
10D0E6
10D0E7
10D4E7
10D4E8
10D4E9
10D4EA
10D4EB
10D4EC
10D4EC
10D8ED
10D8EE
10D8EF
10D8F0
10D8F1
10D8F1
10D8F2
10DCF3
10DCF4
10DCF5
10DCF5
10DCF6
10DCF7
10DCF8
10E0F9
10E0F9
10E0FA
10E0FB
10E0FC
10E0FC
10E4FD
10E4FE
10E4FF
10E4FF
10E500
10E501
10E902
10E902
10E903
10E904
10E904
10E905
10E906
10ED06
10ED07
10ED08
10ED09
10ED09
10ED0A
10F10B
10F10B
10F10C
10F10D
10F10D
10F10E
10F50F
10F50F
10F510
10F510
10F511
10F512
10F912
10F913
10F914
10F914
10F915
10FD15
10FD16
10FD17
10FD17
10FD18
10FD18
110119
11011A
11011A
11011B
11011B
11011C
11051C
11051D
11051E
11051E
11051F
11051F
110920
110920
110921
110921
110C1E
110C1F
110C1F
110C20
110C20
110C21
110821
110822
110822
110823
110823
110824
110424
110425
110426
110426
110427
110427
110028
110028
110029
11002A
11002A
11002B
10FC2B
10FC2C
10FC2D
10FC2D
10FC2E
10FC2E
10F82F
10F830
10F830
10F831
10F832
10F832
10F433
10F434
10F434
10F435
10F436
10F436
10F037
10F038
10F038
10F039
10F03A
10F03A
10EC3B
10EC3C
10EC3C
10EC3D
10EC3E
10EC3F
10E83F
10E840
10E841
10E841
10E842
10E843
10E444
10E444
10E445
10E446
10E447
10E447
10E448
10E049
10E04A
10E04B
10E04B
10E04C
10E04D
10E04E
10DC4E
10DC4F
10DC50
10DC51
10DC52
10DC53
10D853
10D854
10D855
10D856
10D857
10D858
10D858
10D859
10D45A
10D45B
10D45C
10D45D
10D45E
10D45E
10D45F
10D460
10D061
10D062
10D063
10D064
10D065
10D066
10D066
10D067
10CC68
10CC69
10CC6A
10CC6B
10CC6C
10CC6D
10CC6E
10CC6F
10CC70
10CC71
10C872
10C873
10C873
10C874
10C875
10C876
10C877
10C878
10C879
10C87A
10C87B
10C47C
10C47D
10C47E
10C47F
10C480
10C481
10C482
10C483
10C484
10C485
10C486
10C487
10C488
10C489
10C48A
10C48B
10C48C
10C08D
10C08E
10C08F
10C090
10C091
10C092
10C093
10C094
10C095
10C096
10C097
10C098
10C099
10C09A
10C09B
10C09C
10C09D
10C09E
10C09F
10C0A0
10C0A1
10C0A2
10C0A3
10C0A4
10C0A5
10C0A6
10C0A7
10C0A8
10C0A9
10C0AA
10C0AC
10C0AD
10C0AE
10C0AF
10C0B0
10C0B1
10C0B2
10C0B3
10C0B4
10C0B5
10C4B6
10C4B7
10C4B8
10C4B9
10C4BA
10C4BB
10C4BC
10C4BD
10C4BE
10C4BF
10C4C0
10C4C1
10C4C2
10C4C3
10C4C4
10C4C5
10C4C5
10C8C6
10C8C7
10C8C8
10C8C9
10C8CA
10C8CB
10C8CC
10C8CD
10C8CE
10C8CF
10C8D0
10CCD1
10CCD2
10CCD3
10CCD4
10CCD5
10CCD6
10CCD7
10CCD8
10CCD8
10CCD9
10D0DA
10D0DB
10D0DC
10D0DD
10D0DE
10D0DF
10D0E0
10D0E1
10D4E1
10D4E2
10D4E3
10D4E4
10D4E5
10D4E6
10D4E7
10D4E8
10D8E8
10D8E9
10D8EA
10D8EB
10D8EC
10D8ED
10D8ED
10DCEE
10DCEF
10DCF0
10DCF1
10DCF2
10DCF2
10DCF3
10E0F4
10E0F5
10E0F6
10E0F6
10E0F7
10E0F8
10E0F9
10E4F9
10E4FA
10E4FB
10E4FC
10E4FC
10E4FD
10E8FE
10E8FF
10E8FF
10E900
10E901
10E902
10E902
10ED03
10ED04
10ED05
10ED05
10ED06
10ED07
10F107
10F108
10F109
10F109
10F10A
10F10B
10F50B
10F50C
10F50D
10F50D
10F50E
10F50F
10F90F
10F910
10F911
10F911
10F912
10F912
10FD13
10FD14
10FD14
10FD15
10FD16
10FD16
110117
110117
110118
110119
110119
11011A
11051A
11051B
11051B
11051C
11051D
11051D
11091E
11091E
11091F
11091F
110920
110920
110D21
110D21
11101E
11101E
11101F
11101F
111020
110C20
110C21
110C22
110C22
110C23
110C23
110824
110824
110825
110825
110826
110827
110427
110428
110428
110429
11042A
11042A
11002B
11002B
11002C
11002D
11002D
11002E
10FC2E
10FC2F
10FC30
10FC30
10FC31
10FC32
10F832
10F833
10F833
10F834
10F835
10F835
10F436
10F437
10F437
10F438
10F439
10F439
10F03A
10F03B
10F03C
10F03C
10F03D
10F03E
10EC3E
10EC3F
10EC40
10EC41
10EC41
10EC42
10E843
10E844
10E844
10E845
10E846
10E847
10E847
10E448
10E449
10E44A
10E44A
10E44B
10E44C
10E04D
10E04E
10E04E
10E04F
10E050
10E051
10E052
10DC52
10DC53
10DC54
10DC55
10DC56
10DC57
10DC57
10D858
10D859
10D85A
10D85B
10D85C
10D85D
10D85D
10D85E
10D45F
10D460
10D461
10D462
10D463
10D464
10D465
10D465
10D466
10D067
10D068
10D069
10D06A
10D06B
10D06C
10D06D
10D06E
10D06F
10CC70
10CC71
10CC71
10CC72
10CC73
10CC74
10CC75
10CC76
10CC77
10CC78
10CC79
10C87A
10C87B
10C87C
10C87D
10C87E
10C87F
10C880
10C881
10C882
10C883
10C884
10C885
10C886
10C887
10C888
10C889
10C48A
10C48B
10C48C
10C48D
10C48E
10C48F
10C490
10C491
10C492
10C493
10C494
10C495
10C496
10C497
10C498
10C499
10C49A
10C49B
10C49C
10C49D
10C49E
10C49F
10C4A0
10C4A1
10C4A2
10C4A3
10C4A4
10C4A5
10C4A6
10C4A7
10C4A8
10C4A9
10C4AB
10C4AC
10C4AD
10C4AE
10C4AF
10C4B0
10C4B1
10C4B2
10C4B3
10C4B4
10C4B5
10C4B6
10C4B7
10C4B8
10C8B9
10C8BA
10C8BB
10C8BC
10C8BD
10C8BE
10C8BF
10C8C0
10C8C1
10C8C2
10C8C3
10C8C4
10C8C5
10C8C6
10C8C7
10C8C8
10CCC8
10CCC9
10CCCA
10CCCB
10CCCC
10CCCD
10CCCE
10CCCF
10CCD0
10CCD1
10CCD2
10D0D3
10D0D4
10D0D5
10D0D6
10D0D7
10D0D8
10D0D9
10D0D9
10D0DA
10D4DB
10D4DC
10D4DD
10D4DE
10D4DF
10D4E0
10D4E1
10D4E2
10D4E2
10D8E3
10D8E4
10D8E5
10D8E6
10D8E7
10D8E8
10D8E9
10DCE9
10DCEA
10DCEB
10DCEC
10DCED
10DCEE
10DCEE
10DCEF
10E0F0
10E0F1
10E0F2
10E0F2
10E0F3
10E0F4
10E0F5
10E4F6
10E4F6
10E4F7
10E4F8
10E4F9
10E4FA
10E8FA
10E8FB
10E8FC
10E8FD
10E8FD
10E8FE
10E8FF
10ED00
10ED00
10ED01
10ED02
10ED02
10ED03
10F104
10F105
10F105
10F106
10F107
10F107
10F508
10F509
10F509
10F50A
10F50B
10F50C
10F90C
10F90D
10F90D
10F90E
10F90F
10F90F
10FD10
10FD11
10FD11
10FD12
10FD13
10FD13
110114
110114
110115
110116
110116
110117
110517
110518
110519
110519
11051A
11051A
11091B
11091C
11091C
11091D
11091D
11091E
110D1E
110D1F
110D1F
110D20
110D21
110D21
111122
11141E
11141E
11141F
11101F
111020
111020
111021
111021
111022
110C23
110C23
110C24
110C24
110C25
110C25
110826
110826
110827
110828
110828
110829
110429
11042A
11042B
11042B
11042C
11042C
11002D
11002E
11002E
11002F
11002F
110030
10FC31
10FC31
10FC32
10FC33
10FC33
10FC34
10F835
10F835
10F836
10F837
10F837
10F838
10F439
10F439
10F43A
10F43B
10F43B
10F43C
10F43D
10F03E
10F03E
10F03F
10F040
10F040
10F041
10EC42
10EC43
10EC43
10EC44
10EC45
10EC46
10E846
10E847
10E848
10E849
10E849
10E84A
10E84B
10E44C
10E44D
10E44D
10E44E
10E44F
10E450
10E451
10E051
10E052
10E053
10E054
10E055
10E056
10E056
10DC57
10DC58
10DC59
10DC5A
10DC5B
10DC5C
10DC5C
10DC5D
10D85E
10D85F
10D860
10D861
10D862
10D863
10D864
10D864
10D465
10D466
10D467
10D468
10D469
10D46A
10D46B
10D46C
10D46D
10D06E
10D06F
10D070
10D070
10D071
10D072
10D073
10D074
10D075
10D076
10D077
10CC78
10CC79
10CC7A
10CC7B
10CC7C
10CC7D
10CC7E
10CC7F
10CC80
10CC81
10CC82
10CC83
10CC84
10CC85
10CC86
10C887
10C888
10C889
10C88A
10C88B
10C88C
10C88D
10C88E
10C88F
10C890
10C891
10C892
10C893
10C894
10C895
10C896
10C897
10C898
10C899
10C89A
10C89B
10C89C
10C89D
10C89E
10C89F
10C8A0
10C8A1
10C8A2
10C8A3
10C8A4
10C8A5
10C8A6
10C8A7
10C8A8
10C8AA
10C8AB
10C8AC
10C8AD
10C8AE
10C8AF
10C8B0
10C8B1
10C8B2
10C8B3
10C8B4
10C8B5
10C8B6
10C8B7
10C8B8
10C8B9
10C8BA
10C8BB
10CCBC
10CCBD
10CCBE
10CCBF
10CCC0
10CCC1
10CCC2
10CCC3
10CCC4
10CCC5
10CCC6
10CCC7
10CCC8
10CCC9
10CCCA
10D0CA
10D0CB
10D0CC
10D0CD
10D0CE
10D0CF
10D0D0
10D0D1
10D0D2
10D0D3
10D4D4
10D4D5
10D4D6
10D4D7
10D4D8
10D4D9
10D4DA
10D4DA
10D4DB
10D4DC
10D8DD
10D8DE
10D8DF
10D8E0
10D8E1
10D8E2
10D8E3
10D8E3
10DCE4
10DCE5
10DCE6
10DCE7
10DCE8
10DCE9
10DCE9
10DCEA
10E0EB
10E0EC
10E0ED
10E0EE
10E0EF
10E0EF
10E0F0
10E4F1
10E4F2
10E4F3
10E4F3
10E4F4
10E4F5
10E4F6
10E8F7
10E8F7
10E8F8
10E8F9
10E8FA
10E8FA
10E8FB
10ECFC
10ECFD
10ECFD
10ECFE
10ECFF
10ED00
10F100
10F101
10F102
10F103
10F103
10F104
10F505
10F505
10F506
10F507
10F508
10F508
10F509
10F90A
10F90A
10F90B
10F90C
10F90C
10F90D
10FD0E
10FD0E
10FD0F
10FD10
10FD10
10FD11
110112
110112
110113
110113
110114
110115
110515
110516
110516
110517
110518
110518
110919
110919
11091A
11091B
11091B
11091C
110D1C
110D1D
110D1D
110D1E
110D1F
110D1F
111120
111120
111121
111121
111122
11181E
11141E
11141F
11141F
111420
111420
111421
111421
111022
111022
111023
111023
111024
111025
110C25
110C26
110C26
110C27
110C27
110C28
110829
110829
11082A
11082A
11082B
11082C
11042C
11042D
11042D
11042E
11042F
11042F
110030
110031
110031
110032
110033
110033
10FC34
10FC34
10FC35
10FC36
10FC36
10FC37
10F838
10F839
10F839
10F83A
10F83B
10F83B
10F43C
10F43D
10F43D
10F43E
10F43F
10F440
10F440
10F041
10F042
10F042
10F043
10F044
10F045
10EC46
10EC46
10EC47
10EC48
10EC49
10EC49
10EC4A
10E84B
10E84C
10E84C
10E84D
10E84E
10E84F
10E850
10E451
10E451
10E452
10E453
10E454
10E455
10E455
10E056
10E057
10E058
10E059
10E05A
10E05B
10E05B
10E05C
10DC5D
10DC5E
10DC5F
10DC60
10DC61
10DC62
10DC63
10DC63
10D864
10D865
10D866
10D867
10D868
10D869
10D86A
10D86B
10D86C
10D46D
10D46E
10D46E
10D46F
10D470
10D471
10D472
10D473
10D474
10D475
10D476
10D077
10D078
10D079
10D07A
10D07B
10D07C
10D07D
10D07E
10D07F
10D080
10D081
10D082
10D083
10CC84
10CC85
10CC86
10CC87
10CC88
10CC89
10CC8A
10CC8B
10CC8C
10CC8D
10CC8E
10CC8F
10CC90
10CC91
10CC92
10CC93
10CC94
10CC95
10CC96
10CC97
10CC98
10CC99
10CC9A
10CC9B
10CC9C
10CC9D
10CC9E
10CC9F
10CCA0
10CCA1
10CCA2
10CCA3
10CCA4
10CCA5
10CCA6
10CCA7
10CCA9
10CCAA
10CCAB
10CCAC
10CCAD
10CCAE
10CCAF
10CCB0
10CCB1
10CCB2
10CCB3
10CCB4
10CCB5
10CCB6
10CCB7
10CCB8
10CCB9
10CCBA
10CCBB
10CCBC
10CCBD
10D0BE
10D0BF
10D0C0
10D0C1
10D0C2
10D0C3
10D0C4
10D0C5
10D0C6
10D0C7
10D0C8
10D0C9
10D0CA
10D0CB
10D4CC
10D4CC
10D4CD
10D4CE
10D4CF
10D4D0
10D4D1
10D4D2
10D4D3
10D4D4
10D4D5
10D8D6
10D8D7
10D8D8
10D8D9
10D8DA
10D8DB
10D8DB
10D8DC
10D8DD
10DCDE
10DCDF
10DCE0
10DCE1
10DCE2
10DCE3
10DCE4
10DCE4
10E0E5
10E0E6
10E0E7
10E0E8
10E0E9
10E0EA
10E0EA
10E0EB
10E4EC
10E4ED
10E4EE
10E4EF
10E4EF
10E4F0
10E4F1
10E8F2
10E8F3
10E8F4
10E8F4
10E8F5
10E8F6
10E8F7
10ECF7
10ECF8
10ECF9
10ECFA
10ECFB
10ECFB
10ECFC
10F0FD
10F0FE
10F0FE
10F0FF
10F100
10F101
10F501
10F502
10F503
10F503
10F504
10F505
10F506
10F906
10F907
10F908
10F908
10F909
10F90A
10FD0A
10FD0B
10FD0C
10FD0C
10FD0D
10FD0E
11010E
11010F
110110
110110
110111
110112
110512
110513
110514
110514
110515
110515
110916
110917
110917
110918
110918
110919
110D1A
110D1A
110D1B
110D1B
110D1C
110D1C
11111D
11111E
11111E
11111F
11111F
111120
111520
111521
111521
111522
11181D
11181E
11181E
11181F
111820
111820
111421
111421
111422
111422
111423
111423
111024
111024
111025
111026
111026
111027
110C27
110C28
110C29
110C29
110C2A
110C2A
11082B
11082B
11082C
11082D
11082D
11082E
11042F
11042F
110430
110430
110431
110432
110432
110033
110034
110034
110035
110036
110036
10FC37
10FC38
10FC38
10FC39
10FC3A
10FC3A
10F83B
10F83C
10F83D
10F83D
10F83E
10F83F
10F43F
10F440
10F441
10F442
10F442
10F443
10F444
10F045
10F045
10F046
10F047
10F048
10F048
10F049
10EC4A
10EC4B
10EC4C
10EC4C
10EC4D
10EC4E
10E84F
10E850
10E850
10E851
10E852
10E853
10E854
10E855
10E455
10E456
10E457
10E458
10E459
10E45A
10E45B
10E05B
10E05C
10E05D
10E05E
10E05F
10E060
10E061
10E062
10DC62
10DC63
10DC64
10DC65
10DC66
10DC67
10DC68
10DC69
10DC6A
10DC6B
10D86C
10D86D
10D86D
10D86E
10D86F
10D870
10D871
10D872
10D873
10D874
10D475
10D476
10D477
10D478
10D479
10D47A
10D47B
10D47C
10D47D
10D47E
10D47F
10D480
10D481
10D082
10D083
10D084
10D085
10D086
10D087
10D088
10D089
10D08A
10D08B
10D08C
10D08D
10D08E
10D08F
10D090
10D091
10D092
10D093
10D094
10D095
10D096
10D097
10D098
10D099
10D09A
10D09B
10D09C
10D09D
10D09E
10D09F
10D0A0
10D0A1
10D0A2
10D0A3
10D0A4
10D0A5
10D0A6
10D0A7
10D0A9
10D0AA
10D0AB
10D0AC
10D0AD
10D0AE
10D0AF
10D0B0
10D0B1
10D0B2
10D0B3
10D0B4
10D0B5
10D0B6
10D0B7
10D0B8
10D0B9
10D0BA
10D0BB
10D0BC
10D0BD
10D0BE
10D0BF
10D0C0
10D4C1
10D4C2
10D4C3
10D4C4
10D4C5
10D4C6
10D4C7
10D4C8
10D4C9
10D4CA
10D4CB
10D4CC
10D4CD
10D8CE
10D8CE
10D8CF
10D8D0
10D8D1
10D8D2
10D8D3
10D8D4
10D8D5
10D8D6
10DCD7
10DCD8
10DCD9
10DCDA
10DCDB
10DCDC
10DCDC
10DCDD
10DCDE
10E0DF
10E0E0
10E0E1
10E0E2
10E0E3
10E0E4
10E0E5
10E0E5
10E0E6
10E4E7
10E4E8
10E4E9
10E4EA
10E4EB
10E4EB
10E4EC
10E8ED
10E8EE
10E8EF
10E8F0
10E8F0
10E8F1
10E8F2
10ECF3
10ECF4
10ECF4
10ECF5
10ECF6
10ECF7
10ECF8
10F0F8
10F0F9
10F0FA
10F0FB
10F0FB
10F0FC
10F0FD
10F4FE
10F4FE
10F4FF
10F500
10F501
10F501
10F502
10F903
10F904
10F904
10F905
10F906
10F906
10FD07
10FD08
10FD09
10FD09
10FD0A
10FD0B
11010B
11010C
11010D
11010D
11010E
11010F
11050F
110510
110511
110511
110512
110512
110913
110914
110914
110915
110916
110916
110917
110D17
110D18
110D18
110D19
110D1A
110D1A
11111B
11111B
11111C
11111D
11111D
11111E
11151E
11151F
11151F
111520
111520
111521
111921
111922
111C1D
111C1E
111C1E
111C1F
11181F
111820
111820
111821
111822
111822
111823
111423
111424
111424
111425
111425
111426
111027
111027
111028
111028
111029
11102A
110C2A
110C2B
110C2B
110C2C
110C2D
110C2D
11082E
11082E
11082F
110830
110830
110831
110432
110432
110433
110434
110434
110435
110436
110036
110037
110038
110038
110039
11003A
10FC3A
10FC3B
10FC3C
10FC3C
10FC3D
10FC3E
10F83F
10F83F
10F840
10F841
10F842
10F842
10F843
10F444
10F444
10F445
10F446
10F447
10F448
10F048
10F049
10F04A
10F04B
10F04B
10F04C
10F04D
10EC4E
10EC4F
10EC4F
10EC50
10EC51
10EC52
10EC53
10E854
10E854
10E855
10E856
10E857
10E858
10E859
10E85A
10E45A
10E45B
10E45C
10E45D
10E45E
10E45F
10E460
10E461
10E061
10E062
10E063
10E064
10E065
10E066
10E067
10E068
10E069
10DC6A
10DC6B
10DC6C
10DC6C
10DC6D
10DC6E
10DC6F
10DC70
10DC71
10DC72
10D873
10D874
10D875
10D876
10D877
10D878
10D879
10D87A
10D87B
10D87C
10D87D
10D87E
10D87F
10D480
10D481
10D482
10D483
10D484
10D485
10D486
10D487
10D488
10D489
10D48A
10D48B
10D48C
10D48D
10D48E
10D48F
10D490
10D491
10D492
10D493
10D494
10D495
10D096
10D097
10D098
10D099
10D09A
10D09B
10D09C
10D09D
10D09E
10D09F
10D0A0
10D0A1
10D0A2
10D0A3
10D0A4
10D0A5
10D0A6
10D0A8
10D0A9
10D0AA
10D0AB
10D0AC
10D4AD
10D4AE
10D4AF
10D4B0
10D4B1
10D4B2
10D4B3
10D4B4
10D4B5
10D4B6
10D4B7
10D4B8
10D4B9
10D4BA
10D4BB
10D4BC
10D4BD
10D4BE
10D4BF
10D4C0
10D4C1
10D4C2
10D8C3
10D8C4
10D8C5
10D8C6
10D8C7
10D8C8
10D8C9
10D8CA
10D8CB
10D8CC
10D8CD
10D8CE
10D8CF
10DCCF
10DCD0
10DCD1
10DCD2
10DCD3
10DCD4
10DCD5
10DCD6
10DCD7
10DCD8
10E0D9
10E0DA
10E0DB
10E0DC
10E0DD
10E0DD
10E0DE
10E0DF
10E0E0
10E4E1
10E4E2
10E4E3
10E4E4
10E4E5
10E4E5
10E4E6
10E4E7
10E8E8
10E8E9
10E8EA
10E8EB
10E8EB
10E8EC
10E8ED
10ECEE
10ECEF
10ECF0
10ECF0
10ECF1
10ECF2
10ECF3
10ECF4
10F0F5
10F0F5
10F0F6
10F0F7
10F0F8
10F0F9
10F0F9
10F4FA
10F4FB
10F4FC
10F4FC
10F4FD
10F4FE
10F8FF
10F8FF
10F900
10F901
10F902
10F902
10F903
10FD04
10FD04
10FD05
10FD06
10FD07
10FD07
110108
110109
110109
11010A
11010B
11010B
11050C
11050D
11050D
11050E
11050F
11050F
110510
110911
110911
110912
110913
110913
110914
110D14
110D15
110D16
110D16
110D17
110D17
111118
111119
111119
11111A
11111A
11111B
11151C
11151C
11151D
11151D
11151E
11151E
11191F
11191F
111920
111921
111921
111922
111D22
11201D
11201E
11201E
111C1F
111C1F
111C20
111C20
111C21
111C21
111822
111823
111823
111824
111824
111825
111425
111426
111426
111427
111428
111428
111429
111029
11102A
11102B
11102B
11102C
11102C
110C2D
110C2E
110C2E
110C2F
110C30
110C30
110831
110831
110832
110833
110833
110834
110435
110435
110436
110437
110437
110438
110439
110039
11003A
11003B
11003C
11003C
11003D
10FC3E
10FC3E
10FC3F
10FC40
10FC41
10FC41
10F842
10F843
10F844
10F844
10F845
10F846
10F847
10F447
10F448
10F449
10F44A
10F44B
10F44B
10F44C
10F04D
10F04E
10F04F
10F04F
10F050
10F051
10F052
10EC53
10EC53
10EC54
10EC55
10EC56
10EC57
10EC58
10EC59
10E859
10E85A
10E85B
10E85C
10E85D
10E85E
10E85F
10E860
10E460
10E461
10E462
10E463
10E464
10E465
10E466
10E467
10E468
10E069
10E06A
10E06A
10E06B
10E06C
10E06D
10E06E
10E06F
10E070
10E071
10DC72
10DC73
10DC74
10DC75
10DC76
10DC77
10DC78
10DC79
10DC7A
10DC7B
10DC7C
10DC7D
10D87E
10D87F
10D880
10D881
10D882
10D883
10D884
10D885
10D886
10D887
10D888
10D889
10D88A
10D88B
10D88C
10D88D
10D88E
10D88F
10D890
10D891
10D492
10D493
10D494
10D495
10D496
10D497
10D498
10D499
10D49A
10D49B
10D49C
10D49D
10D49E
10D49F
10D4A0
10D4A1
10D4A2
10D4A3
10D4A4
10D4A5
10D4A6
10D4A8
10D4A9
10D4AA
10D4AB
10D4AC
10D4AD
10D4AE
10D4AF
10D4B0
10D8B1
10D8B2
10D8B3
10D8B4
10D8B5
10D8B6
10D8B7
10D8B8
10D8B9
10D8BA
10D8BB
10D8BC
10D8BD
10D8BE
10D8BF
10D8C0
10D8C1
10D8C2
10D8C3
10D8C4
10DCC5
10DCC6
10DCC7
10DCC8
10DCC9
10DCCA
10DCCB
10DCCC
10DCCD
10DCCE
10DCCF
10DCD0
10E0D1
10E0D1
10E0D2
10E0D3
10E0D4
10E0D5
10E0D6
10E0D7
10E0D8
10E0D9
10E4DA
10E4DB
10E4DC
10E4DD
10E4DE
10E4DE
10E4DF
10E4E0
10E4E1
10E8E2
10E8E3
10E8E4
10E8E5
10E8E6
10E8E6
10E8E7
10E8E8
10ECE9
10ECEA
10ECEB
10ECEC
10ECEC
10ECED
10ECEE
10ECEF
10F0F0
10F0F1
10F0F1
10F0F2
10F0F3
10F0F4
10F0F5
10F4F5
10F4F6
10F4F7
10F4F8
10F4F9
10F4F9
10F4FA
10F8FB
10F8FC
10F8FC
10F8FD
10F8FE
10F8FF
10FCFF
10FD00
10FD01
10FD02
10FD02
10FD03
10FD04
110105
110105
110106
110107
110107
110108
110509
110509
11050A
11050B
11050C
11050C
11050D
11090E
11090E
11090F
11090F
110910
110911
110D11
110D12
110D13
110D13
110D14
110D15
111115
111116
111116
111117
111118
111118
111519
111519
11151A
11151B
11151B
11151C
11151C
11191D
11191D
11191E
11191E
11191F
111920
111D20
111D21
111D21
111D22
111D22
11241D
11201E
11201E
11201F
11201F
112020
112020
112021
111C21
111C22
111C22
111C23
111C24
111C24
111825
111825
111826
111826
111827
111828
111428
111429
111429
11142A
11142A
11142B
11102C
11102C
11102D
11102E
11102E
11102F
11102F
110C30
110C31
110C31
110C32
110C33
110C33
110834
110835
110835
110836
110837
110837
110438
110439
110439
11043A
11043B
11043B
11043C
11003D
11003E
11003E
11003F
110040
110041
10FC41
10FC42
10FC43
10FC43
10FC44
10FC45
10FC46
10F847
10F847
10F848
10F849
10F84A
10F84A
10F84B
10F44C
10F44D
10F44E
10F44E
10F44F
10F450
10F451
10F052
10F053
10F053
10F054
10F055
10F056
10F057
10F058
10EC58
10EC59
10EC5A
10EC5B
10EC5C
10EC5D
10EC5E
10EC5F
10E85F
10E860
10E861
10E862
10E863
10E864
10E865
10E866
10E467
10E468
10E469
10E469
10E46A
10E46B
10E46C
10E46D
10E46E
10E46F
10E070
10E071
10E072
10E073
10E074
10E075
10E076
10E077
10E078
10E079
10E07A
10E07B
10DC7C
10DC7D
10DC7E
10DC7F
10DC80
10DC81
10DC82
10DC83
10DC84
10DC85
10DC86
10DC87
10DC88
10DC89
10DC8A
10DC8B
10DC8C
10DC8D
10D88E
10D88F
10D890
10D891
10D892
10D893
10D894
10D895
10D896
10D897
10D898
10D899
10D89A
10D89B
10D89C
10D89D
10D89E
10D89F
10D8A0
10D8A1
10D8A2
10D8A3
10D8A4
10D8A5
10D8A6
10D8A8
10D8A9
10D8AA
10D8AB
10D8AC
10D8AD
10D8AE
10D8AF
10D8B0
10D8B1
10D8B2
10D8B3
10D8B4
10DCB5
10DCB6
10DCB7
10DCB8
10DCB9
10DCBA
10DCBB
10DCBC
10DCBD
10DCBE
10DCBF
10DCC0
10DCC1
10DCC2
10DCC3
10DCC4
10DCC5
10E0C6
10E0C7
10E0C8
10E0C9
10E0CA
10E0CB
10E0CC
10E0CD
10E0CE
10E0CF
10E0D0
10E0D1
10E4D2
10E4D3
10E4D3
10E4D4
10E4D5
10E4D6
10E4D7
10E4D8
10E4D9
10E4DA
10E8DB
10E8DC
10E8DD
10E8DE
10E8DF
10E8DF
10E8E0
10E8E1
10E8E2
10ECE3
10ECE4
10ECE5
10ECE6
10ECE7
10ECE7
10ECE8
10ECE9
10F0EA
10F0EB
10F0EC
10F0ED
10F0ED
10F0EE
10F0EF
10F0F0
10F4F1
10F4F2
10F4F2
10F4F3
10F4F4
10F4F5
10F4F6
10F8F6
10F8F7
10F8F8
10F8F9
10F8FA
10F8FA
10F8FB
10FCFC
10FCFD
10FCFD
10FCFE
10FCFF
10FD00
10FD00
110101
110102
110103
110103
110104
110105
110505
110506
110507
110508
110508
110509
11050A
11090A
11090B
11090C
11090C
11090D
11090E
110D0E
110D0F
110D10
110D10
110D11
110D12
111112
111113
111113
111114
111115
111115
111116
111517
111517
111518
111518
111519
111519
11191A
11191B
11191B
11191C
11191C
11191D
111D1E
111D1E
111D1F
111D1F
111D20
111D20
112121
112121
112122
112122
11241D
11241D
11241E
11241E
11241F
112420
112020
112021
112021
112022
112022
112023
111C23
111C24
111C25
111C25
111C26
111C26
111C27
111827
111828
111829
111829
11182A
11182A
11142B
11142C
11142C
11142D
11142D
11142E
11102F
11102F
111030
111031
111031
111032
111032
110C33
110C34
110C34
110C35
110C36
110C36
110837
110838
110839
110839
11083A
11083B
11043B
11043C
11043D
11043D
11043E
11043F
110440
110040
110041
110042
110043
110043
110044
110045
10FC46
10FC46
10FC47
10FC48
10FC49
10FC4A
10FC4A
10F84B
10F84C
10F84D
10F84E
10F84E
10F84F
10F850
10F451
10F452
10F452
10F453
10F454
10F455
10F456
10F057
10F057
10F058
10F059
10F05A
10F05B
10F05C
10F05D
10EC5E
10EC5E
10EC5F
10EC60
10EC61
10EC62
10EC63
10EC64
10EC65
10E866
10E867
10E868
10E868
10E869
10E86A
10E86B
10E86C
10E86D
10E86E
10E46F
10E470
10E471
10E472
10E473
10E474
10E475
10E476
10E477
10E478
10E479
10E47A
10E07B
10E07C
10E07D
10E07E
10E07F
10E080
10E081
10E082
10E083
10E084
10E085
10E086
10E087
10E088
10E089
10E08A
10DC8B
10DC8C
10DC8D
10DC8E
10DC8F
10DC90
10DC91
10DC92
10DC93
10DC94
10DC95
10DC96
10DC97
10DC98
10DC99
10DC9A
10DC9B
10DC9C
10DC9D
10DC9E
10DC9F
10DCA0
10DCA1
10DCA2
10DCA3
10DCA4
10DCA5
10DCA7
10DCA8
10DCA9
10DCAA
10DCAB
10DCAC
10DCAD
10DCAE
10DCAF
10DCB0
10DCB1
10DCB2
10DCB3
10DCB4
10DCB5
10DCB6
10E0B7
10E0B8
10E0B9
10E0BA
10E0BB
10E0BC
10E0BD
10E0BE
10E0BF
10E0C0
10E0C1
10E0C2
10E0C3
10E0C4
10E0C5
10E0C6
10E0C7
10E4C8
10E4C9
10E4CA
10E4CB
10E4CC
10E4CD
10E4CE
10E4CF
10E4D0
10E4D1
10E4D2
10E4D3
10E8D4
10E8D4
10E8D5
10E8D6
10E8D7
10E8D8
10E8D9
10E8DA
10E8DB
10E8DC
10ECDD
10ECDE
10ECDF
10ECE0
10ECE0
10ECE1
10ECE2
10ECE3
10F0E4
10F0E5
10F0E6
10F0E7
10F0E8
10F0E8
10F0E9
10F0EA
10F4EB
10F4EC
10F4ED
10F4EE
10F4EE
10F4EF
10F4F0
10F4F1
10F8F2
10F8F2
10F8F3
10F8F4
10F8F5
10F8F6
10F8F7
10FCF7
10FCF8
10FCF9
10FCFA
10FCFA
10FCFB
10FCFC
1100FD
1100FD
1100FE
1100FF
110100
110100
110101
110502
110503
110503
110504
110505
110506
110906
110907
110908
110908
110909
11090A
11090A
110D0B
110D0C
110D0C
110D0D
110D0E
110D0E
11110F
111110
111110
111111
111112
111112
111113
111514
111514
111515
111515
111516
111517
111917
111918
111918
111919
11191A
11191A
111D1B
111D1B
111D1C
111D1D
111D1D
111D1E
111D1E
11211F
11211F
112120
112120
112121
112121
112522
112523
11281D
11281D
11281E
11281E
11241F
11241F
112420
112420
112421
112422
112422
112023
112023
112024
112024
112025
112026
111C26
111C27
111C27
111C28
111C28
111C29
111C2A
11182A
11182B
11182B
11182C
11182D
11182D
11142E
11142F
11142F
111430
111430
111431
111032
111032
111033
111034
111034
111035
111036
110C36
110C37
110C38
110C38
110C39
110C3A
11083A
11083B
11083C
11083D
11083D
11083E
11083F
110440
110440
110441
110442
110442
110443
110444
110045
110046
110046
110047
110048
110049
110049
10FC4A
10FC4B
10FC4C
10FC4D
10FC4D
10FC4E
10FC4F
10F850
10F851
10F851
10F852
10F853
10F854
10F855
10F456
10F457
10F457
10F458
10F459
10F45A
10F45B
10F45C
10F05D
10F05D
10F05E
10F05F
10F060
10F061
10F062
10F063
10F064
10EC65
10EC66
10EC67
10EC67
10EC68
10EC69
10EC6A
10EC6B
10EC6C
10EC6D
10E86E
10E86F
10E870
10E871
10E872
10E873
10E874
10E875
10E876
10E877
10E878
10E479
10E47A
10E47B
10E47C
10E47D
10E47E
10E47F
10E480
10E481
10E482
10E483
10E484
10E485
10E486
10E487
10E488
10E089
10E08A
10E08B
10E08C
10E08D
10E08E
10E08F
10E090
10E091
10E092
10E093
10E094
10E095
10E096
10E097
10E098
10E099
10E09A
10E09B
10E09C
10E09D
10E09E
10E09F
10E0A0
10E0A1
10E0A2
10E0A3
10E0A4
10E0A5
10E0A7
10E0A8
10E0A9
10E0AA
10E0AB
10E0AC
10E0AD
10E0AE
10E0AF
10E0B0
10E0B1
10E0B2
10E0B3
10E0B4
10E0B5
10E0B6
10E0B7
10E0B8
10E0B9
10E4BA
10E4BB
10E4BC
10E4BD
10E4BE
10E4BF
10E4C0
10E4C1
10E4C2
10E4C3
10E4C4
10E4C5
10E4C6
10E4C7
10E4C8
10E4C9
10E8CA
10E8CB
10E8CC
10E8CD
10E8CE
10E8CF
10E8D0
10E8D1
10E8D2
10E8D3
10E8D4
10ECD5
10ECD6
10ECD6
10ECD7
10ECD8
10ECD9
10ECDA
10ECDB
10ECDC
10ECDD
10F0DE
10F0DF
10F0E0
10F0E1
10F0E1
10F0E2
10F0E3
10F0E4
10F0E5
10F4E6
10F4E7
10F4E8
10F4E9
10F4E9
10F4EA
10F4EB
10F4EC
10F8ED
10F8EE
10F8EE
10F8EF
10F8F0
10F8F1
10F8F2
10FCF3
10FCF3
10FCF4
10FCF5
10FCF6
10FCF7
10FCF7
1100F8
1100F9
1100FA
1100FB
1100FB
1100FC
1100FD
1104FE
1104FE
1104FF
110500
110501
110501
110502
110903
110904
110904
110905
110906
110906
110907
110D08
110D08
110D09
110D0A
110D0B
110D0B
11110C
11110D
11110D
11110E
11110F
11110F
111110
111511
111511
111512
111512
111513
111514
111914
111915
111916
111916
111917
111917
111D18
111D19
111D19
111D1A
111D1A
111D1B
111D1C
11211C
11211D
11211D
11211E
11211E
11211F
11251F
112520
112521
112521
112522
112522
112923
112C1D
112C1D
112C1E
11281E
11281F
11281F
112820
112820
112821
112421
112422
112423
112423
112424
112424
112425
112025
112026
112027
112027
112028
112028
111C29
111C29
111C2A
111C2B
111C2B
111C2C
111C2D
11182D
11182E
11182E
11182F
111830
111830
111431
111432
111432
111433
111434
111434
111435
111036
111036
111037
111038
111038
111039
110C3A
110C3A
110C3B
110C3C
110C3D
110C3D
110C3E
11083F
11083F
110840
110841
110842
110842
110443
110444
110445
110445
110446
110447
110448
110048
110049
11004A
11004B
11004C
11004C
11004D
11004E
10FC4F
10FC50
10FC51
10FC51
10FC52
10FC53
10FC54
10F855
10F856
10F856
10F857
10F858
10F859
10F85A
10F85B
10F45C
10F45D
10F45D
10F45E
10F45F
10F460
10F461
10F462
10F463
10F064
10F065
10F066
10F066
10F067
10F068
10F069
10F06A
10F06B
10EC6C
10EC6D
10EC6E
10EC6F
10EC70
10EC71
10EC72
10EC73
10EC74
10EC75
10EC76
10EC77
10E878
10E879
10E87A
10E87B
10E87C
10E87D
10E87E
10E87F
10E87F
10E881
10E882
10E883
10E884
10E885
10E886
10E487
10E488
10E489
10E48A
10E48B
10E48C
10E48D
10E48E
10E48F
10E490
10E491
10E492
10E493
10E494
10E495
10E496
10E497
10E498
10E499
10E49A
10E49B
10E49C
10E49D
10E49E
10E49F
10E4A0
10E4A1
10E4A2
10E4A3
10E4A4
10E4A5
10E4A7
10E4A8
10E4A9
10E4AA
10E4AB
10E4AC
10E4AD
10E4AE
10E4AF
10E4B0
10E4B1
10E4B2
10E4B3
10E4B4
10E4B5
10E4B6
10E4B7
10E4B8
10E4B9
10E4BA
10E4BB
10E8BC
10E8BD
10E8BE
10E8BF
10E8C0
10E8C1
10E8C2
10E8C3
10E8C4
10E8C5
10E8C6
10E8C7
10E8C8
10E8C9
10E8CA
10ECCB
10ECCC
10ECCD
10ECCE
10ECCF
10ECD0
10ECD1
10ECD2
10ECD3
10ECD4
10ECD5
10F0D6
10F0D7
10F0D7
10F0D8
10F0D9
10F0DA
10F0DB
10F0DC
10F0DD
10F0DE
10F4DF
10F4E0
10F4E1
10F4E2
10F4E2
10F4E3
10F4E4
10F4E5
10F4E6
10F8E7
10F8E8
10F8E9
10F8E9
10F8EA
10F8EB
10F8EC
10F8ED
10FCEE
10FCEF
10FCEF
10FCF0
10FCF1
10FCF2
10FCF3
1100F4
1100F4
1100F5
1100F6
1100F7
1100F8
1100F8
1104F9
1104FA
1104FB
1104FB
1104FC
1104FD
1104FE
1108FE
1108FF
110900
110901
110901
110902
110903
110D04
110D04
110D05
110D06
110D07
110D07
110D08
111109
111109
11110A
11110B
11110B
11110C
11150D
11150D
11150E
11150F
11150F
111510
111511
111911
111912
111913
111913
111914
111914
111D15
111D16
111D16
111D17
111D18
111D18
111D19
112119
11211A
11211A
11211B
11211C
11211C
11251D
11251D
11251E
11251E
11251F
112520
112520
112921
112921
112922
112922
112923
11301D
112C1D
112C1E
112C1E
112C1F
112C1F
112C20
112C20
112821
112821
112822
112822
112823
112824
112424
112425
112425
112426
112426
112427
112428
112028
112029
112029
11202A
11202B
11202B
111C2C
111C2C
111C2D
111C2E
111C2E
111C2F
111C30
111830
111831
111831
111832
111833
111833
111434
111435
111435
111436
111437
111437
111438
111039
11103A
11103A
11103B
11103C
11103C
11103D
110C3E
110C3F
110C3F
110C40
110C41
110C41
110842
110843
110844
110845
110845
110846
110847
110448
110448
110449
11044A
11044B
11044C
11044C
11044D
11004E
11004F
110050
110050
110051
110052
110053
10FC54
10FC55
10FC55
10FC56
10FC57
10FC58
10FC59
10FC5A
10F85B
10F85C
10F85C
10F85D
10F85E
10F85F
10F860
10F861
10F862
10F463
10F464
10F465
10F465
10F466
10F467
10F468
10F469
10F46A
10F06B
10F06C
10F06D
10F06E
10F06F
10F070
10F071
10F072
10F073
10F074
10F075
10EC76
10EC77
10EC78
10EC78
10EC79
10EC7A
10EC7B
10EC7C
10EC7D
10EC7E
10EC7F
10EC80
10EC81
10EC82
10EC83
10E884
10E885
10E887
10E888
10E889
10E88A
10E88B
10E88C
10E88D
10E88E
10E88F
10E890
10E891
10E892
10E893
10E894
10E895
10E896
10E897
10E898
10E899
10E89A
10E89B
10E89C
10E89D
10E89E
10E89F
10E8A0
10E8A1
10E8A2
10E8A3
10E8A4
10E8A5
10E8A7
10E8A8
10E8A9
10E8AA
10E8AB
10E8AC
10E8AD
10E8AE
10E8AF
10E8B0
10E8B1
10E8B2
10E8B3
10E8B4
10E8B5
10E8B6
10E8B7
10E8B8
10E8B9
10E8BA
10E8BB
10E8BC
10E8BD
10ECBE
10ECBF
10ECC0
10ECC1
10ECC2
10ECC3
10ECC4
10ECC5
10ECC6
10ECC7
10ECC8
10ECC9
10ECCA
10ECCB
10ECCC
10F0CD
10F0CE
10F0CF
10F0D0
10F0D1
10F0D2
10F0D3
10F0D4
10F0D5
10F0D6
10F0D7
10F4D8
10F4D8
10F4D9
10F4DA
10F4DB
10F4DC
10F4DD
10F4DE
10F4DF
10F8E0
10F8E1
10F8E2
10F8E3
10F8E3
10F8E4
10F8E5
10F8E6
10F8E7
10FCE8
10FCE9
10FCEA
10FCEA
10FCEB
10FCEC
10FCED
10FCEE
1100EF
1100F0
1100F0
1100F1
1100F2
1100F3
1100F4
1104F4
1104F5
1104F6
1104F7
1104F8
1104F8
1104F9
1104FA
1108FB
1108FC
1108FC
1108FD
1108FE
1108FF
1108FF
110D00
110D01
110D02
110D02
110D03
110D04
111105
111105
111106
111107
111107
111108
111109
111509
11150A
11150B
11150B
11150C
11150D
11150E
11190E
11190F
11190F
111910
111911
111911
111D12
111D13
111D13
111D14
111D15
111D15
111D16
112116
112117
112118
112118
112119
112119
11251A
11251B
11251B
11251C
11251C
11251D
11251D
11291E
11291F
11291F
112920
112920
112921
112D21
112D22
112D22
112D23
11301C
11301D
11301D
11301E
11301F
11301F
112C20
112C20
112C21
112C21
112C22
112C22
112C23
112823
112824
112825
112825
112826
112826
112427
112427
112428
112429
112429
11242A
11242A
11202B
11202C
11202C
11202D
11202D
11202E
111C2F
111C2F
111C30
111C31
111C31
111C32
111C33
111833
111834
111835
111835
111836
111837
111837
111438
111439
111439
11143A
11143B
11143C
11103C
11103D
11103E
11103E
11103F
111040
111041
110C41
110C42
110C43
110C44
110C44
110C45
110C46
110847
110847
110848
110849
11084A
11084B
11084B
11044C
11044D
11044E
11044F
11044F
110450
110451
110452
110053
110054
110055
110055
110056
110057
110058
110059
10FC5A
10FC5B
10FC5B
10FC5C
10FC5D
10FC5E
10FC5F
10FC60
10FC61
10F862
10F863
10F863
10F864
10F865
10F866
10F867
10F868
10F869
10F46A
10F46B
10F46C
10F46D
10F46E
10F46F
10F470
10F471
10F472
10F473
10F474
10F075
10F075
10F076
10F077
10F078
10F079
10F07A
10F07B
10F07C
10F07D
10F07E
10F07F
10F080
10F081
10EC82
10EC83
10EC84
10EC85
10EC86
10EC87
10EC89
10EC8A
10EC8B
10EC8C
10EC8D
10EC8E
10EC8F
10EC90
10EC91
10EC92
10EC93
10EC94
10EC95
10EC96
10EC97
10EC98
10EC99
10EC9A
10EC9B
10EC9C
10EC9D
10EC9E
10EC9F
10ECA0
10ECA1
10ECA2
10ECA3
10ECA4
10ECA6
10ECA7
10ECA8
10ECA9
10ECAA
10ECAB
10ECAC
10ECAD
10ECAE
10ECAF
10ECB0
10ECB1
10ECB2
10ECB3
10ECB4
10ECB5
10ECB6
10ECB7
10ECB8
10ECB9
10ECBA
10ECBB
10ECBC
10ECBD
10ECBE
10ECBF
10F0C0
10F0C1
10F0C2
10F0C3
10F0C4
10F0C5
10F0C6
10F0C7
10F0C8
10F0C9
10F0CA
10F0CB
10F0CC
10F0CD
10F4CE
10F4CF
10F4D0
10F4D1
10F4D2
10F4D3
10F4D4
10F4D5
10F4D6
10F4D7
10F4D8
10F8D9
10F8DA
10F8DA
10F8DB
10F8DC
10F8DD
10F8DE
10F8DF
10F8E0
10FCE1
10FCE2
10FCE3
10FCE4
10FCE4
10FCE5
10FCE6
10FCE7
10FCE8
1100E9
1100EA
1100EB
1100EB
1100EC
1100ED
1100EE
1100EF
1104F0
1104F0
1104F1
1104F2
1104F3
1104F4
1104F5
1108F5
1108F6
1108F7
1108F8
1108F9
1108F9
1108FA
1108FB
110CFC
110CFC
110CFD
110CFE
110CFF
110CFF
110D00
111101
111102
111102
111103
111104
111105
111105
111506
111507
111507
111508
111509
11150A
11190A
11190B
11190C
11190C
11190D
11190E
11190E
111D0F
111D10
111D10
111D11
111D12
111D12
112113
112113
112114
112115
112115
112116
112117
112517
112518
112518
112519
11251A
11251A
11291B
11291B
11291C
11291C
11291D
11291E
11291E
112D1F
112D1F
112D20
112D20
112D21
112D21
112D22
113123
113123
11341C
11341D
11341D
11341E
11341E
11301F
11301F
113020
113021
113021
113022
112C22
112C23
112C23
112C24
112C24
112C25
112C26
112826
112827
112827
112828
112828
112829
11282A
11242A
11242B
11242C
11242C
11242D
11242D
11202E
11202F
11202F
112030
112031
112031
112032
111C33
111C33
111C34
111C34
111C35
111C36
111837
111837
111838
111839
111839
11183A
11183B
11143B
11143C
11143D
11143E
11143E
11143F
111440
111041
111041
111042
111043
111044
111044
111045
110C46
110C47
110C47
110C48
110C49
110C4A
110C4B
11084B
11084C
11084D
11084E
11084F
11084F
110850
110851
110452
110453
110454
110454
110455
110456
110457
110458
110059
11005A
11005A
11005B
11005C
11005D
11005E
11005F
10FC60
10FC61
10FC62
10FC62
10FC63
10FC64
10FC65
10FC66
10FC67
10FC68
10F869
10F86A
10F86B
10F86C
10F86D
10F86E
10F86F
10F870
10F871
10F872
10F873
10F473
10F474
10F475
10F476
10F477
10F478
10F479
10F47A
10F47B
10F47C
10F47D
10F47E
10F47F
10F080
10F081
10F082
10F083
10F084
10F085
10F086
10F087
10F088
10F089
10F08B
10F08C
10F08D
10F08E
10F08F
10F090
10F091
10F092
10F093
10F094
10F095
10F096
10F097
10F098
10F099
10F09A
10F09B
10F09C
10F09D
10F09E
10F09F
10F0A0
10F0A1
10F0A2
10F0A3
10F0A4
10F0A6
10F0A7
10F0A8
10F0A9
10F0AA
10F0AB
10F0AC
10F0AD
10F0AE
10F0AF
10F0B0
10F0B1
10F0B2
10F0B3
10F0B4
10F0B5
10F0B6
10F0B7
10F0B8
10F0B9
10F0BA
10F0BB
10F0BC
10F0BD
10F0BE
10F0BF
10F0C0
10F4C1
10F4C2
10F4C3
10F4C4
10F4C5
10F4C6
10F4C7
10F4C8
10F4C9
10F4CA
10F4CB
10F4CC
10F4CD
10F4CE
10F8CF
10F8D0
10F8D1
10F8D2
10F8D3
10F8D4
10F8D5
10F8D6
10F8D7
10F8D8
10F8D9
10FCDA
10FCDB
10FCDB
10FCDC
10FCDD
10FCDE
10FCDF
10FCE0
10FCE1
1100E2
1100E3
1100E4
1100E5
1100E5
1100E6
1100E7
1100E8
1100E9
1104EA
1104EB
1104EC
1104EC
1104ED
1104EE
1104EF
1104F0
1108F1
1108F1
1108F2
1108F3
1108F4
1108F5
1108F5
1108F6
110CF7
110CF8
110CF9
110CF9
110CFA
110CFB
110CFC
1110FD
1110FD
1110FE
1110FF
111100
111100
111101
111502
111503
111503
111504
111505
111505
111506
111907
111908
111908
111909
11190A
11190A
111D0B
111D0C
111D0C
111D0D
111D0E
111D0E
111D0F
112110
112110
112111
112112
112112
112113
112114
112514
112515
112515
112516
112517
112517
112918
112919
112919
11291A
11291A
11291B
11291B
112D1C
112D1D
112D1D
112D1E
112D1E
112D1F
11311F
113120
113121
113121
113122
113122
113123
113523
11381C
11381D
11381D
11341E
11341E
11341F
11341F
113420
113420
113421
113021
113022
113023
113023
113024
113024
113025
112C25
112C26
112C27
112C27
112C28
112C28
112829
11282A
11282A
11282B
11282B
11282C
11282D
11242D
11242E
11242F
11242F
112430
112430
112431
112032
112032
112033
112034
112034
112035
111C36
111C36
111C37
111C38
111C38
111C39
111C3A
11183B
11183B
11183C
11183D
11183D
11183E
11183F
111440
111440
111441
111442
111443
111443
111444
111045
111046
111046
111047
111048
111049
11104A
110C4A
110C4B
110C4C
110C4D
110C4E
110C4E
110C4F
110C50
110851
110852
110853
110853
110854
110855
110856
110857
110458
110459
110459
11045A
11045B
11045C
11045D
11045E
11005F
110060
110061
110061
110062
110063
110064
110065
110066
110067
10FC68
10FC69
10FC6A
10FC6B
10FC6C
10FC6D
10FC6E
10FC6F
10FC70
10FC70
10F871
10F872
10F873
10F874
10F875
10F876
10F877
10F878
10F879
10F87A
10F87B
10F87C
10F87D
10F87E
10F47F
10F480
10F481
10F482
10F483
10F484
10F485
10F486
10F487
10F488
10F489
10F48A
10F48C
10F48D
10F48E
10F48F
10F490
10F491
10F492
10F493
10F494
10F495
10F496
10F497
10F098
10F099
10F09A
10F09B
10F09C
10F09D
10F09E
10F09F
10F0A0
10F0A1
10F0A2
10F0A3
10F0A4
10F0A6
10F0A7
10F0A8
10F0A9
10F0AA
10F4AB
10F4AC
10F4AD
10F4AE
10F4AF
10F4B0
10F4B1
10F4B2
10F4B3
10F4B4
10F4B5
10F4B6
10F4B7
10F4B8
10F4B9
10F4BA
10F4BB
10F4BC
10F4BD
10F4BE
10F4BF
10F4C0
10F4C1
10F4C2
10F8C3
10F8C4
10F8C5
10F8C6
10F8C7
10F8C8
10F8C9
10F8CA
10F8CB
10F8CC
10F8CD
10F8CE
10F8CF
10FCD0
10FCD1
10FCD2
10FCD3
10FCD4
10FCD5
10FCD6
10FCD7
10FCD8
10FCD9
10FCDA
1100DB
1100DC
1100DC
1100DD
1100DE
1100DF
1100E0
1100E1
1100E2
1100E3
1104E4
1104E5
1104E6
1104E6
1104E7
1104E8
1104E9
1104EA
1108EB
1108EC
1108EC
1108ED
1108EE
1108EF
1108F0
1108F1
110CF2
110CF2
110CF3
110CF4
110CF5
110CF6
110CF6
110CF7
1110F8
1110F9
1110FA
1110FA
1110FB
1110FC
1110FD
1114FD
1114FE
1114FF
111500
111500
111501
111502
111903
111903
111904
111905
111906
111906
111907
111D08
111D08
111D09
111D0A
111D0B
111D0B
111D0C
11210D
11210D
11210E
11210F
11210F
112110
112511
112511
112512
112512
112513
112514
112514
112915
112916
112916
112917
112917
112918
112919
112D19
112D1A
112D1A
112D1B
112D1C
112D1C
11311D
11311D
11311E
11311E
11311F
113120
113120
113521
113521
113522
113522
113523
113523
113C1C
113C1D
11381D
11381E
11381E
11381F
11381F
113820
113420
113421
113421
113422
113422
113423
113424
113024
113025
113025
113026
113026
113027
113028
112C28
112C29
112C29
112C2A
112C2B
112C2B
112C2C
11282C
11282D
11282E
11282E
11282F
112830
112430
112431
112432
112432
112433
112434
112434
112035
112036
112036
112037
112038
112038
112039
111C3A
111C3A
111C3B
111C3C
111C3D
111C3D
111C3E
11183F
111840
111840
111841
111842
111843
111843
111444
111445
111446
111446
111447
111448
111449
111049
11104A
11104B
11104C
11104D
11104E
11104E
11104F
110C50
110C51
110C52
110C53
110C53
110C54
110C55
110C56
110857
110858
110858
110859
11085A
11085B
11085C
11085D
11045E
11045F
110460
110460
110461
110462
110463
110464
110465
110466
110067
110068
110069
11006A
11006B
11006C
11006D
11006E
11006E
11006F
10FC70
10FC71
10FC72
10FC73
10FC74
10FC75
10FC76
10FC77
10FC78
10FC79
10FC7A
10FC7B
10FC7C
10F87D
10F87E
10F87F
10F880
10F881
10F882
10F883
10F884
10F885
10F886
10F887
10F888
10F889
10F88A
10F88B
10F88D
10F88E
10F88F
10F890
10F891
10F892
10F893
10F494
10F495
10F496
10F497
10F498
10F499
10F49A
10F49B
10F49C
10F49D
10F49E
10F49F
10F4A0
10F4A1
10F4A2
10F4A3
10F4A4
10F4A6
10F4A7
10F4A8
10F4A9
10F4AA
10F4AB
10F4AC
10F4AD
10F4AE
10F8AF
10F8B0
10F8B1
10F8B2
10F8B3
10F8B4
10F8B5
10F8B6
10F8B7
10F8B8
10F8B9
10F8BA
10F8BB
10F8BC
10F8BD
10F8BE
10F8BF
10F8C0
10F8C1
10F8C2
10F8C3
10FCC4
10FCC5
10FCC6
10FCC7
10FCC8
10FCC9
10FCCA
10FCCB
10FCCC
10FCCD
10FCCE
10FCCF
10FCD0
10FCD1
1100D2
1100D3
1100D4
1100D5
1100D6
1100D7
1100D8
1100D9
1100DA
1100DB
1104DC
1104DD
1104DD
1104DE
1104DF
1104E0
1104E1
1104E2
1104E3
1104E4
1108E5
1108E6
1108E6
1108E7
1108E8
1108E9
1108EA
1108EB
110CEC
110CED
110CED
110CEE
110CEF
110CF0
110CF1
110CF2
1110F2
1110F3
1110F4
1110F5
1110F6
1110F7
1110F7
1110F8
1114F9
1114FA
1114FA
1114FB
1114FC
1114FD
1114FE
1118FE
1118FF
111900
111901
111901
111902
111903
111D04
111D04
111D05
111D06
111D06
111D07
111D08
112109
112109
11210A
11210B
11210B
11210C
11210D
11250D
11250E
11250F
11250F
112510
112511
112511
112912
112913
112913
112914
112914
112915
112D16
112D16
112D17
112D18
112D18
112D19
112D19
11311A
11311B
11311B
11311C
11311C
11311D
11311D
11351E
11351F
11351F
113520
113520
113521
113921
113922
113922
113923
113923
113C1C
113C1C
113C1D
113C1D
113C1E
113C1F
113C1F
113820
113820
113821
113821
113822
113822
113823
113423
113424
113425
113425
113426
113426
113027
113028
113028
113029
113029
11302A
11302B
112C2B
112C2C
112C2C
112C2D
112C2E
112C2E
112C2F
112830
112830
112831
112831
112832
112833
112833
112434
112435
112435
112436
112437
112438
112438
112039
11203A
11203A
11203B
11203C
11203C
11203D
111C3E
111C3F
111C3F
111C40
111C41
111C42
111C42
111843
111844
111845
111845
111846
111847
111848
111449
111449
11144A
11144B
11144C
11144D
11144D
11144E
11104F
111050
111051
111052
111052
111053
111054
111055
110C56
110C57
110C58
110C58
110C59
110C5A
110C5B
110C5C
11085D
11085E
11085F
110860
110860
110861
110862
110863
110864
110865
110466
110467
110468
110469
11046A
11046B
11046C
11046D
11046D
11046E
11006F
110070
110071
110072
110073
110074
110075
110076
110077
110078
110079
11007A
11007B
10FC7C
10FC7D
10FC7E
10FC7F
10FC80
10FC81
10FC82
10FC83
10FC84
10FC85
10FC86
10FC87
10FC88
10FC89
10FC8A
10FC8B
10FC8C
10FC8E
10FC8F
10FC90
10F891
10F892
10F893
10F894
10F895
10F896
10F897
10F898
10F899
10F89A
10F89B
10F89C
10F89D
10F89E
10F89F
10F8A0
10F8A1
10F8A2
10F8A3
10F8A4
10F8A6
10F8A7
10F8A8
10F8A9
10F8AA
10F8AB
10F8AC
10F8AD
10F8AE
10F8AF
10F8B0
10F8B1
10FCB2
10FCB3
10FCB4
10FCB5
10FCB6
10FCB7
10FCB8
10FCB9
10FCBA
10FCBB
10FCBC
10FCBD
10FCBE
10FCBF
10FCC0
10FCC1
10FCC2
10FCC3
10FCC4
10FCC5
1100C6
1100C7
1100C8
1100C9
1100CA
1100CB
1100CC
1100CD
1100CE
1100CF
1100D0
1100D1
1100D2
1104D3
1104D4
1104D5
1104D6
1104D7
1104D8
1104D9
1104DA
1104DB
1104DC
1108DD
1108DE
1108DE
1108DF
1108E0
1108E1
1108E2
1108E3
1108E4
1108E5
110CE6
110CE7
110CE7
110CE8
110CE9
110CEA
110CEB
110CEC
1110ED
1110EE
1110EE
1110EF
1110F0
1110F1
1110F2
1110F3
1114F3
1114F4
1114F5
1114F6
1114F7
1114F7
1114F8
1114F9
1118FA
1118FB
1118FB
1118FC
1118FD
1118FE
1118FE
111CFF
111D00
111D01
111D01
111D02
111D03
111D04
112104
112105
112106
112107
112107
112108
112109
112509
11250A
11250B
11250B
11250C
11250D
11250D
11290E
11290F
11290F
112910
112911
112911
112912
112D13
112D13
112D14
112D15
112D15
112D16
112D16
113117
113118
113118
113119
113119
11311A
11351B
11351B
11351C
11351C
11351D
11351E
11351E
11391F
11391F
113920
113920
113921
113921
113922
113D23
113D23
113D24
11401C
11401C
11401D
11401D
11401E
113C1E
113C1F
113C1F
113C20
113C21
113C21
113C22
113822
113823
113823
113824
113824
113825
113826
113426
113427
113427
113428
113429
113429
11342A
11302A
11302B
11302C
11302C
11302D
11302E
11302E
112C2F
112C2F
112C30
112C31
112C31
112C32
112C33
112833
112834
112835
112835
112836
112837
112837
112438
112439
11243A
11243A
11243B
11243C
11243C
11203D
11203E
11203F
11203F
112040
112041
112042
111C42
111C43
111C44
111C45
111C45
111C46
111C47
111848
111848
111849
11184A
11184B
11184C
11184C
11184D
11144E
11144F
111450
111451
111451
111452
111453
111454
111055
111056
111057
111057
111058
111059
11105A
11105B
110C5C
110C5D
110C5E
110C5F
110C5F
110C60
110C61
110C62
110C63
110C64
110865
110866
110867
110868
110869
11086A
11086B
11086B
11086C
11086D
11046E
11046F
110470
110471
110472
110473
110474
110475
110476
110477
110478
110479
11047A
11007B
11007C
11007D
11007E
11007F
110080
110081
110082
110083
110084
110085
110086
110087
110088
110089
11008A
11008B
11008C
11008D
10FC8F
10FC90
10FC91
10FC92
10FC93
10FC94
10FC95
10FC96
10FC97
10FC98
10FC99
10FC9A
10FC9B
10FC9C
10FC9D
10FC9E
10FC9F
10FCA0
10FCA1
10FCA2
10FCA3
10FCA4
10FCA6
10FCA7
10FCA8
10FCA9
10FCAA
10FCAB
10FCAC
10FCAD
10FCAE
10FCAF
10FCB0
10FCB1
10FCB2
10FCB3
1100B4
1100B5
1100B6
1100B7
1100B8
1100B9
1100BA
1100BB
1100BC
1100BD
1100BE
1100BF
1100C0
1100C1
1100C2
1100C4
1100C5
1100C6
1100C7
1104C8
1104C9
1104CA
1104CA
1104CB
1104CC
1104CD
1104CE
1104CF
1104D0
1104D1
1104D2
1104D3
1108D4
1108D5
1108D6
1108D7
1108D8
1108D9
1108DA
1108DB
1108DC
1108DD
110CDE
110CDF
110CDF
110CE0
110CE1
110CE2
110CE3
110CE4
110CE5
110CE6
1110E7
1110E8
1110E8
1110E9
1110EA
1110EB
1110EC
1110ED
1114EE
1114EE
1114EF
1114F0
1114F1
1114F2
1114F3
1114F3
1118F4
1118F5
1118F6
1118F7
1118F8
1118F8
1118F9
1118FA
111CFB
111CFB
111CFC
111CFD
111CFE
111CFF
111CFF
112100
112101
112102
112102
112103
112104
112105
112505
112506
112507
112507
112508
112509
112509
11290A
11290B
11290C
11290C
11290D
11290E
11290E
112D0F
112D10
112D10
112D11
112D12
112D12
112D13
113113
113114
113115
113115
113116
113117
113117
113518
113518
113519
11351A
11351A
11351B
11351B
11391C
11391D
11391D
11391E
11391E
11391F
11391F
113D20
113D20
113D21
113D22
113D22
113D23
113D23
114124
11441C
11441C
11441D
11441D
11401E
11401E
11401F
11401F
114020
114020
114021
113C22
113C22
113C23
113C23
113C24
113C24
113C25
113826
113826
113827
113827
113828
113828
113829
11342A
11342A
11342B
11342C
11342C
11342D
11302D
11302E
11302F
11302F
113030
113031
113031
112C32
112C33
112C33
112C34
112C35
112C35
112C36
112837
112837
112838
112839
112839
11283A
11283B
11243C
11243C
11243D
11243E
11243E
11243F
112440
112441
112041
112042
112043
112044
112044
112045
112046
111C47
111C48
111C48
111C49
111C4A
111C4B
111C4C
111C4C
11184D
11184E
11184F
111850
111851
111851
111852
111853
111454
111455
111456
111456
111457
111458
111459
11145A
11105B
11105C
11105D
11105E
11105E
11105F
111060
111061
111062
111063
110C64
110C65
110C66
110C67
110C68
110C69
110C6A
110C6A
110C6B
110C6C
11086D
11086E
11086F
110870
110871
110872
110873
110874
110875
110876
110877
110878
110879
11047A
11047B
11047C
11047D
11047E
11047F
110480
110481
110482
110483
110484
110485
110486
110487
110488
110489
11048A
11048B
11008C
11008D
11008E
110090
110091
110092
110093
110094
110095
110096
110097
110098
110099
11009A
11009B
11009C
11009D
11009E
11009F
1100A0
1100A1
1100A2
1100A3
1100A4
1100A6
1100A7
1100A8
1100A9
1100AA
1100AB
1100AC
1100AD
1100AE
1100AF
1100B0
1100B1
1100B2
1100B3
1100B4
1100B5
1104B6
1104B7
1104B8
1104B9
1104BA
1104BB
1104BC
1104BD
1104BE
1104C0
1104C1
1104C2
1104C3
1104C4
1104C5
1104C6
1104C7
1104C8
1108C9
1108CA
1108CB
1108CC
1108CD
1108CE
1108CE
1108CF
1108D0
1108D1
1108D2
1108D3
1108D4
110CD5
110CD6
110CD7
110CD8
110CD9
110CDA
110CDB
110CDC
110CDD
110CDE
1110DF
1110E0
1110E0
1110E1
1110E2
1110E3
1110E4
1110E5
1110E6
1110E7
1114E8
1114E9
1114E9
1114EA
1114EB
1114EC
1114ED
1114EE
1118EF
1118EF
1118F0
1118F1
1118F2
1118F3
1118F4
1118F4
111CF5
111CF6
111CF7
111CF8
111CF8
111CF9
111CFA
111CFB
1120FC
1120FC
1120FD
1120FE
1120FF
1120FF
112100
112501
112502
112502
112503
112504
112505
112505
112906
112907
112908
112908
112909
11290A
11290A
112D0B
112D0C
112D0C
112D0D
112D0E
112D0E
112D0F
113110
113110
113111
113112
113112
113113
113114
113514
113515
113515
113516
113517
113517
113518
113919
113919
11391A
11391A
11391B
11391B
11391C
113D1D
113D1D
113D1E
113D1E
113D1F
113D1F
113D20
114121
114121
114122
114122
114123
114123
114124
11481C
11481C
11441D
11441D
11441E
11441E
11441F
11441F
114420
114020
114021
114021
114022
114023
114023
114024
113C24
113C25
113C25
113C26
113C27
113C27
113C28
113828
113829
11382A
11382A
11382B
11382B
11382C
11342D
11342D
11342E
11342F
11342F
113430
113430
113031
113032
113032
113033
113034
113034
113035
112C36
112C36
112C37
112C38
112C39
112C39
112C3A
11283B
11283B
11283C
11283D
11283E
11283E
11283F
112840
112441
112441
112442
112443
112444
112444
112445
112046
112047
112047
112048
112049
11204A
11204B
11204B
111C4C
111C4D
111C4E
111C4F
111C50
111C50
111C51
111C52
111853
111854
111855
111856
111856
111857
111858
111859
11145A
11145B
11145C
11145D
11145D
11145E
11145F
111460
111461
111462
111063
111064
111065
111066
111067
111068
111068
111069
11106A
11106B
110C6C
110C6D
110C6E
110C6F
110C70
110C71
110C72
110C73
110C74
110C75
110C76
110C77
110C78
110879
11087A
11087B
11087C
11087D
11087E
11087F
110880
110881
110882
110883
110884
110885
110886
110887
110888
110889
11048A
11048B
11048C
11048D
11048E
11048F
110491
110492
110493
110494
110495
110496
110497
110498
110499
11049A
11049B
11049C
11049D
11049E
11049F
1104A0
1104A1
1104A2
1104A3
1104A5
1104A6
1104A7
1104A8
1104A9
1104AA
1104AB
1104AC
1104AD
1104AE
1104AF
1104B0
1104B1
1104B2
1104B3
1104B4
1104B5
1104B6
1104B7
1108B8
1108B9
1108BA
1108BB
1108BC
1108BE
1108BF
1108C0
1108C1
1108C2
1108C3
1108C4
1108C5
1108C6
1108C7
1108C8
1108C9
110CCA
110CCB
110CCC
110CCD
110CCE
110CCF
110CD0
110CD1
110CD1
110CD2
110CD3
110CD4
110CD5
1110D6
1110D7
1110D8
1110D9
1110DA
1110DB
1110DC
1110DD
1110DE
1110DF
1114E0
1114E1
1114E1
1114E2
1114E3
1114E4
1114E5
1114E6
1114E7
1118E8
1118E9
1118EA
1118EA
1118EB
1118EC
1118ED
1118EE
1118EF
111CF0
111CF0
111CF1
111CF2
111CF3
111CF4
111CF5
111CF5
1120F6
1120F7
1120F8
1120F9
1120F9
1120FA
1120FB
1120FC
1124FC
1124FD
1124FE
1124FF
112500
112500
112501
112902
112903
112903
112904
112905
112905
112906
112907
112D08
112D08
112D09
112D0A
112D0A
112D0B
112D0C
11310C
11310D
11310E
11310E
11310F
113110
113110
113511
113512
113512
113513
113514
113514
113515
113916
113916
113917
113917
113918
113919
113919
113D1A
113D1A
113D1B
113D1C
113D1C
113D1D
113D1D
11411E
11411E
11411F
114120
114120
114121
114121
114522
114522
114523
114523
114524
114C1B
11481C
11481C
11481D
11481E
11481E
11481F
11481F
114420
114420
114421
114421
114422
114422
114423
114024
114024
114025
114025
114026
114026
114027
113C28
113C28
113C29
113C29
113C2A
113C2B
113C2B
11382C
11382D
11382D
11382E
11382E
11382F
113830
113430
113431
113432
113432
113433
113434
113434
113035
113036
113036
113037
113038
113038
113039
112C3A
112C3B
112C3B
112C3C
112C3D
112C3D
112C3E
112C3F
112840
112840
112841
112842
112843
112843
112844
112445
112446
112447
112447
112448
112449
11244A
11244B
11204B
11204C
11204D
11204E
11204F
11204F
112050
112051
111C52
111C53
111C54
111C55
111C55
111C56
111C57
111C58
111C59
11185A
11185B
11185C
11185C
11185D
11185E
11185F
111860
111861
111462
111463
111464
111465
111466
111467
111467
111468
111469
11146A
11106B
11106C
11106D
11106E
11106F
111070
111071
111072
111073
111074
111075
111076
110C77
110C78
110C79
110C7A
110C7B
110C7C
110C7D
110C7E
110C7F
110C80
110C81
110C82
110C83
110C84
110C85
110C86
110C87
110C88
110889
11088A
11088B
11088C
11088D
11088E
11088F
110891
110892
110893
110894
110895
110896
110897
110898
110899
11089A
11089B
11089C
11089D
11089E
11089F
1108A0
1108A1
1108A2
1108A3
1108A5
1108A6
1108A7
1108A8
1108A9
1108AA
1108AB
1108AC
1108AD
1108AE
1108AF
1108B0
1108B1
1108B2
1108B3
1108B4
1108B5
1108B6
1108B7
1108B8
110CB9
110CBA
110CBB
110CBD
110CBE
110CBF
110CC0
110CC1
110CC2
110CC3
110CC4
110CC5
110CC6
110CC7
110CC8
110CC9
110CCA
1110CB
1110CC
1110CD
1110CE
1110CF
1110D0
1110D1
1110D2
1110D3
1110D3
1110D4
1110D5
1110D6
1114D7
1114D8
1114D9
1114DA
1114DB
1114DC
1114DD
1114DE
1114DF
1114E0
1118E1
1118E2
1118E2
1118E3
1118E4
1118E5
1118E6
1118E7
1118E8
111CE9
111CEA
111CEA
111CEB
111CEC
111CED
111CEE
111CEF
111CF0
1120F0
1120F1
1120F2
1120F3
1120F4
1120F5
1120F5
1120F6
1124F7
1124F8
1124F9
1124F9
1124FA
1124FB
1124FC
1124FD
1128FD
1128FE
1128FF
112900
112900
112901
112902
112D03
112D03
112D04
112D05
112D06
112D06
112D07
112D08
113108
113109
11310A
11310B
11310B
11310C
11310D
11350D
11350E
11350F
11350F
113510
113511
113511
113912
113913
113913
113914
113914
113915
113916
113D16
113D17
113D18
113D18
113D19
113D19
113D1A
11411B
11411B
11411C
11411C
11411D
11411D
11411E
11451F
11451F
114520
114520
114521
114521
114522
114922
114923
114924
114924
114C1B
114C1C
114C1C
114C1D
114C1D
114C1E
11481E
11481F
114820
114820
114821
114821
114822
114422
114423
114423
114424
114425
114425
114426
114426
114027
114028
114028
114029
114029
11402A
11402B
113C2B
113C2C
113C2C
113C2D
113C2E
113C2E
113C2F
113830
113830
113831
113832
113832
113833
113834
113434
113435
113436
113436
113437
113438
113438
113039
11303A
11303A
11303B
11303C
11303D
11303D
11303E
112C3F
112C40
112C40
112C41
112C42
112C43
112C43
112844
112845
112846
112846
112847
112848
112849
11284A
11244A
11244B
11244C
11244D
11244E
11244F
11244F
112450
112051
112052
112053
112054
112054
112055
112056
112057
112058
111C59
111C5A
111C5B
111C5B
111C5C
111C5D
111C5E
111C5F
111C60
111861
111862
111863
111864
111865
111866
111866
111867
111868
111869
11146A
11146B
11146C
11146D
11146E
11146F
111470
111471
111472
111473
111474
111475
111076
111077
111078
111079
11107A
11107B
11107C
11107D
11107E
11107F
111080
111081
111082
111083
111084
111085
111086
110C87
110C88
110C89
110C8A
110C8B
110C8C
110C8D
110C8E
110C8F
110C90
110C92
110C93
110C94
110C95
110C96
110C97
110C98
110C99
110C9A
110C9B
110C9C
110C9D
110C9E
110C9F
110CA0
110CA1
110CA2
110CA3
110CA5
110CA6
110CA7
110CA8
110CA9
110CAA
110CAB
110CAC
110CAD
110CAE
110CAF
110CB0
110CB1
110CB2
110CB3
110CB4
110CB5
110CB6
110CB7
110CB8
110CB9
110CBB
1110BC
1110BD
1110BE
1110BF
1110C0
1110C1
1110C2
1110C3
1110C4
1110C5
1110C6
1110C7
1110C8
1110C9
1110CA
1110CB
1114CC
1114CD
1114CE
1114CF
1114D0
1114D1
1114D2
1114D3
1114D4
1114D5
1114D5
1114D6
1114D7
1118D8
1118D9
1118DA
1118DB
1118DC
1118DD
1118DE
1118DF
1118E0
1118E1
111CE2
111CE3
111CE3
111CE4
111CE5
111CE6
111CE7
111CE8
111CE9
1120EA
1120EB
1120EB
1120EC
1120ED
1120EE
1120EF
1120F0
1120F1
1124F1
1124F2
1124F3
1124F4
1124F5
1124F6
1124F6
1124F7
1128F8
1128F9
1128FA
1128FA
1128FB
1128FC
1128FD
1128FD
112CFE
112CFF
112D00
112D01
112D01
112D02
112D03
113104
113104
113105
113106
113106
113107
113108
113109
113509
11350A
11350B
11350B
11350C
11350D
11350D
11390E
11390F
11390F
113910
113911
113911
113912
113D13
113D13
113D14
113D15
113D15
113D16
113D16
114117
114118
114118
114119
114119
11411A
11411B
11451B
11451C
11451C
11451D
11451E
11451E
11451F
11451F
114920
114920
114921
114921
114922
114923
114923
114D24
114D24
11501B
11501C
11501C
11501D
11501D
114C1E
114C1E
114C1F
114C1F
114C20
114C21
114C21
114822
114822
114823
114823
114824
114824
114825
114426
114426
114427
114427
114428
114429
114429
11402A
11402A
11402B
11402C
11402C
11402D
11402E
11402E
113C2F
113C2F
113C30
113C31
113C31
113C32
113C33
113833
113834
113835
113835
113836
113837
113838
113438
113439
11343A
11343A
11343B
11343C
11343D
11343D
11303E
11303F
11303F
113040
113041
113042
113042
112C43
112C44
112C45
112C46
112C46
112C47
112C48
112C49
11284A
11284A
11284B
11284C
11284D
11284E
11284E
11284F
112450
112451
112452
112453
112453
112454
112455
112456
112457
112058
112059
11205A
11205A
11205B
11205C
11205D
11205E
11205F
111C60
111C61
111C62
111C63
111C64
111C64
111C65
111C66
111C67
111C68
111869
11186A
11186B
11186C
11186D
11186E
11186F
111870
111871
111872
111873
111874
111875
111476
111477
111478
111479
11147A
11147B
11147C
11147D
11147E
11147F
111480
111481
111482
111483
111484
111485
111086
111087
111088
111089
11108A
11108B
11108C
11108D
11108E
11108F
111090
111092
111093
111094
111095
111096
111097
111098
111099
11109A
11109B
11109C
11109D
11109E
11109F
1110A0
1110A1
1110A2
1110A3
1110A5
1110A6
1110A7
1110A8
1110A9
1110AA
1110AB
1110AC
1110AD
1110AE
1110AF
1110B0
1110B1
1110B2
1110B3
1110B4
1110B5
1110B6
1110B7
1110B8
1110BA
1110BB
1110BC
1114BD
1114BE
1114BF
1114C0
1114C1
1114C2
1114C3
1114C4
1114C5
1114C6
1114C7
1114C8
1114C9
1114CA
1114CB
1114CC
1118CD
1118CE
1118CF
1118D0
1118D1
1118D2
1118D3
1118D4
1118D5
1118D6
1118D7
1118D7
111CD8
111CD9
111CDA
111CDB
111CDC
111CDD
111CDE
111CDF
111CE0
111CE1
111CE2
1120E3
1120E4
1120E4
1120E5
1120E6
1120E7
1120E8
1120E9
1120EA
1124EB
1124EC
1124EC
1124ED
1124EE
1124EF
1124F0
1124F1
1124F2
1128F2
1128F3
1128F4
1128F5
1128F6
1128F6
1128F7
1128F8
112CF9
112CFA
112CFA
112CFB
112CFC
112CFD
112CFE
112CFE
1130FF
113100
113101
113101
113102
113103
113104
113504
113505
113506
113507
113507
113508
113509
113509
11390A
11390B
11390B
11390C
11390D
11390E
11390E
113D0F
113D10
113D10
113D11
113D11
113D12
113D13
114113
114114
114115
114115
114116
114117
114117
114118
114518
114519
11451A
11451A
11451B
11451B
11451C
11491D
11491D
11491E
11491E
11491F
11491F
114920
114D20
114D21
114D22
114D22
114D23
114D23
114D24
115124
11541B
11541C
11541C
11501D
11501D
11501E
11501E
11501F
11501F
115020
114C20
114C21
114C22
114C22
114C23
114C23
114C24
114C24
114825
114826
114826
114827
114827
114828
114828
114429
11442A
11442A
11442B
11442C
11442C
11442D
11402D
11402E
11402F
11402F
114030
114031
114031
114032
113C33
113C33
113C34
113C35
113C35
113C36
113C37
113837
113838
113839
11383A
11383A
11383B
11383C
11343C
11343D
11343E
11343F
11343F
113440
113441
113442
113042
113043
113044
113045
113045
113046
113047
113048
112C49
112C49
112C4A
112C4B
112C4C
112C4D
112C4E
112C4E
11284F
112850
112851
112852
112853
112853
112854
112855
112856
112457
112458
112459
112459
11245A
11245B
11245C
11245D
11245E
11205F
112060
112061
112062
112063
112063
112064
112065
112066
112067
112068
111C69
111C6A
111C6B
111C6C
111C6D
111C6E
111C6F
111C70
111C71
111C72
111C73
111C74
111875
111876
111877
111878
111879
11187A
11187B
11187C
11187D
11187E
11187F
111880
111881
111882
111883
111884
111485
111486
111487
111488
111489
11148A
11148B
11148C
11148D
11148E
11148F
111490
111491
111493
111494
111495
111496
111497
111498
111499
11149A
11149B
11149C
11149D
11149E
11149F
1114A0
1114A1
1114A2
1114A3
1114A5
1114A6
1114A7
1114A8
1114A9
1114AA
1114AB
1114AC
1114AD
1114AE
1114AF
1114B0
1114B1
1114B2
1114B3
1114B4
1114B5
1114B6
1114B7
1114B9
1114BA
1114BB
1114BC
1114BD
1118BE
1118BF
1118C0
1118C1
1118C2
1118C3
1118C4
1118C5
1118C6
1118C7
1118C8
1118C9
1118CA
1118CB
1118CC
1118CD
111CCE
111CCF
111CD0
111CD1
111CD2
111CD3
111CD4
111CD5
111CD6
111CD7
111CD8
111CD9
1120D9
1120DA
1120DB
1120DC
1120DD
1120DE
1120DF
1120E0
1120E1
1120E2
1120E3
1124E4
1124E5
1124E5
1124E6
1124E7
1124E8
1124E9
1124EA
1124EB
1128EC
1128EC
1128ED
1128EE
1128EF
1128F0
1128F1
1128F2
1128F2
112CF3
112CF4
112CF5
112CF6
112CF7
112CF7
112CF8
112CF9
1130FA
1130FB
1130FB
1130FC
1130FD
1130FE
1130FE
1130FF
113500
113501
113501
113502
113503
113504
113504
113905
113906
113907
113907
113908
113909
113909
11390A
113D0B
113D0C
113D0C
113D0D
113D0E
113D0E
113D0F
114110
114110
114111
114112
114112
114113
114114
114114
114515
114515
114516
114517
114517
114518
114519
114919
11491A
11491A
11491B
11491B
11491C
11491D
114D1D
114D1E
114D1E
114D1F
114D1F
114D20
114D21
114D21
115122
115122
115123
115123
115124
115124
11581B
11541C
11541C
11541D
11541D
11541E
11541E
11541F
11541F
115020
115020
115021
115021
115022
115023
115023
114C24
114C24
114C25
114C25
114C26
114C27
114C27
114C28
114828
114829
11482A
11482A
11482B
11482B
11482C
11442D
11442D
11442E
11442F
11442F
114430
114431
114031
114032
114033
114033
114034
114035
114035
114036
113C37
113C37
113C38
113C39
113C39
113C3A
113C3B
11383C
11383C
11383D
11383E
11383F
11383F
113840
113841
113442
113442
113443
113444
113445
113445
113446
113447
113048
113049
113049
11304A
11304B
11304C
11304D
11304D
112C4E
112C4F
112C50
112C51
112C52
112C52
112C53
112C54
112C55
112856
112857
112858
112859
112859
11285A
11285B
11285C
11285D
11245E
11245F
112460
112461
112462
112462
112463
112464
112465
112466
112467
112068
112069
11206A
11206B
11206C
11206D
11206E
11206F
112070
112071
112072
112073
111C74
111C75
111C76
111C77
111C78
111C79
111C7A
111C7B
111C7C
111C7D
111C7E
111C7F
111C80
111C81
111C82
111C83
111884
111885
111886
111887
111888
111889
11188A
11188B
11188C
11188D
11188E
11188F
111890
111891
111893
111894
111895
111896
111897
111898
111899
11189A
11189B
11189C
11189D
11189E
11189F
1118A0
1118A1
1118A2
1118A3
1118A5
1118A6
1118A7
1118A8
1118A9
1118AA
1118AB
1118AC
1118AD
1118AE
1118AF
1118B0
1118B1
1118B2
1118B3
1118B4
1118B5
1118B6
1118B7
1118B9
1118BA
1118BB
1118BC
1118BD
1118BE
111CBF
111CC0
111CC1
111CC2
111CC3
111CC4
111CC5
111CC6
111CC7
111CC8
111CC9
111CCA
111CCB
111CCC
111CCD
111CCE
1120CF
1120D0
1120D1
1120D2
1120D3
1120D4
1120D5
1120D6
1120D7
1120D8
1120D9
1120DA
1124DA
1124DB
1124DC
1124DD
1124DE
1124DF
1124E0
1124E1
1124E2
1124E3
1128E4
1128E5
1128E6
1128E6
1128E7
1128E8
1128E9
1128EA
1128EB
1128EC
112CED
112CED
112CEE
112CEF
112CF0
112CF1
112CF2
112CF3
112CF3
1130F4
1130F5
1130F6
1130F7
1130F7
1130F8
1130F9
1130FA
1134FB
1134FB
1134FC
1134FD
1134FE
1134FF
1134FF
113500
113901
113902
113902
113903
113904
113905
113905
113D06
113D07
113D07
113D08
113D09
113D0A
113D0A
113D0B
11410C
11410C
11410D
11410E
11410E
11410F
114110
114510
114511
114512
114512
114513
114514
114514
114515
114916
114916
114917
114917
114918
114919
114919
114D1A
114D1A
114D1B
114D1C
114D1C
114D1D
114D1D
114D1E
11511E
11511F
115120
115120
115121
115121
115122
115522
115523
115523
115524
115525
11581B
11581B
11581C
11581C
11581D
11581D
11581E
11541F
11541F
115420
115420
115421
115421
115422
115422
115023
115024
115024
115025
115025
115026
115026
114C27
114C28
114C28
114C29
114C29
114C2A
114C2B
114C2B
11482C
11482D
11482D
11482E
11482E
11482F
114830
114430
114431
114432
114432
114433
114434
114434
114435
114036
114036
114037
114038
114039
114039
11403A
113C3B
113C3B
113C3C
113C3D
113C3E
113C3E
113C3F
113C40
113841
113841
113842
113843
113844
113844
113845
113846
113447
113448
113448
113449
11344A
11344B
11344C
11344C
11344D
11304E
11304F
113050
113051
113052
113052
113053
113054
112C55
112C56
112C57
112C58
112C58
112C59
112C5A
112C5B
112C5C
112C5D
11285E
11285F
112860
112861
112861
112862
112863
112864
112865
112866
112467
112468
112469
11246A
11246B
11246C
11246D
11246E
11246F
112470
112471
112472
112073
112074
112075
112076
112077
112078
112079
11207A
11207B
11207C
11207D
11207E
11207F
112080
112081
112082
111C83
111C84
111C85
111C86
111C87
111C88
111C89
111C8A
111C8B
111C8C
111C8D
111C8E
111C8F
111C90
111C91
111C93
111C94
111C95
111C96
111C97
111C98
111C99
111C9A
111C9B
111C9C
111C9D
111C9E
111C9F
111CA0
111CA1
111CA2
111CA3
111CA5
111CA6
111CA7
111CA8
111CA9
111CAA
111CAB
111CAC
111CAD
111CAE
111CAF
111CB0
111CB1
111CB2
111CB3
111CB4
111CB5
111CB6
111CB8
111CB9
111CBA
111CBB
111CBC
111CBD
111CBE
111CBF
1120C0
1120C1
1120C2
1120C3
1120C4
1120C5
1120C6
1120C7
1120C8
1120C9
1120CA
1120CB
1120CC
1120CD
1120CE
1120CF
1124D0
1124D1
1124D2
1124D3
1124D4
1124D5
1124D6
1124D7
1124D8
1124D9
1124DA
1124DB
1128DB
1128DC
1128DD
1128DE
1128DF
1128E0
1128E1
1128E2
1128E3
1128E4
112CE5
112CE6
112CE7
112CE7
112CE8
112CE9
112CEA
112CEB
112CEC
112CED
1130EE
1130EE
1130EF
1130F0
1130F1
1130F2
1130F3
1130F3
1134F4
1134F5
1134F6
1134F7
1134F8
1134F8
1134F9
1134FA
1134FB
1138FC
1138FC
1138FD
1138FE
1138FF
1138FF
113900
113901
113D02
113D02
113D03
113D04
113D05
113D05
113D06
114107
114108
114108
114109
11410A
11410A
11410B
11410C
11450C
11450D
11450E
11450F
11450F
114510
114511
114511
114912
114912
114913
114914
114914
114915
114916
114D16
114D17
114D18
114D18
114D19
114D19
114D1A
114D1B
11511B
11511C
11511C
11511D
11511D
11511E
11511F
11551F
115520
115520
115521
115521
115522
115522
115523
115924
115924
115925
115C1B
115C1B
115C1C
115C1C
115C1D
115C1D
11581E
11581E
11581F
115820
115820
115821
115821
115422
115422
115423
115423
115424
115425
115425
115426
115026
115027
115028
115028
115029
115029
11502A
11502B
114C2B
114C2C
114C2C
114C2D
114C2E
114C2E
114C2F
114830
114830
114831
114832
114832
114833
114834
114834
114435
114436
114436
114437
114438
114438
114439
11403A
11403B
11403B
11403C
11403D
11403E
11403E
11403F
113C40
113C41
113C41
113C42
113C43
113C44
113C44
113C45
113846
113847
113848
113848
113849
11384A
11384B
11384C
11384C
11344D
11344E
11344F
113450
113451
113451
113452
113453
113054
113055
113056
113057
113057
113058
113059
11305A
11305B
11305C
112C5D
112C5E
112C5F
112C60
112C60
112C61
112C62
112C63
112C64
112C65
112866
112867
112868
112869
11286A
11286B
11286C
11286D
11286E
11286F
112870
112871
112472
112473
112474
112475
112476
112477
112478
112479
11247A
11247B
11247C
11247D
11247E
11247F
112480
112481
112082
112083
112084
112085
112086
112087
112088
112089
11208A
11208B
11208C
11208D
11208E
11208F
112090
112091
112092
112094
112095
112096
112097
112098
112099
11209A
11209B
11209C
11209D
11209E
11209F
1120A0
1120A1
1120A2
1120A3
1120A5
1120A6
1120A7
1120A8
1120A9
1120AA
1120AB
1120AC
1120AD
1120AE
1120AF
1120B0
1120B1
1120B2
1120B3
1120B4
1120B5
1120B7
1120B8
1120B9
1120BA
1120BB
1120BC
1120BD
1120BE
1120BF
1120C0
1124C1
1124C2
1124C3
1124C4
1124C5
1124C6
1124C7
1124C8
1124C9
1124CA
1124CB
1124CC
1124CD
1124CE
1124CF
1124D0
1128D1
1128D2
1128D3
1128D4
1128D5
1128D6
1128D7
1128D8
1128D9
1128DA
1128DB
1128DC
112CDD
112CDD
112CDE
112CDF
112CE0
112CE1
112CE2
112CE3
112CE4
112CE5
1130E6
1130E7
1130E8
1130E8
1130E9
1130EA
1130EB
1130EC
1130ED
1134EE
1134EE
1134EF
1134F0
1134F1
1134F2
1134F3
1134F4
1134F4
1138F5
1138F6
1138F7
1138F8
1138F8
1138F9
1138FA
1138FB
1138FC
113CFC
113CFD
113CFE
113CFF
113D00
113D00
113D01
113D02
114103
114103
114104
114105
114106
114106
114107
114108
114508
114509
11450A
11450B
11450B
11450C
11450D
11490D
11490E
11490F
11490F
114910
114911
114911
114912
114D13
114D13
114D14
114D15
114D15
114D16
114D16
115117
115118
115118
115119
115119
11511A
11511B
11511B
11551C
11551C
11551D
11551E
11551E
11551F
11551F
115520
115920
115921
115921
115922
115923
115923
115924
115D24
115D25
11601B
11601B
11601C
11601C
115C1D
115C1D
115C1E
115C1E
115C1F
115C1F
115C20
115C21
115821
115822
115822
115823
115823
115824
115824
115825
115426
115426
115427
115427
115428
115429
115429
11502A
11502A
11502B
11502C
11502C
11502D
11502E
11502E
114C2F
114C30
114C30
114C31
114C32
114C32
114C33
114C34
114834
114835
114836
114836
114837
114838
114838
114439
11443A
11443B
11443B
11443C
11443D
11443D
11443E
11403F
114040
114040
114041
114042
114043
114043
114044
113C45
113C46
113C47
113C47
113C48
113C49
113C4A
113C4B
113C4B
11384C
11384D
11384E
11384F
113850
113850
113851
113852
113853
113454
113455
113456
113456
113457
113458
113459
11345A
11345B
11305C
11305D
11305E
11305F
11305F
113060
113061
113062
113063
113064
113065
112C66
112C67
112C68
112C69
112C6A
112C6B
112C6C
112C6D
112C6E
112C6F
112C70
112C71
112872
112873
112874
112875
112876
112877
112878
112879
11287A
11287B
11287C
11287D
11287E
11287F
112880
112481
112482
112483
112484
112485
112486
112487
112488
112489
11248A
11248B
11248C
11248D
11248E
11248F
112490
112491
112492
112494
112495
112496
112497
112498
112499
11249A
11249B
11249C
11249D
11249E
11249F
1124A0
1124A1
1124A2
1124A3
1124A5
1124A6
1124A7
1124A8
1124A9
1124AA
1124AB
1124AC
1124AD
1124AE
1124AF
1124B0
1124B1
1124B2
1124B3
1124B4
1124B5
1124B7
1124B8
1124B9
1124BA
1124BB
1124BC
1124BD
1124BE
1124BF
1124C0
1124C1
1128C2
1128C3
1128C4
1128C5
1128C6
1128C7
1128C8
1128C9
1128CA
1128CB
1128CC
1128CD
1128CE
1128CF
1128D0
112CD1
112CD2
112CD3
112CD4
112CD5
112CD6
112CD7
112CD8
112CD9
112CDA
112CDB
112CDC
1130DD
1130DE
1130DE
1130DF
1130E0
1130E1
1130E2
1130E3
1130E4
1130E5
1130E6
1134E7
1134E8
1134E8
1134E9
1134EA
1134EB
1134EC
1134ED
1134EE
1138EF
1138EF
1138F0
1138F1
1138F2
1138F3
1138F4
1138F4
1138F5
113CF6
113CF7
113CF8
113CF9
113CF9
113CFA
113CFB
113CFC
113CFD
1140FD
1140FE
1140FF
114100
114100
114101
114102
114103
114503
114504
114505
114506
114506
114507
114508
114509
114909
11490A
11490B
11490B
11490C
11490D
11490D
114D0E
114D0F
114D0F
114D10
114D11
114D11
114D12
114D13
115113
115114
115115
115115
115116
115117
115117
115118
115518
115519
11551A
11551A
11551B
11551B
11551C
11591D
11591D
11591E
11591E
11591F
11591F
115920
115921
115D21
115D22
115D22
115D23
115D23
115D24
115D24
115D25
11641B
11641B
11641C
11601C
11601D
11601D
11601E
11601E
11601F
11601F
115C20
115C20
115C21
115C22
115C22
115C23
115C23
115C24
115824
115825
115826
115826
115827
115827
115828
115829
115429
11542A
11542A
11542B
11542C
11542C
11542D
11542E
11502E
11502F
11502F
115030
115031
115031
115032
114C33
114C33
114C34
114C35
114C35
114C36
114C37
114C38
114838
114839
11483A
11483A
11483B
11483C
11483D
11483D
11443E
11443F
114440
114440
114441
114442
114443
114443
114444
114045
114046
114047
114047
114048
114049
11404A
11404B
113C4B
113C4C
113C4D
113C4E
113C4F
113C50
113C50
113C51
113C52
113853
113854
113855
113856
113856
113857
113858
113859
11385A
11345B
11345C
11345D
11345E
11345E
11345F
113460
113461
113462
113463
113464
113065
113066
113067
113068
113069
11306A
11306B
11306C
11306D
11306E
11306F
113070
112C71
112C72
112C72
112C73
112C74
112C75
112C76
112C77
112C78
112C7A
112C7B
112C7C
112C7D
112C7E
112C7F
112880
112881
112882
112883
112884
112885
112886
112887
112888
112889
11288A
11288B
11288C
11288D
11288E
11288F
112890
112891
112892
112894
112895
112896
112897
112898
112899
11289A
11289B
11289C
11289D
11289E
11289F
1128A0
1128A1
1128A2
1128A3
1128A5
1128A6
1128A7
1128A8
1128A9
1128AA
1128AB
1128AC
1128AD
1128AE
1128AF
1128B0
1128B1
1128B2
1128B3
1128B4
1128B6
1128B7
1128B8
1128B9
1128BA
1128BB
1128BC
1128BD
1128BE
1128BF
1128C0
1128C1
1128C2
112CC3
112CC4
112CC5
112CC6
112CC7
112CC8
112CC9
112CCA
112CCB
112CCC
112CCD
112CCE
112CCF
112CD0
112CD1
1130D2
1130D3
1130D4
1130D5
1130D6
1130D7
1130D8
1130D9
1130DA
1130DB
1130DC
1130DD
1134DE
1134DF
1134DF
1134E0
1134E1
1134E2
1134E3
1134E4
1134E5
1134E6
1138E7
1138E8
1138E9
1138E9
1138EA
1138EB
1138EC
1138ED
1138EE
1138EF
113CF0
113CF0
113CF1
113CF2
113CF3
113CF4
113CF5
113CF5
113CF6
1140F7
1140F8
1140F9
1140F9
1140FA
1140FB
1140FC
1140FD
1144FD
1144FE
1144FF
114500
114501
114501
114502
114503
114504
114904
114905
114906
114906
114907
114908
114909
114909
114D0A
114D0B
114D0B
114D0C
114D0D
114D0D
114D0E
11510F
115110
115110
115111
115112
115112
115113
115113
115514
115515
115515
115516
115517
115517
115518
115518
115919
11591A
11591A
11591B
11591B
11591C
11591D
11591D
115D1E
115D1E
115D1F
115D1F
115D20
115D21
115D21
116122
116122
116123
116123
116124
116124
116125
11681A
11641B
11641B
11641C
11641D
11641D
11641E
11641E
11641F
11601F
116020
116020
116021
116021
116022
116023
116023
115C24
115C24
115C25
115C25
115C26
115C27
115C27
115C28
115828
115829
11582A
11582A
11582B
11582B
11582C
11542D
11542D
11542E
11542F
11542F
115430
115431
115431
115032
115033
115033
115034
115035
115035
115036
115037
114C37
114C38
114C39
114C3A
114C3A
114C3B
114C3C
114C3C
11483D
11483E
11483F
11483F
114840
114841
114842
114843
114843
114444
114445
114446
114446
114447
114448
114449
11444A
11404A
11404B
11404C
11404D
11404E
11404F
11404F
114050
114051
113C52
113C53
113C54
113C55
113C55
113C56
113C57
113C58
113C59
113C5A
11385B
11385C
11385D
11385D
11385E
11385F
113860
113861
113862
113863
113464
113465
113466
113467
113468
113469
11346A
11346B
11346C
11346D
11346E
11346E
11306F
113070
113071
113072
113073
113074
113075
113076
113077
113078
113079
11307A
11307B
11307D
11307E
11307F
112C80
112C81
112C82
112C83
112C84
112C85
112C86
112C87
112C88
112C89
112C8A
112C8B
112C8C
112C8D
112C8E
112C8F
112C90
112C91
112C92
112C93
112C95
112C96
112C97
112C98
112C99
112C9A
112C9B
112C9C
112C9D
112C9E
112C9F
112CA0
112CA1
112CA2
112CA3
112CA5
112CA6
112CA7
112CA8
112CA9
112CAA
112CAB
112CAC
112CAD
112CAE
112CAF
112CB0
112CB1
112CB2
112CB3
112CB4
112CB6
112CB7
112CB8
112CB9
112CBA
112CBB
112CBC
112CBD
112CBE
112CBF
112CC0
112CC1
112CC2
1130C3
1130C4
1130C5
1130C6
1130C7
1130C8
1130C9
1130CA
1130CB
1130CC
1130CD
1130CE
1130CF
1130D0
1130D1
1130D2
1134D3
1134D4
1134D5
1134D6
1134D7
1134D8
1134D9
1134DA
1134DB
1134DC
1134DD
1134DE
1138DF
1138E0
1138E0
1138E1
1138E2
1138E3
1138E4
1138E5
1138E6
1138E7
113CE8
113CE9
113CEA
113CEA
113CEB
113CEC
113CED
113CEE
113CEF
113CF0
1140F0
1140F1
1140F2
1140F3
1140F4
1140F5
1140F6
1140F6
1140F7
1144F8
1144F9
1144FA
1144FA
1144FB
1144FC
1144FD
1144FE
1148FE
1148FF
114900
114901
114901
114902
114903
114904
114904
114D05
114D06
114D07
114D07
114D08
114D09
114D09
114D0A
11510B
11510C
11510C
11510D
11510E
11510E
11510F
115110
115510
115511
115512
115512
115513
115514
115514
115915
115915
115916
115917
115917
115918
115919
115919
115D1A
115D1A
115D1B
115D1C
115D1C
115D1D
115D1D
115D1E
11611E
11611F
116120
116120
116121
116121
116122
116122
116523
116523
116524
116525
116525
11681A
11681B
11681B
11681C
11681C
11681D
11681D
11641E
11641F
11641F
116420
116420
116421
116421
116422
116022
116023
116024
116024
116025
116025
116026
116027
115C27
115C28
115C28
115C29
115C2A
115C2A
115C2B
115C2B
11582C
11582D
11582D
11582E
11582F
11582F
115830
115831
115431
115432
115433
115433
115434
115435
115435
115436
115037
115037
115038
115039
115039
11503A
11503B
11503C
114C3C
114C3D
114C3E
114C3F
114C3F
114C40
114C41
114C42
114C42
114843
114844
114845
114846
114846
114847
114848
114849
11444A
11444A
11444B
11444C
11444D
11444E
11444F
11444F
114450
114051
114052
114053
114054
114054
114055
114056
114057
114058
114059
113C5A
113C5B
113C5C
113C5C
113C5D
113C5E
113C5F
113C60
113C61
113C62
113C63
113864
113865
113866
113867
113868
113869
11386A
11386B
11386C
11386C
11386D
11386E
11346F
113470
113471
113472
113473
113474
113475
113476
113477
113478
113479
11347A
11347B
11347C
11347D
11307F
113080
113081
113082
113083
113084
113085
113086
113087
113088
113089
11308A
11308B
11308C
11308D
11308E
11308F
113090
113091
113092
113093
113095
113096
113097
113098
113099
11309A
11309B
11309C
11309D
11309E
11309F
1130A0
1130A1
1130A2
1130A3
1130A5
1130A6
1130A7
1130A8
1130A9
1130AA
1130AB
1130AC
1130AD
1130AE
1130AF
1130B0
1130B1
1130B2
1130B3
1130B5
1130B6
1130B7
1130B8
1130B9
1130BA
1130BB
1130BC
1130BD
1130BE
1130BF
1130C0
1130C1
1130C2
1130C3
1134C4
1134C5
1134C6
1134C7
1134C8
1134C9
1134CA
1134CB
1134CC
1134CD
1134CE
1134CF
1134D0
1134D1
1134D2
1138D3
1138D4
1138D5
1138D6
1138D7
1138D8
1138D9
1138DA
1138DB
1138DC
1138DD
1138DE
113CDF
113CE0
113CE1
113CE1
113CE2
113CE3
113CE4
113CE5
113CE6
113CE7
113CE8
1140E9
1140EA
1140EB
1140EB
1140EC
1140ED
1140EE
1140EF
1140F0
1144F1
1144F1
1144F2
1144F3
1144F4
1144F5
1144F6
1144F6
1144F7
1144F8
1148F9
1148FA
1148FA
1148FB
1148FC
1148FD
1148FE
1148FE
114CFF
114D00
114D01
114D01
114D02
114D03
114D04
114D04
114D05
115106
115107
115107
115108
115109
11510A
11510A
11510B
11550C
11550C
11550D
11550E
11550E
11550F
115510
115510
115911
115912
115912
115913
115914
115914
115915
115916
115D16
115D17
115D17
115D18
115D19
115D19
115D1A
115D1A
11611B
11611C
11611C
11611D
11611D
11611E
11611F
11611F
116520
116520
116521
116521
116522
116522
116523
116524
116924
116925
116925
116C1A
116C1B
116C1B
116C1C
116C1C
116C1D
11681D
11681E
11681E
11681F
116820
116820
116821
116821
116422
116422
116423
116423
116424
116425
116425
116426
116026
116027
116028
116028
116029
116029
11602A
11602B
115C2B
115C2C
115C2D
115C2D
115C2E
115C2E
115C2F
115C30
115830
115831
115832
115832
115833
115834
115834
115835
115436
115437
115437
115438
115439
115439
11543A
11543B
11503C
11503C
11503D
11503E
11503F
11503F
115040
115041
115042
114C42
114C43
114C44
114C45
114C45
114C46
114C47
114C48
114C49
114849
11484A
11484B
11484C
11484D
11484E
11484E
11484F
114850
114451
114452
114453
114454
114454
114455
114456
114457
114458
114059
11405A
11405B
11405B
11405C
11405D
11405E
11405F
114060
114061
114062
113C63
113C64
113C65
113C66
113C67
113C68
113C69
113C6A
113C6A
113C6B
113C6C
113C6D
11386E
11386F
113870
113871
113872
113873
113874
113875
113876
113877
113878
113879
11387A
11387B
11387C
11347D
11347E
11347F
113481
113482
113483
113484
113485
113486
113487
113488
113489
11348A
11348B
11348C
11348D
11348E
11348F
113490
113491
113492
113493
113495
113496
113497
113498
113499
11349A
11349B
11349C
11349D
11349E
11349F
1134A0
1134A1
1134A2
1134A3
1134A5
1134A6
1134A7
1134A8
1134A9
1134AA
1134AB
1134AC
1134AD
1134AE
1134AF
1134B0
1134B1
1134B2
1134B3
1134B5
1134B6
1134B7
1134B8
1134B9
1134BA
1134BB
1134BC
1134BD
1134BE
1134BF
1134C0
1134C1
1134C2
1134C3
1138C4
1138C5
1138C6
1138C7
1138C8
1138C9
1138CA
1138CB
1138CC
1138CD
1138CE
1138CF
1138D0
1138D1
1138D2
1138D3
113CD4
113CD5
113CD6
113CD7
113CD8
113CD9
113CDA
113CDB
113CDC
113CDD
113CDE
113CDF
1140E0
1140E1
1140E2
1140E2
1140E3
1140E4
1140E5
1140E6
1140E7
1140E8
1144E9
1144EA
1144EB
1144EB
1144EC
1144ED
1144EE
1144EF
1144F0
1144F1
1148F2
1148F2
1148F3
1148F4
1148F5
1148F6
1148F7
1148F7
1148F8
114CF9
114CFA
114CFB
114CFB
114CFC
114CFD
114CFE
114CFF
114CFF
115100
115101
115102
115102
115103
115104
115105
115105
115506
115507
115507
115508
115509
11550A
11550A
11550B
11550C
11590C
11590D
11590E
11590E
11590F
115910
115910
115911
115D12
115D12
115D13
115D14
115D14
115D15
115D16
115D16
116117
116118
116118
116119
116119
11611A
11611B
11611B
11651C
11651C
11651D
11651E
11651E
11651F
11651F
116520
116920
116921
116921
116922
116923
116923
116924
116924
116D25
116D25
11701A
11701B
11701B
11701C
116C1C
116C1D
116C1D
116C1E
116C1E
116C1F
116C1F
116C20
116821
116821
116822
116822
116823
116823
116824
116825
116825
116426
116426
116427
116427
116428
116429
116429
11642A
11602B
11602B
11602C
11602C
11602D
11602E
11602E
11602F
115C30
115C30
115C31
115C32
115C32
115C33
115C34
115C34
115835
115836
115836
115837
115838
115839
115839
11583A
11543B
11543B
11543C
11543D
11543E
11543E
11543F
115440
115441
115041
115042
115043
115044
115045
115045
115046
115047
115048
114C49
114C49
114C4A
114C4B
114C4C
114C4D
114C4D
114C4E
114C4F
114850
114851
114852
114853
114853
114854
114855
114856
114857
114858
114459
11445A
11445B
11445B
11445C
11445D
11445E
11445F
114460
114461
114062
114063
114064
114065
114066
114067
114068
114068
114069
11406A
11406B
11406C
11406D
113C6E
113C6F
113C70
113C71
113C72
113C73
113C74
113C75
113C76
113C77
113C78
113C79
113C7A
113C7B
113C7C
11387D
11387E
11387F
113880
113882
113883
113884
113885
113886
113887
113888
113889
11388A
11388B
11388C
11388D
11388E
11388F
113890
113891
113892
113893
113894
113896
113897
113898
113899
11389A
11389B
11389C
11389D
11389E
11389F
1138A0
1138A1
1138A2
1138A4
1138A5
1138A6
1138A7
1138A8
1138A9
1138AA
1138AB
1138AC
1138AD
1138AE
1138AF
1138B0
1138B1
1138B2
1138B4
1138B5
1138B6
1138B7
1138B8
1138B9
1138BA
1138BB
1138BC
1138BD
1138BE
1138BF
1138C0
1138C1
1138C2
1138C3
1138C4
113CC5
113CC6
113CC7
113CC8
113CC9
113CCA
113CCB
113CCC
113CCD
113CCE
113CCF
113CD0
113CD1
113CD2
113CD3
1140D4
1140D5
1140D6
1140D7
1140D8
1140D9
1140DA
1140DB
1140DC
1140DD
1140DE
1140DF
1144E0
1144E1
1144E2
1144E3
1144E3
1144E4
1144E5
1144E6
1144E7
1144E8
1144E9
1148EA
1148EB
1148EC
1148EC
1148ED
1148EE
1148EF
1148F0
1148F1
1148F2
114CF2
114CF3
114CF4
114CF5
114CF6
114CF7
114CF7
114CF8
114CF9
1150FA
1150FB
1150FB
1150FC
1150FD
1150FE
1150FF
1150FF
115100
115501
115502
115502
115503
115504
115505
115505
115506
115907
115908
115908
115909
11590A
11590A
11590B
11590C
11590D
115D0D
115D0E
115D0F
115D0F
115D10
115D11
115D11
115D12
116113
116113
116114
116115
116115
116116
116116
116117
116518
116518
116519
116519
11651A
11651B
11651B
11651C
11691C
11691D
11691E
11691E
11691F
11691F
116920
116920
116921
116D22
116D22
116D23
116D23
116D24
116D24
116D25
116D25
11741A
11741B
11701B
11701C
11701C
11701D
11701D
11701E
11701E
11701F
11701F
116C20
116C20
116C21
116C22
116C22
116C23
116C23
116C24
116824
116825
116826
116826
116827
116827
116828
116829
116429
11642A
11642A
11642B
11642C
11642C
11642D
11642E
11642E
11602F
116030
116030
116031
116032
116032
116033
116034
115C34
115C35
115C36
115C36
115C37
115C38
115C38
115C39
11583A
11583B
11583B
11583C
11583D
11583E
11583E
11583F
115840
115441
115441
115442
115443
115444
115444
115445
115446
115447
115048
115048
115049
11504A
11504B
11504C
11504D
11504D
11504E
114C4F
114C50
114C51
114C52
114C52
114C53
114C54
114C55
114C56
114C57
114858
114859
11485A
11485A
11485B
11485C
11485D
11485E
11485F
114860
114861
114462
114463
114464
114465
114466
114466
114467
114468
114469
11446A
11446B
11446C
11406D
11406E
11406F
114070
114071
114072
114073
114074
114075
114076
114077
114078
114079
11407A
11407B
11407C
113C7D
113C7E
113C7F
113C80
113C81
113C83
113C84
113C85
113C86
113C87
113C88
113C89
113C8A
113C8B
113C8C
113C8D
113C8E
113C8F
113C90
113C91
113C92
113C93
113C94
113C96
113C97
113C98
113C99
113C9A
113C9B
113C9C
113C9D
113C9E
113C9F
113CA0
113CA1
113CA2
113CA4
113CA5
113CA6
113CA7
113CA8
113CA9
113CAA
113CAB
113CAC
113CAD
113CAE
113CAF
113CB0
113CB1
113CB2
113CB4
113CB5
113CB6
113CB7
113CB8
113CB9
113CBA
113CBB
113CBC
113CBD
113CBE
113CBF
113CC0
113CC1
113CC2
113CC3
113CC4
1140C5
1140C6
1140C7
1140C8
1140C9
1140CA
1140CB
1140CC
1140CD
1140CE
1140CF
1140D0
1140D1
1140D2
1140D3
1140D4
1144D5
1144D6
1144D7
1144D8
1144D9
1144DA
1144DB
1144DC
1144DD
1144DE
1144DF
1144E0
1148E1
1148E2
1148E3
1148E4
1148E4
1148E5
1148E6
1148E7
1148E8
1148E9
1148EA
114CEB
114CEC
114CED
114CED
114CEE
114CEF
114CF0
114CF1
114CF2
114CF3
1150F3
1150F4
1150F5
1150F6
1150F7
1150F8
1150F8
1150F9
1150FA
1154FB
1154FC
1154FC
1154FD
1154FE
1154FF
1154FF
115500
115501
115902
115903
115903
115904
115905
115906
115906
115907
115D08
115D08
115D09
115D0A
115D0B
115D0B
115D0C
115D0D
115D0D
11610E
11610F
11610F
116110
116111
116111
116112
116113
116513
116514
116515
116515
116516
116517
116517
116518
116918
116919
11691A
11691A
11691B
11691B
11691C
11691D
11691D
116D1E
116D1E
116D1F
116D1F
116D20
116D21
116D21
116D22
117122
117123
117123
117124
117124
117125
117125
11781A
11741A
11741B
11741C
11741C
11741D
11741D
11741E
11741E
11701F
11701F
117020
117020
117021
117021
117022
117023
117023
116C24
116C24
116C25
116C26
116C26
116C27
116C27
116C28
116829
116829
11682A
11682A
11682B
11682C
11682C
11682D
11682E
11642E
11642F
11642F
116430
116431
116431
116432
116433
116033
116034
116035
116036
116036
116037
116038
116038
116039
115C3A
115C3B
115C3B
115C3C
115C3D
115C3D
115C3E
115C3F
115840
115841
115841
115842
115843
115844
115844
115845
115846
115447
115448
115448
115449
11544A
11544B
11544C
11544C
11544D
11544E
11504F
115050
115051
115052
115052
115053
115054
115055
115056
115057
114C58
114C59
114C59
114C5A
114C5B
114C5C
114C5D
114C5E
114C5F
114C60
114861
114862
114863
114864
114865
114865
114866
114867
114868
114869
11486A
11486B
11486C
11446D
11446E
11446F
114470
114471
114472
114473
114474
114475
114476
114477
114478
114479
11447A
11447B
11407C
11407D
11407E
11407F
114080
114081
114082
114084
114085
114086
114087
114088
114089
11408A
11408B
11408C
11408D
11408E
11408F
114090
114091
114092
114093
114094
114096
114097
114098
114099
11409A
11409B
11409C
11409D
11409E
11409F
1140A0
1140A1
1140A2
1140A4
1140A5
1140A6
1140A7
1140A8
1140A9
1140AA
1140AB
1140AC
1140AD
1140AE
1140AF
1140B0
1140B1
1140B3
1140B4
1140B5
1140B6
1140B7
1140B8
1140B9
1140BA
1140BB
1140BC
1140BD
1140BE
1140BF
1140C0
1140C1
1140C2
1140C3
1140C4
1140C5
1144C6
1144C7
1144C8
1144C9
1144CA
1144CB
1144CC
1144CD
1144CE
1144CF
1144D0
1144D1
1144D2
1144D3
1144D4
1148D5
1148D6
1148D7
1148D8
1148D9
1148DA
1148DB
1148DC
1148DD
1148DE
1148DF
1148E0
114CE1
114CE2
114CE3
114CE4
114CE5
114CE5
114CE6
114CE7
114CE8
114CE9
114CEA
1150EB
1150EC
1150ED
1150ED
1150EE
1150EF
1150F0
1150F1
1150F2
1150F3
1154F3
1154F4
1154F5
1154F6
1154F7
1154F8
1154F8
1154F9
1154FA
1154FB
1158FC
1158FC
1158FD
1158FE
1158FF
115900
115900
115901
115902
115D03
115D03
115D04
115D05
115D06
115D06
115D07
115D08
116109
116109
11610A
11610B
11610B
11610C
11610D
11610D
11610E
11650F
11650F
116510
116511
116511
116512
116513
116513
116914
116915
116915
116916
116917
116917
116918
116918
116919
116D1A
116D1A
116D1B
116D1B
116D1C
116D1D
116D1D
116D1E
11711E
11711F
117120
117120
117121
117121
117122
117122
117123
117523
117524
117524
117525
117526
11781A
11781A
11781B
11781B
11781C
11781C
11781D
11781E
11741E
11741F
11741F
117420
117420
117421
117421
117422
117023
117023
117024
117024
117025
117025
117026
117027
117027
116C28
116C28
116C29
116C2A
116C2A
116C2B
116C2C
116C2C
11682D
11682D
11682E
11682F
11682F
116830
116831
116831
116832
116433
116433
116434
116435
116435
116436
116437
116438
116438
116039
11603A
11603A
11603B
11603C
11603D
11603D
11603E
115C3F
115C40
115C40
115C41
115C42
115C43
115C44
115C44
115C45
115846
115847
115847
115848
115849
11584A
11584B
11584C
11584C
11584D
11544E
11544F
115450
115451
115451
115452
115453
115454
115455
115456
115057
115058
115058
115059
11505A
11505B
11505C
11505D
11505E
11505F
115060
114C61
114C62
114C63
114C64
114C64
114C65
114C66
114C67
114C68
114C69
114C6A
114C6B
11486C
11486D
11486E
11486F
114870
114871
114872
114873
114874
114875
114876
114877
114878
114879
11487A
11487B
11447C
11447D
11447E
11447F
114480
114481
114482
114483
114485
114486
114487
114488
114489
11448A
11448B
11448C
11448D
11448E
11448F
114490
114491
114492
114493
114494
114496
114497
114498
114499
11449A
11449B
11449C
11449D
11449E
11449F
1144A0
1144A1
1144A2
1144A4
1144A5
1144A6
1144A7
1144A8
1144A9
1144AA
1144AB
1144AC
1144AD
1144AE
1144AF
1144B0
1144B1
1144B3
1144B4
1144B5
1144B6
1144B7
1144B8
1144B9
1144BA
1144BB
1144BC
1144BD
1144BE
1144BF
1144C0
1144C1
1144C2
1144C3
1144C4
1144C5
1148C6
1148C7
1148C8
1148C9
1148CB
1148CC
1148CD
1148CE
1148CF
1148D0
1148D1
1148D2
1148D3
1148D4
1148D4
1148D5
114CD6
114CD7
114CD8
114CD9
114CDA
114CDB
114CDC
114CDD
114CDE
114CDF
114CE0
114CE1
1150E2
1150E3
1150E4
1150E5
1150E6
1150E6
1150E7
1150E8
1150E9
1150EA
1150EB
1154EC
1154ED
1154EE
1154EE
1154EF
1154F0
1154F1
1154F2
1154F3
1154F4
1158F4
1158F5
1158F6
1158F7
1158F8
1158F9
1158F9
1158FA
1158FB
115CFC
115CFD
115CFD
115CFE
115CFF
115D00
115D00
115D01
115D02
115D03
116103
116104
116105
116106
116106
116107
116108
116109
116509
11650A
11650B
11650B
11650C
11650D
11650E
11650E
11650F
116910
116910
116911
116912
116912
116913
116914
116914
116915
116D15
116D16
116D17
116D17
116D18
116D19
116D19
116D1A
11711A
11711B
11711C
11711C
11711D
11711D
11711E
11711F
11711F
117520
117520
117521
117521
117522
117522
117523
117524
117924
117925
117925
117926
117C1A
117C1A
117C1B
117C1B
117C1C
117C1C
11781D
11781D
11781E
11781F
11781F
117820
117820
117821
117821
117422
117422
117423
117424
117424
117425
117425
117426
117026
117027
117028
117028
117029
11702A
11702A
11702B
11702B
116C2C
116C2D
116C2D
116C2E
116C2F
116C2F
116C30
116C31
116C31
116832
116833
116833
116834
116835
116835
116836
116837
116837
116438
116439
11643A
11643A
11643B
11643C
11643D
11643D
11643E
11603F
116040
116040
116041
116042
116043
116043
116044
116045
115C46
115C47
115C47
115C48
115C49
115C4A
115C4B
115C4B
115C4C
11584D
11584E
11584F
115850
115851
115851
115852
115853
115854
115855
115456
115457
115458
115458
115459
11545A
11545B
11545C
11545D
11545E
11545F
115060
115061
115062
115062
115063
115064
115065
115066
115067
115068
115069
11506A
11506B
114C6C
114C6D
114C6E
114C6F
114C70
114C71
114C72
114C73
114C74
114C75
114C76
114C77
114C78
114C79
114C7A
114C7B
11487C
11487D
11487E
11487F
114880
114881
114882
114883
114884
114886
114887
114888
114889
11488A
11488B
11488C
11488D
11488E
11488F
114890
114891
114892
114893
114894
114896
114897
114898
114899
11489A
11489B
11489C
11489D
11489E
11489F
1148A0
1148A1
1148A2
1148A4
1148A5
1148A6
1148A7
1148A8
1148A9
1148AA
1148AB
1148AC
1148AD
1148AE
1148AF
1148B0
1148B1
1148B3
1148B4
1148B5
1148B6
1148B7
1148B8
1148B9
1148BA
1148BB
1148BC
1148BD
1148BE
1148BF
1148C0
1148C1
1148C2
1148C3
1148C4
1148C5
114CC6
114CC8
114CC9
114CCA
114CCB
114CCC
114CCD
114CCE
114CCF
114CD0
114CD1
114CD2
114CD3
114CD4
114CD5
114CD6
1150D7
1150D7
1150D8
1150D9
1150DA
1150DB
1150DC
1150DD
1150DE
1150DF
1150E0
1150E1
1154E2
1154E3
1154E4
1154E5
1154E6
1154E7
1154E7
1154E8
1154E9
1154EA
1154EB
1158EC
1158ED
1158EE
1158EF
1158EF
1158F0
1158F1
1158F2
1158F3
1158F4
1158F4
115CF5
115CF6
115CF7
115CF8
115CF9
115CF9
115CFA
115CFB
115CFC
1160FD
1160FD
1160FE
1160FF
116100
116101
116101
116102
116103
116504
116504
116505
116506
116507
116507
116508
116509
116509
11690A
11690B
11690C
11690C
11690D
11690E
11690E
11690F
116910
116D10
116D11
116D12
116D12
116D13
116D14
116D14
116D15
116D16
117116
117117
117117
117118
117119
117119
11711A
11711A
11751B
11751C
11751C
11751D
11751D
11751E
11751F
11751F
117520
117920
117921
117921
117922
117923
117923
117924
117924
117925
117D25
117D26
11801A
11801A
11801B
11801B
117C1C
117C1C
117C1D
117C1D
117C1E
117C1E
117C1F
117C20
117C20
117821
117821
117822
117822
117823
117823
117824
117825
117825
117426
117426
117427
117428
117428
117429
117429
11742A
11742B
11702B
11702C
11702D
11702D
11702E
11702F
11702F
117030
117031
116C31
116C32
116C33
116C33
116C34
116C35
116C35
116C36
116C37
116837
116838
116839
11683A
11683A
11683B
11683C
11683C
11683D
11643E
11643F
11643F
116440
116441
116442
116443
116443
116444
116045
116046
116046
116047
116048
116049
11604A
11604B
11604B
11604C
115C4D
115C4E
115C4F
115C50
115C50
115C51
115C52
115C53
115C54
115C55
115856
115857
115857
115858
115859
11585A
11585B
11585C
11585D
11585E
11585F
115460
115461
115461
115462
115463
115464
115465
115466
115467
115468
115469
11546A
11546B
11506C
11506D
11506E
11506F
115070
115071
115072
115073
115074
115075
115076
115077
115078
115079
11507A
114C7B
114C7C
114C7D
114C7E
114C7F
114C80
114C81
114C82
114C83
114C84
114C86
114C87
114C88
114C89
114C8A
114C8B
114C8C
114C8D
114C8E
114C8F
114C90
114C91
114C92
114C93
114C94
114C95
114C97
114C98
114C99
114C9A
114C9B
114C9C
114C9D
114C9E
114C9F
114CA0
114CA1
114CA2
114CA4
114CA5
114CA6
114CA7
114CA8
114CA9
114CAA
114CAB
114CAC
114CAD
114CAE
114CAF
114CB0
114CB2
114CB3
114CB4
114CB5
114CB6
114CB7
114CB8
114CB9
114CBA
114CBB
114CBC
114CBD
114CBE
114CBF
114CC0
114CC1
114CC2
114CC3
114CC4
114CC5
1150C7
1150C8
1150C9
1150CA
1150CB
1150CC
1150CD
1150CE
1150CF
1150D0
1150D1
1150D2
1150D3
1150D4
1150D5
1150D6
1154D7
1154D8
1154D9
1154D9
1154DA
1154DB
1154DC
1154DD
1154DE
1154DF
1154E0
1154E1
1154E2
1158E3
1158E4
1158E5
1158E6
1158E7
1158E7
1158E8
1158E9
1158EA
1158EB
1158EC
115CED
115CEE
115CEF
115CEF
115CF0
115CF1
115CF2
115CF3
115CF4
115CF5
1160F5
1160F6
1160F7
1160F8
1160F9
1160FA
1160FA
1160FB
1160FC
1160FD
1164FD
1164FE
1164FF
116500
116501
116501
116502
116503
116504
116904
116905
116906
116907
116907
116908
116909
11690A
11690A
116D0B
116D0C
116D0C
116D0D
116D0E
116D0E
116D0F
116D10
116D10
117111
117112
117112
117113
117114
117114
117115
117116
117116
117517
117518
117518
117519
117519
11751A
11751B
11751B
11751C
11791C
11791D
11791E
11791E
11791F
11791F
117920
117920
117921
117D22
117D22
117D23
117D23
117D24
117D24
117D25
117D25
118126
11841A
11841A
11841B
11801B
11801C
11801C
11801D
11801D
11801E
11801E
11801F
11801F
117C20
117C21
117C21
117C22
117C22
117C23
117C23
117C24
117C25
117825
117826
117826
117827
117828
117828
117829
117829
11782A
11742B
11742B
11742C
11742C
11742D
11742E
11742E
11742F
117430
117030
117031
117032
117032
117033
117034
117034
117035
117036
116C37
116C37
116C38
116C39
116C39
116C3A
116C3B
116C3C
116C3C
11683D
11683E
11683F
11683F
116840
116841
116842
116842
116843
116444
116445
116446
116446
116447
116448
116449
11644A
11644A
11644B
11604C
11604D
11604E
11604F
116050
116050
116051
116052
116053
116054
115C55
115C56
115C56
115C57
115C58
115C59
115C5A
115C5B
115C5C
115C5D
115C5E
115C5F
115860
115860
115861
115862
115863
115864
115865
115866
115867
115868
115869
11586A
11546B
11546C
11546D
11546E
11546F
115470
115471
115472
115473
115474
115475
115476
115477
115478
115479
11547A
11507B
11507C
11507D
11507E
11507F
115080
115081
115082
115083
115084
115085
115087
115088
115089
11508A
11508B
11508C
11508D
11508E
11508F
115090
115091
115092
115093
115094
115095
115097
115098
115099
11509A
11509B
11509C
11509D
11509E
11509F
1150A0
1150A1
1150A2
1150A4
1150A5
1150A6
1150A7
1150A8
1150A9
1150AA
1150AB
1150AC
1150AD
1150AE
1150AF
1150B0
1150B2
1150B3
1150B4
1150B5
1150B6
1150B7
1150B8
1150B9
1150BA
1150BB
1150BC
1150BD
1150BE
1150BF
1150C0
1150C1
1150C2
1150C3
1150C5
1150C6
1150C7
1154C8
1154C9
1154CA
1154CB
1154CC
1154CD
1154CE
1154CF
1154D0
1154D1
1154D2
1154D3
1154D4
1154D5
1154D6
1158D7
1158D8
1158D9
1158DA
1158DB
1158DB
1158DC
1158DD
1158DE
1158DF
1158E0
1158E1
1158E2
115CE3
115CE4
115CE5
115CE6
115CE7
115CE8
115CE8
115CE9
115CEA
115CEB
115CEC
115CED
1160EE
1160EF
1160F0
1160F0
1160F1
1160F2
1160F3
1160F4
1160F5
1160F5
1164F6
1164F7
1164F8
1164F9
1164FA
1164FA
1164FB
1164FC
1164FD
1164FE
1168FE
1168FF
116900
116901
116901
116902
116903
116904
116904
116D05
116D06
116D07
116D07
116D08
116D09
116D0A
116D0A
116D0B
11710C
11710C
11710D
11710E
11710E
11710F
117110
117111
117111
117512
117513
117513
117514
117514
117515
117516
117516
117517
117918
117918
117919
117919
11791A
11791B
11791B
11791C
11791C
117D1D
117D1E
117D1E
117D1F
117D1F
117D20
117D20
117D21
117D22
118122
118123
118123
118124
118124
118125
118125
118126
118819
11841A
11841B
11841B
11841C
11841C
11841D
11841D
11841E
11841E
11801F
11801F
118020
118020
118021
118022
118022
118023
118023
117C24
117C24
117C25
117C26
117C26
117C27
117C27
117C28
117C29
117829
11782A
11782B
11782B
11782C
11782C
11782D
11782E
11782E
11742F
117430
117430
117431
117432
117432
117433
117434
117434
117435
117036
117036
117037
117038
117039
117039
11703A
11703B
11703C
116C3C
116C3D
116C3E
116C3F
116C3F
116C40
116C41
116C42
116C42
116843
116844
116845
116846
116846
116847
116848
116849
11684A
11684A
11644B
11644C
11644D
11644E
11644F
11644F
116450
116451
116452
116453
116454
116055
116056
116056
116057
116058
116059
11605A
11605B
11605C
11605D
11605E
115C5F
115C5F
115C60
115C61
115C62
115C63
115C64
115C65
115C66
115C67
115C68
115C69
115C6A
11586B
11586C
11586D
11586E
11586F
115870
115871
115872
115873
115874
115875
115876
115877
115878
115879
11587A
11547B
11547C
11547D
11547E
11547F
115480
115481
115482
115483
115484
115485
115487
115488
115489
11548A
11548B
11548C
11548D
11548E
11548F
115490
115491
115492
115493
115494
115495
115497
115498
115499
11549A
11549B
11549C
11549D
11549E
11549F
1154A0
1154A1
1154A2
1154A4
1154A5
1154A6
1154A7
1154A8
1154A9
1154AA
1154AB
1154AC
1154AD
1154AE
1154AF
1154B0
1154B2
1154B3
1154B4
1154B5
1154B6
1154B7
1154B8
1154B9
1154BA
1154BB
1154BC
1154BD
1154BE
1154BF
1154C0
1154C1
1154C2
1154C4
1154C5
1154C6
1154C7
1158C8
1158C9
1158CA
1158CB
1158CC
1158CD
1158CE
1158CF
1158D0
1158D1
1158D2
1158D3
1158D4
1158D5
1158D6
1158D7
115CD8
115CD9
115CDA
115CDB
115CDC
115CDC
115CDD
115CDE
115CDF
115CE0
115CE1
115CE2
115CE3
1160E4
1160E5
1160E6
1160E7
1160E8
1160E9
1160E9
1160EA
1160EB
1160EC
1160ED
1164EE
1164EF
1164F0
1164F0
1164F1
1164F2
1164F3
1164F4
1164F5
1164F6
1164F6
1168F7
1168F8
1168F9
1168FA
1168FA
1168FB
1168FC
1168FD
1168FE
116CFE
116CFF
116D00
116D01
116D02
116D02
116D03
116D04
116D05
116D05
117106
117107
117108
117108
117109
11710A
11710A
11710B
11710C
11750D
11750D
11750E
11750F
11750F
117510
117511
117511
117512
117913
117913
117914
117915
117915
117916
117916
117917
117918
117918
117D19
117D1A
117D1A
117D1B
117D1B
117D1C
117D1D
117D1D
117D1E
11811E
11811F
11811F
118120
118121
118121
118122
118122
118123
118523
118524
118524
118525
118525
118526
118819
11881A
11881A
11881B
11881B
11881C
11881D
11881D
11881E
11841E
11841F
11841F
118420
118420
118421
118421
118422
118423
118023
118024
118024
118025
118026
118026
118027
118027
118028
117C29
117C29
117C2A
117C2A
117C2B
117C2C
117C2C
117C2D
117C2E
11782E
11782F
117830
117830
117831
117832
117832
117833
117834
117834
117435
117436
117436
117437
117438
117439
117439
11743A
11743B
11703B
11703C
11703D
11703E
11703E
11703F
117040
117041
117042
117042
116C43
116C44
116C45
116C45
116C46
116C47
116C48
116C49
116C49
116C4A
11684B
11684C
11684D
11684E
11684E
11684F
116850
116851
116852
116853
116454
116455
116455
116456
116457
116458
116459
11645A
11645B
11645C
11645D
11645E
11605E
11605F
116060
116061
116062
116063
116064
116065
116066
116067
116068
116069
11606A
115C6B
115C6C
115C6D
115C6E
115C6F
115C70
115C71
115C72
115C73
115C74
115C75
115C76
115C77
115C78
115C79
115C7A
11587B
11587C
11587D
11587E
11587F
115880
115881
115882
115883
115884
115885
115886
115888
115889
11588A
11588B
11588C
11588D
11588E
11588F
115890
115891
115892
115893
115894
115895
115897
115898
115899
11589A
11589B
11589C
11589D
11589E
11589F
1158A0
1158A1
1158A2
1158A4
1158A5
1158A6
1158A7
1158A8
1158A9
1158AA
1158AB
1158AC
1158AD
1158AE
1158AF
1158B0
1158B2
1158B3
1158B4
1158B5
1158B6
1158B7
1158B8
1158B9
1158BA
1158BB
1158BC
1158BD
1158BE
1158BF
1158C0
1158C1
1158C3
1158C4
1158C5
1158C6
1158C7
115CC8
115CC9
115CCA
115CCB
115CCC
115CCD
115CCE
115CCF
115CD0
115CD1
115CD2
115CD3
115CD4
115CD5
115CD6
115CD7
1160D8
1160D9
1160DA
1160DB
1160DC
1160DD
1160DD
1160DE
1160DF
1160E0
1160E1
1160E2
1160E3
1164E4
1164E5
1164E6
1164E7
1164E8
1164E9
1164EA
1164EA
1164EB
1164EC
1164ED
1164EE
1168EF
1168F0
1168F1
1168F1
1168F2
1168F3
1168F4
1168F5
1168F6
1168F6
116CF7
116CF8
116CF9
116CFA
116CFB
116CFB
116CFC
116CFD
116CFE
116CFF
1170FF
117100
117101
117102
117102
117103
117104
117105
117105
117106
117507
117508
117508
117509
11750A
11750A
11750B
11750C
11750D
11790D
11790E
11790F
11790F
117910
117911
117911
117912
117913
117913
117D14
117D15
117D15
117D16
117D17
117D17
117D18
117D18
117D19
11811A
11811A
11811B
11811B
11811C
11811D
11811D
11811E
11811E
11851F
118520
118520
118521
118521
118522
118522
118523
118523
118924
118925
118925
118926
118926
118C19
118C1A
118C1A
118C1B
118C1B
118C1C
118C1C
11881D
11881E
11881E
11881F
11881F
118820
118820
118821
118821
118422
118423
118423
118424
118424
118425
118425
118426
118427
118427
118028
118028
118029
11802A
11802A
11802B
11802C
11802C
11802D
117C2E
117C2E
117C2F
117C2F
117C30
117C31
117C31
117C32
117C33
117C34
117834
117835
117836
117836
117837
117838
117838
117839
11783A
11743B
11743B
11743C
11743D
11743E
11743E
11743F
117440
117441
117441
117042
117043
117044
117045
117045
117046
117047
117048
117049
117049
116C4A
116C4B
116C4C
116C4D
116C4E
116C4E
116C4F
116C50
116C51
116C52
116C53
116854
116854
116855
116856
116857
116858
116859
11685A
11685B
11685C
11685D
11685D
11645E
11645F
116460
116461
116462
116463
116464
116465
116466
116467
116468
116469
11646A
11606B
11606C
11606D
11606E
11606F
116070
116071
116072
116073
116074
116075
116076
116077
116078
116079
11607A
115C7B
115C7C
115C7D
115C7E
115C7F
115C80
115C81
115C82
115C83
115C84
115C85
115C86
115C88
115C89
115C8A
115C8B
115C8C
115C8D
115C8E
115C8F
115C90
115C91
115C92
115C93
115C94
115C95
115C97
115C98
115C99
115C9A
115C9B
115C9C
115C9D
115C9E
115C9F
115CA0
115CA1
115CA2
115CA4
115CA5
115CA6
115CA7
115CA8
115CA9
115CAA
115CAB
115CAC
115CAD
115CAE
115CAF
115CB1
115CB2
115CB3
115CB4
115CB5
115CB6
115CB7
115CB8
115CB9
115CBA
115CBB
115CBC
115CBD
115CBE
115CBF
115CC0
115CC2
115CC3
115CC4
115CC5
115CC6
1160C7
1160C8
1160C9
1160CA
1160CB
1160CC
1160CD
1160CE
1160CF
1160D0
1160D1
1160D2
1160D3
1160D4
1160D5
1160D6
1160D7
1164D8
1164D9
1164DA
1164DB
1164DC
1164DD
1164DE
1164DF
1164DF
1164E0
1164E1
1164E2
1164E3
1168E4
1168E5
1168E6
1168E7
1168E8
1168E9
1168EA
1168EA
1168EB
1168EC
1168ED
1168EE
116CEF
116CF0
116CF1
116CF1
116CF2
116CF3
116CF4
116CF5
116CF6
116CF7
116CF7
1170F8
1170F9
1170FA
1170FB
1170FB
1170FC
1170FD
1170FE
1170FF
1170FF
117500
117501
117502
117502
117503
117504
117505
117505
117506
117507
117908
117908
117909
11790A
11790B
11790B
11790C
11790D
11790D
117D0E
117D0F
117D0F
117D10
117D11
117D11
117D12
117D13
117D13
117D14
118115
118115
118116
118117
118117
118118
118119
118119
11811A
11851A
11851B
11851C
11851C
11851D
11851D
11851E
11851E
11851F
118520
118920
118921
118921
118922
118922
118923
118924
118924
118925
118D25
118D26
118D26
119019
11901A
11901A
11901B
11901B
118C1C
118C1C
118C1D
118C1D
118C1E
118C1F
118C1F
118C20
118C20
118C21
118821
118822
118822
118823
118824
118824
118825
118825
118826
118427
118427
118428
118428
118429
11842A
11842A
11842B
11842B
11842C
11802D
11802D
11802E
11802F
11802F
118030
118031
118031
118032
118033
117C33
117C34
117C35
117C36
117C36
117C37
117C38
117C38
117C39
11783A
11783B
11783B
11783C
11783D
11783E
11783E
11783F
117840
117841
117441
117442
117443
117444
117444
117445
117446
117447
117448
117449
117449
11704A
11704B
11704C
11704D
11704D
11704E
11704F
117050
117051
117052
116C53
116C54
116C54
116C55
116C56
116C57
116C58
116C59
116C5A
116C5B
116C5C
116C5D
11685D
11685E
11685F
116860
116861
116862
116863
116864
116865
116866
116867
116868
116869
11686A
11646B
11646C
11646D
11646E
11646F
116470
116471
116472
116473
116474
116475
116476
116477
116478
116479
11647A
11647B
11607C
11607D
11607E
11607F
116080
116081
116082
116083
116084
116085
116086
116087
116089
11608A
11608B
11608C
11608D
11608E
11608F
116090
116091
116092
116093
116094
116095
116097
116098
116099
11609A
11609B
11609C
11609D
11609E
11609F
1160A0
1160A1
1160A2
1160A4
1160A5
1160A6
1160A7
1160A8
1160A9
1160AA
1160AB
1160AC
1160AD
1160AE
1160AF
1160B1
1160B2
1160B3
1160B4
1160B5
1160B6
1160B7
1160B8
1160B9
1160BA
1160BB
1160BC
1160BD
1160BE
1160BF
1160C0
1160C2
1160C3
1160C4
1160C5
1160C6
1164C7
1164C8
1164C9
1164CA
1164CB
1164CC
1164CD
1164CE
1164CF
1164D0
1164D1
1164D2
1164D3
1164D4
1164D5
1164D6
1164D7
1168D8
1168D9
1168DA
1168DB
1168DC
1168DD
1168DE
1168DF
1168E0
1168E0
1168E1
1168E2
1168E3
1168E4
116CE5
116CE6
116CE7
116CE8
116CE9
116CEA
116CEB
116CEB
116CEC
116CED
116CEE
1170EF
1170F0
1170F1
1170F2
1170F2
1170F3
1170F4
1170F5
1170F6
1170F7
1170F7
1174F8
1174F9
1174FA
1174FB
1174FC
1174FC
1174FD
1174FE
1174FF
1174FF
117500
117901
117902
117903
117903
117904
117905
117906
117906
117907
117908
117D09
117D09
117D0A
117D0B
117D0B
117D0C
117D0D
117D0D
117D0E
11810F
118110
118110
118111
118112
118112
118113
118114
118114
118115
118515
118516
118517
118517
118518
118519
118519
11851A
11851A
11891B
11891C
11891C
11891D
11891D
11891E
11891F
11891F
118920
118920
118D21
118D21
118D22
118D23
118D23
118D24
118D24
118D25
118D25
118D26
119126
119419
11941A
11941A
11901B
11901B
11901C
11901C
11901D
11901D
11901E
11901E
11901F
119020
118C20
118C21
118C21
118C22
118C22
118C23
118C24
118C24
118C25
118C25
118826
118826
118827
118828
118828
118829
11882A
11882A
11882B
11882B
11842C
11842D
11842D
11842E
11842F
11842F
118430
118431
118431
118032
118033
118033
118034
118035
118035
118036
118037
118038
118038
117C39
117C3A
117C3A
117C3B
117C3C
117C3D
117C3D
117C3E
117C3F
117C40
117840
117841
117842
117843
117844
117844
117845
117846
117847
117848
117848
117449
11744A
11744B
11744C
11744D
11744D
11744E
11744F
117450
117451
117452
117053
117053
117054
117055
117056
117057
117058
117059
11705A
11705B
11705C
11705C
116C5D
116C5E
116C5F
116C60
116C61
116C62
116C63
116C64
116C65
116C66
116C67
116C68
116C69
116C6A
11686B
11686C
11686D
11686E
11686F
116870
116871
116872
116873
116874
116875
116876
116877
116878
116879
11687A
11687B
11647C
11647D
11647E
11647F
116480
116481
116482
116483
116484
116485
116486
116487
116489
11648A
11648B
11648C
11648D
11648E
11648F
116490
116491
116492
116493
116494
116495
116496
116498
116499
11649A
11649B
11649C
11649D
11649E
11649F
1164A0
1164A1
1164A2
1164A4
1164A5
1164A6
1164A7
1164A8
1164A9
1164AA
1164AB
1164AC
1164AD
1164AE
1164AF
1164B1
1164B2
1164B3
1164B4
1164B5
1164B6
1164B7
1164B8
1164B9
1164BA
1164BB
1164BC
1164BD
1164BE
1164BF
1164C1
1164C2
1164C3
1164C4
1164C5
1164C6
1168C7
1168C8
1168C9
1168CA
1168CB
1168CC
1168CD
1168CE
1168CF
1168D0
1168D1
1168D2
1168D3
1168D4
1168D5
1168D6
1168D7
116CD8
116CD9
116CDA
116CDB
116CDC
116CDD
116CDE
116CDF
116CE0
116CE1
116CE1
116CE2
116CE3
116CE4
1170E5
1170E6
1170E7
1170E8
1170E9
1170EA
1170EB
1170EC
1170EC
1170ED
1170EE
1170EF
1174F0
1174F1
1174F2
1174F3
1174F3
1174F4
1174F5
1174F6
1174F7
1174F8
1174F8
1178F9
1178FA
1178FB
1178FC
1178FC
1178FD
1178FE
1178FF
117900
117900
117D01
117D02
117D03
117D03
117D04
117D05
117D06
117D06
117D07
117D08
117D09
118109
11810A
11810B
11810B
11810C
11810D
11810E
11810E
11810F
118510
118510
118511
118512
118512
118513
118514
118514
118515
118516
118916
118917
118917
118918
118919
118919
11891A
11891B
11891B
11891C
118D1C
118D1D
118D1E
118D1E
118D1F
118D1F
118D20
118D20
118D21
118D22
119122
119123
119123
119124
119124
119125
119125
119126
119126
119819
11981A
11941A
11941B
11941B
11941C
11941C
11941D
11941D
11941E
11941E
11941F
11901F
119020
119021
119021
119022
119022
119023
119023
119024
119025
118C25
118C26
118C26
118C27
118C28
118C28
118C29
118C29
118C2A
118C2B
11882B
11882C
11882D
11882D
11882E
11882F
11882F
118830
118831
118431
118432
118433
118433
118434
118435
118435
118436
118437
118437
118038
118039
11803A
11803A
11803B
11803C
11803D
11803D
11803E
11803F
118040
117C40
117C41
117C42
117C43
117C44
117C44
117C45
117C46
117C47
117C48
117848
117849
11784A
11784B
11784C
11784C
11784D
11784E
11784F
117850
117851
117852
117452
117453
117454
117455
117456
117457
117458
117459
11745A
11745B
11745B
11745C
11705D
11705E
11705F
117060
117061
117062
117063
117064
117065
117066
117067
117068
117069
11706A
116C6B
116C6C
116C6D
116C6E
116C6F
116C70
116C71
116C72
116C73
116C74
116C75
116C76
116C77
116C78
116C79
116C7A
116C7B
11687C
11687D
11687E
11687F
116880
116881
116882
116883
116884
116885
116886
116887
116888
11688A
11688B
11688C
11688D
11688E
11688F
116890
116891
116892
116893
116894
116895
116896
116898
116899
11689A
11689B
11689C
11689D
11689E
11689F
1168A0
1168A1
1168A2
1168A4
1168A5
1168A6
1168A7
1168A8
1168A9
1168AA
1168AB
1168AC
1168AD
1168AE
1168AF
1168B1
1168B2
1168B3
1168B4
1168B5
1168B6
1168B7
1168B8
1168B9
1168BA
1168BB
1168BC
1168BD
1168BE
1168C0
1168C1
1168C2
1168C3
1168C4
1168C5
1168C6
116CC7
116CC8
116CC9
116CCA
116CCB
116CCC
116CCD
116CCE
116CCF
116CD0
116CD1
116CD2
116CD3
116CD4
116CD5
116CD6
116CD7
1170D8
1170D9
1170DA
1170DB
1170DC
1170DD
1170DE
1170DF
1170E0
1170E1
1170E2
1170E2
1170E3
1170E4
1174E5
1174E6
1174E7
1174E8
1174E9
1174EA
1174EB
1174EC
1174EC
1174ED
1174EE
1174EF
1178F0
1178F1
1178F2
1178F3
1178F3
1178F4
1178F5
1178F6
1178F7
1178F8
1178F8
1178F9
117CFA
117CFB
117CFC
117CFC
117CFD
117CFE
117CFF
117D00
117D00
117D01
118102
118103
118103
118104
118105
118106
118106
118107
118108
118109
118509
11850A
11850B
11850C
11850C
11850D
11850E
11850E
11850F
118510
118910
118911
118912
118912
118913
118914
118914
118915
118916
118916
118D17
118D18
118D18
118D19
118D19
118D1A
118D1B
118D1B
118D1C
118D1C
11911D
11911E
11911E
11911F
11911F
119120
119120
119121
119122
119122
119523
119523
119524
119524
119525
119525
119526
119526
119819
119819
11981A
11981B
11981B
11981C
11981C
11981D
11981D
11981E
11941E
11941F
11941F
119420
119420
119421
119422
119422
119423
119423
119024
119025
119025
119026
119026
119027
119028
119028
119029
119029
118C2A
118C2B
118C2B
118C2C
118C2D
118C2D
118C2E
118C2E
118C2F
118C30
118830
118831
118832
118832
118833
118834
118835
118835
118836
118837
118837
118438
118439
11843A
11843A
11843B
11843C
11843D
11843D
11843E
11843F
118040
118040
118041
118042
118043
118043
118044
118045
118046
118047
118047
117C48
117C49
117C4A
117C4B
117C4C
117C4C
117C4D
117C4E
117C4F
117C50
117C51
117852
117852
117853
117854
117855
117856
117857
117858
117859
11785A
11785A
11785B
11785C
11745D
11745E
11745F
117460
117461
117462
117463
117464
117465
117466
117467
117468
117469
11746A
11706B
11706C
11706D
11706E
11706F
117070
117071
117072
117073
117074
117075
117076
117077
117078
117079
11707A
11707B
11707C
116C7D
116C7E
116C7F
116C80
116C81
116C82
116C83
116C84
116C85
116C86
116C87
116C88
116C8A
116C8B
116C8C
116C8D
116C8E
116C8F
116C90
116C91
116C92
116C93
116C94
116C95
116C96
116C98
116C99
116C9A
116C9B
116C9C
116C9D
116C9E
116C9F
116CA0
116CA1
116CA2
116CA4
116CA5
116CA6
116CA7
116CA8
116CA9
116CAA
116CAB
116CAC
116CAD
116CAE
116CAF
116CB1
116CB2
116CB3
116CB4
116CB5
116CB6
116CB7
116CB8
116CB9
116CBA
116CBB
116CBC
116CBD
116CBE
116CC0
116CC1
116CC2
116CC3
116CC4
116CC5
1170C6
1170C7
1170C8
1170C9
1170CA
1170CB
1170CC
1170CD
1170CE
1170CF
1170D0
1170D1
1170D2
1170D3
1170D4
1170D5
1170D6
1170D7
1174D8
1174D9
1174DA
1174DB
1174DC
1174DD
1174DE
1174DF
1174E0
1174E1
1174E2
1174E3
1174E3
1174E4
1178E5
1178E6
1178E7
1178E8
1178E9
1178EA
1178EB
1178EC
1178ED
1178ED
1178EE
1178EF
1178F0
117CF1
117CF2
117CF3
117CF3
117CF4
117CF5
117CF6
117CF7
117CF8
117CF9
117CF9
1180FA
1180FB
1180FC
1180FD
1180FD
1180FE
1180FF
118100
118101
118101
118102
118503
118504
118504
118505
118506
118507
118507
118508
118509
118509
11890A
11890B
11890C
11890C
11890D
11890E
11890E
11890F
118910
118910
118911
118D12
118D12
118D13
118D14
118D14
118D15
118D16
118D16
118D17
118D18
119118
119119
119119
11911A
11911B
11911B
11911C
11911C
11911D
11911E
11951E
11951F
11951F
119520
119521
119521
119522
119522
119523
119523
119924
119924
119925
119925
119926
119927
119C19
119C19
119C1A
119C1A
119C1B
119C1B
119C1C
119C1D
11981D
11981E
11981E
11981F
11981F
119820
119820
119821
119822
119822
119823
119423
119424
119424
119425
119426
119426
119427
119427
119428
119429
119029
11902A
11902B
11902B
11902C
11902C
11902D
11902E
11902E
11902F
118C30
118C30
118C31
118C32
118C32
118C33
118C34
118C34
118C35
118C36
118C37
118837
118838
118839
118839
11883A
11883B
11883C
11883C
11883D
11883E
11843F
11843F
118440
118441
118442
118443
118443
118444
118445
118446
118447
118047
118048
118049
11804A
11804B
11804C
11804C
11804D
11804E
11804F
118050
118051
117C51
117C52
117C53
117C54
117C55
117C56
117C57
117C58
117C59
117C59
117C5A
117C5B
11785C
11785D
11785E
11785F
117860
117861
117862
117863
117864
117865
117866
117867
117868
117869
11786A
11746B
11746C
11746D
11746E
11746F
117470
117471
117472
117473
117474
117475
117476
117477
117478
117479
11747A
11747B
11747C
11707D
11707E
11707F
117080
117081
117082
117083
117084
117085
117086
117087
117088
11708A
11708B
11708C
11708D
11708E
11708F
117090
117091
117092
117093
117094
117095
117096
117098
117099
11709A
11709B
11709C
11709D
11709E
11709F
1170A0
1170A1
1170A2
1170A4
1170A5
1170A6
1170A7
1170A8
1170A9
1170AA
1170AB
1170AC
1170AD
1170AE
1170B0
1170B1
1170B2
1170B3
1170B4
1170B5
1170B6
1170B7
1170B8
1170B9
1170BA
1170BB
1170BC
1170BD
1170BF
1170C0
1170C1
1170C2
1170C3
1170C4
1170C5
1174C6
1174C7
1174C8
1174C9
1174CA
1174CB
1174CC
1174CD
1174CE
1174CF
1174D0
1174D1
1174D2
1174D3
1174D4
1174D5
1174D6
1174D7
1178D8
1178D9
1178DA
1178DB
1178DC
1178DD
1178DE
1178DF
1178E0
1178E1
1178E2
1178E3
1178E4
1178E4
117CE5
117CE6
117CE7
117CE8
117CE9
117CEA
117CEB
117CEC
117CED
117CEE
117CEE
117CEF
117CF0
1180F1
1180F2
1180F3
1180F4
1180F4
1180F5
1180F6
1180F7
1180F8
1180F9
1180F9
1180FA
1184FB
1184FC
1184FD
1184FD
1184FE
1184FF
118500
118501
118501
118502
118503
118904
118904
118905
118906
118907
118907
118908
118909
11890A
11890A
118D0B
118D0C
118D0C
118D0D
118D0E
118D0E
118D0F
118D10
118D11
118D11
118D12
119113
119113
119114
119115
119115
119116
119116
119117
119118
119118
119519
11951A
11951A
11951B
11951B
11951C
11951D
11951D
11951E
11951E
11991F
11991F
119920
119921
119921
119922
119922
119923
119923
119924
119924
119D25
119D26
119D26
119D27
11A019
11A019
11A01A
11A01A
11A01B
11A01B
11A01C
119C1C
119C1D
119C1E
119C1E
119C1F
119C1F
119C20
119C20
119C21
119C21
119822
119823
119823
119824
119824
119825
119826
119826
119827
119827
119828
119429
119429
11942A
11942A
11942B
11942C
11942C
11942D
11942E
11942E
11902F
119030
119030
119031
119032
119032
119033
119034
119034
119035
119036
118C37
118C37
118C38
118C39
118C39
118C3A
118C3B
118C3C
118C3C
118C3D
118C3E
11883F
11883F
118840
118841
118842
118843
118843
118844
118845
118846
118846
118447
118448
118449
11844A
11844B
11844B
11844C
11844D
11844E
11844F
118450
118051
118051
118052
118053
118054
118055
118056
118057
118058
118059
118059
11805A
11805B
117C5C
117C5D
117C5E
117C5F
117C60
117C61
117C62
117C63
117C64
117C65
117C66
117C67
117C68
117C69
117C6A
11786A
11786B
11786C
11786D
11786E
11786F
117870
117871
117872
117874
117875
117876
117877
117878
117879
11787A
11787B
11787C
11787D
11747E
11747F
117480
117481
117482
117483
117484
117485
117486
117487
117488
117489
11748B
11748C
11748D
11748E
11748F
117490
117491
117492
117493
117494
117495
117496
117498
117499
11749A
11749B
11749C
11749D
11749E
11749F
1174A0
1174A1
1174A2
1174A4
1174A5
1174A6
1174A7
1174A8
1174A9
1174AA
1174AB
1174AC
1174AD
1174AE
1174B0
1174B1
1174B2
1174B3
1174B4
1174B5
1174B6
1174B7
1174B8
1174B9
1174BA
1174BB
1174BC
1174BD
1174BF
1174C0
1174C1
1174C2
1174C3
1174C4
1178C5
1178C6
1178C7
1178C8
1178C9
1178CA
1178CB
1178CC
1178CD
1178CE
1178CF
1178D0
1178D1
1178D2
1178D3
1178D4
1178D5
1178D6
1178D7
117CD8
117CD9
117CDA
117CDB
117CDC
117CDD
117CDE
117CDF
117CE0
117CE1
117CE2
117CE3
117CE4
117CE5
117CE5
1180E6
1180E7
1180E8
1180E9
1180EA
1180EB
1180EC
1180ED
1180EE
1180EE
1180EF
1180F0
1184F1
1184F2
1184F3
1184F4
1184F4
1184F5
1184F6
1184F7
1184F8
1184F9
1184F9
1184FA
1188FB
1188FC
1188FD
1188FE
1188FE
1188FF
118900
118901
118901
118902
118903
118D04
118D04
118D05
118D06
118D07
118D07
118D08
118D09
118D0A
118D0A
118D0B
11910C
11910C
11910D
11910E
11910F
11910F
119110
119111
119111
119112
119113
119513
119514
119515
119515
119516
119517
119517
119518
119518
119519
11991A
11991A
11991B
11991B
11991C
11991D
11991D
11991E
11991E
11991F
119920
119D20
119D21
119D21
119D22
119D22
119D23
119D23
119D24
119D25
119D25
11A126
11A126
11A127
11A419
11A419
11A41A
11A41A
11A41B
11A01B
11A01C
11A01C
11A01D
11A01D
11A01E
11A01F
11A01F
11A020
11A020
11A021
119C21
119C22
119C23
119C23
119C24
119C24
119C25
119C25
119C26
119C27
119827
119828
119828
119829
11982A
11982A
11982B
11982C
11982C
11982D
11982E
11942E
11942F
119430
119430
119431
119432
119432
119433
119434
119434
119435
119036
119036
119037
119038
119039
119039
11903A
11903B
11903C
11903C
11903D
118C3E
118C3F
118C3F
118C40
118C41
118C42
118C42
118C43
118C44
118C45
118C46
118846
118847
118848
118849
11884A
11884B
11884B
11884C
11884D
11884E
11884F
118850
118450
118451
118452
118453
118454
118455
118456
118457
118458
118458
118459
11845A
11845B
11805C
11805D
11805E
11805F
118060
118061
118062
118063
118064
118065
118066
118067
118068
118068
118069
117C6A
117C6B
117C6C
117C6D
117C6E
117C6F
117C70
117C71
117C72
117C73
117C74
117C75
117C77
117C78
117C79
117C7A
117C7B
117C7C
117C7D
11787E
11787F
117880
117881
117882
117883
117884
117885
117886
117887
117888
117889
11788B
11788C
11788D
11788E
11788F
117890
117891
117892
117893
117894
117895
117896
117898
117899
11789A
11789B
11789C
11789D
11789E
11789F
1178A0
1178A1
1178A2
1178A4
1178A5
1178A6
1178A7
1178A8
1178A9
1178AA
1178AB
1178AC
1178AD
1178AE
1178B0
1178B1
1178B2
1178B3
1178B4
1178B5
1178B6
1178B7
1178B8
1178B9
1178BA
1178BB
1178BC
1178BE
1178BF
1178C0
1178C1
1178C2
1178C3
1178C4
117CC5
117CC6
117CC7
117CC8
117CC9
117CCA
117CCB
117CCC
117CCD
117CCE
117CCF
117CD0
117CD1
117CD2
117CD3
117CD4
117CD5
117CD6
117CD7
1180D8
1180D9
1180DA
1180DB
1180DC
1180DD
1180DE
1180DF
1180E0
1180E1
1180E2
1180E3
1180E4
1180E5
1180E6
1184E6
1184E7
1184E8
1184E9
1184EA
1184EB
1184EC
1184ED
1184EE
1184EF
1184EF
1184F0
1184F1
1188F2
1188F3
1188F4
1188F5
1188F5
1188F6
1188F7
1188F8
1188F9
1188FA
1188FA
1188FB
118CFC
118CFD
118CFE
118CFE
118CFF
118D00
118D01
118D02
118D02
118D03
118D04
119105
119105
119106
119107
119108
119108
119109
11910A
11910A
11910B
11910C
11950D
11950D
11950E
11950F
11950F
119510
119511
119511
119512
119513
119513
119914
119915
119915
119916
119917
119917
119918
119918
119919
11991A
11991A
119D1B
119D1C
119D1C
119D1D
119D1D
119D1E
119D1E
119D1F
119D20
119D20
11A121
11A121
11A122
11A122
11A123
11A124
11A124
11A125
11A125
11A126
11A126
11A527
11A819
11A819
11A81A
11A41A
11A41B
11A41B
11A41C
11A41C
11A41D
11A41D
11A41E
11A41E
11A41F
11A420
11A020
11A021
11A021
11A022
11A022
11A023
11A024
11A024
11A025
11A025
11A026
119C27
119C27
119C28
119C28
119C29
119C2A
119C2A
119C2B
119C2C
119C2C
119C2D
11982D
11982E
11982F
11982F
119830
119831
119831
119832
119833
119834
119834
119435
119436
119436
119437
119438
119439
119439
11943A
11943B
11943B
11943C
11903D
11903E
11903E
11903F
119040
119041
119042
119042
119043
119044
119045
119046
118C46
118C47
118C48
118C49
118C4A
118C4A
118C4B
118C4C
118C4D
118C4E
118C4F
118C50
118850
118851
118852
118853
118854
118855
118856
118857
118857
118858
118859
11885A
11885B
11845C
11845D
11845E
11845F
118460
118461
118462
118463
118464
118465
118466
118466
118467
118468
118469
11806A
11806B
11806C
11806D
11806E
11806F
118070
118071
118072
118073
118074
118075
118076
118078
118079
11807A
11807B
11807C
11807D
11807E
117C7F
117C80
117C81
117C82
117C83
117C84
117C85
117C86
117C87
117C88
117C89
117C8B
117C8C
117C8D
117C8E
117C8F
117C90
117C91
117C92
117C93
117C94
117C95
117C96
117C98
117C99
117C9A
117C9B
117C9C
117C9D
117C9E
117C9F
117CA0
117CA1
117CA2
117CA4
117CA5
117CA6
117CA7
117CA8
117CA9
117CAA
117CAB
117CAC
117CAD
117CAE
117CB0
117CB1
117CB2
117CB3
117CB4
117CB5
117CB6
117CB7
117CB8
117CB9
117CBA
117CBB
117CBC
117CBE
117CBF
117CC0
117CC1
117CC2
117CC3
1180C4
1180C5
1180C6
1180C7
1180C8
1180C9
1180CA
1180CB
1180CC
1180CD
1180CE
1180CF
1180D0
1180D1
1180D2
1180D3
1180D4
1180D5
1180D6
1180D7
1184D8
1184D9
1184DA
1184DB
1184DC
1184DD
1184DE
1184DF
1184E0
1184E1
1184E2
1184E3
1184E4
1184E5
1184E6
1188E6
1188E7
1188E8
1188E9
1188EA
1188EB
1188EC
1188ED
1188EE
1188EF
1188EF
1188F0
1188F1
118CF2
118CF3
118CF4
118CF5
118CF5
118CF6
118CF7
118CF8
118CF9
118CFA
118CFA
118CFB
1190FC
1190FD
1190FE
1190FE
1190FF
119100
119101
119102
119102
119103
119104
119105
119505
119506
119507
119508
119508
119509
11950A
11950B
11950B
11950C
11950D
11990D
11990E
11990F
11990F
119910
119911
119911
119912
119913
119913
119914
119D15
119D15
119D16
119D17
119D17
119D18
119D19
119D19
119D1A
119D1A
119D1B
11A11C
11A11C
11A11D
11A11D
11A11E
11A11F
11A11F
11A120
11A120
11A121
11A121
11A522
11A523
11A523
11A524
11A524
11A525
11A525
11A526
11A526
11A527
11AC19
11A819
11A81A
11A81A
11A81B
11A81B
11A81C
11A81C
11A81D
11A81D
11A81E
11A81E
11A41F
11A420
11A420
11A421
11A421
11A422
11A422
11A423
11A424
11A424
11A425
11A025
11A026
11A026
11A027
11A028
11A028
11A029
11A02A
11A02A
11A02B
11A02B
11A02C
119C2D
119C2D
119C2E
119C2F
119C2F
119C30
119C31
119C31
119C32
119C33
119C33
119834
119835
119836
119836
119837
119838
119838
119839
11983A
11983B
11983B
11943C
11943D
11943E
11943E
11943F
119440
119441
119442
119442
119443
119444
119445
119045
119046
119047
119048
119049
11904A
11904A
11904B
11904C
11904D
11904E
11904F
118C4F
118C50
118C51
118C52
118C53
118C54
118C55
118C56
118C57
118C57
118C58
118C59
118C5A
118C5B
11885C
11885D
11885E
11885F
118860
118861
118862
118863
118864
118864
118865
118866
118867
118868
118869
11846A
11846B
11846C
11846D
11846E
11846F
118470
118471
118472
118473
118474
118475
118476
118477
118479
11847A
11847B
11847C
11847D
11847E
11847F
118080
118081
118082
118083
118084
118085
118086
118087
118088
118089
11808A
11808C
11808D
11808E
11808F
118090
118091
118092
118093
118094
118095
118096
118098
118099
11809A
11809B
11809C
11809D
11809E
11809F
1180A0
1180A1
1180A2
1180A4
1180A5
1180A6
1180A7
1180A8
1180A9
1180AA
1180AB
1180AC
1180AD
1180AE
1180B0
1180B1
1180B2
1180B3
1180B4
1180B5
1180B6
1180B7
1180B8
1180B9
1180BA
1180BB
1180BD
1180BE
1180BF
1180C0
1180C1
1180C2
1184C3
1184C4
1184C5
1184C6
1184C7
1184C8
1184C9
1184CA
1184CB
1184CC
1184CD
1184CE
1184CF
1184D0
1184D1
1184D2
1184D3
1184D4
1184D5
1184D6
1188D7
1188D8
1188D9
1188DA
1188DB
1188DC
1188DD
1188DE
1188DF
1188E0
1188E1
1188E2
1188E3
1188E4
1188E5
1188E6
118CE7
118CE7
118CE8
118CE9
118CEA
118CEB
118CEC
118CED
118CEE
118CEF
118CF0
118CF0
118CF1
1190F2
1190F3
1190F4
1190F5
1190F6
1190F6
1190F7
1190F8
1190F9
1190FA
1190FB
1190FB
1190FC
1194FD
1194FE
1194FF
1194FF
119500
119501
119502
119502
119503
119504
119505
119505
119906
119907
119908
119908
119909
11990A
11990B
11990B
11990C
11990D
11990D
119D0E
119D0F
119D0F
119D10
119D11
119D12
119D12
119D13
119D14
119D14
119D15
11A115
11A116
11A117
11A117
11A118
11A119
11A119
11A11A
11A11A
11A11B
11A11C
11A51C
11A51D
11A51D
11A51E
11A51F
11A51F
11A520
11A520
11A521
11A522
11A522
11A523
11A923
11A924
11A924
11A925
11A925
11A926
11A926
11A927
11AC19
11AC19
11AC1A
11AC1A
11AC1B
11AC1B
11AC1C
11AC1C
11AC1D
11AC1D
11A81E
11A81E
11A81F
11A81F
11A820
11A821
11A821
11A822
11A822
11A823
11A823
11A824
11A425
11A425
11A426
11A426
11A427
11A428
11A428
11A429
11A42A
11A42A
11A42B
11A02B
11A02C
11A02D
11A02D
11A02E
11A02F
11A02F
11A030
11A031
11A031
11A032
11A033
119C33
119C34
119C35
119C36
119C36
119C37
119C38
119C38
119C39
119C3A
119C3B
11983B
11983C
11983D
11983E
11983E
11983F
119840
119841
119841
119842
119843
119844
119445
119445
119446
119447
119448
119449
119449
11944A
11944B
11944C
11944D
11944E
11944F
11904F
119050
119051
119052
119053
119054
119055
119056
119056
119057
119058
119059
11905A
11905B
118C5C
118C5D
118C5E
118C5F
118C60
118C61
118C62
118C63
118C63
118C64
118C65
118C66
118C67
118C68
118C69
118C6A
11886B
11886C
11886D
11886E
11886F
118870
118871
118872
118873
118874
118875
118876
118877
118878
11887A
11887B
11887C
11887D
11887E
11887F
118880
118481
118482
118483
118484
118485
118486
118487
118488
118489
11848A
11848C
11848D
11848E
11848F
118490
118491
118492
118493
118494
118495
118496
118498
118499
11849A
11849B
11849C
11849D
11849E
11849F
1184A0
1184A1
1184A2
1184A4
1184A5
1184A6
1184A7
1184A8
1184A9
1184AA
1184AB
1184AC
1184AD
1184AF
1184B0
1184B1
1184B2
1184B3
1184B4
1184B5
1184B6
1184B7
1184B8
1184B9
1184BA
1184BB
1184BD
1184BE
1184BF
1184C0
1184C1
1188C2
1188C3
1188C4
1188C5
1188C6
1188C7
1188C8
1188C9
1188CA
1188CB
1188CC
1188CD
1188CE
1188CF
1188D0
1188D1
1188D2
1188D3
1188D4
1188D5
1188D6
118CD7
118CD8
118CD9
118CDA
118CDB
118CDC
118CDD
118CDE
118CDF
118CE0
118CE1
118CE2
118CE3
118CE4
118CE5
118CE6
1190E7
1190E8
1190E8
1190E9
1190EA
1190EB
1190EC
1190ED
1190EE
1190EF
1190F0
1190F0
1190F1
1190F2
1194F3
1194F4
1194F5
1194F6
1194F6
1194F7
1194F8
1194F9
1194FA
1194FB
1194FB
1194FC
1198FD
1198FE
1198FF
1198FF
119900
119901
119902
119903
119903
119904
119905
119906
119D06
119D07
119D08
119D08
119D09
119D0A
119D0B
119D0B
119D0C
119D0D
119D0D
119D0E
11A10F
11A110
11A110
11A111
11A112
11A112
11A113
11A114
11A114
11A115
11A116
11A116
11A517
11A517
11A518
11A519
11A519
11A51A
11A51B
11A51B
11A51C
11A51C
11A51D
11A91E
11A91E
11A91F
11A91F
11A920
11A920
11A921
11A922
11A922
11A923
11A923
11AD24
11AD24
11AD25
11AD25
11AD26
11AD26
11AD27
11B018
11B019
11B019
11B01A
11B01B
11B01B
11B01C
11B01C
11B01D
11AC1D
11AC1E
11AC1E
11AC1F
11AC1F
11AC20
11AC20
11AC21
11AC22
11AC22
11AC23
11A823
11A824
11A825
11A825
11A826
11A826
11A827
11A828
11A828
11A829
11A829
11A82A
11A42B
11A42B
11A42C
11A42D
11A42D
11A42E
11A42F
11A42F
11A430
11A431
11A431
11A432
11A033
11A033
11A034
11A035
11A035
11A036
11A037
11A038
11A038
11A039
11A03A
11A03B
119C3B
119C3C
119C3D
119C3E
119C3E
119C3F
119C40
119C41
119C41
119C42
119C43
119C44
119845
119845
119846
119847
119848
119849
119849
11984A
11984B
11984C
11984D
11984E
11984E
11944F
119450
119451
119452
119453
119454
119455
119456
119456
119457
119458
119459
11945A
11945B
11905C
11905D
11905E
11905F
119060
119061
119062
119062
119063
119064
119065
119066
119067
119068
119069
11906A
118C6B
118C6C
118C6D
118C6E
118C6F
118C70
118C71
118C72
118C73
118C74
118C75
118C76
118C77
118C78
118C79
118C7B
118C7C
118C7D
118C7E
118C7F
118C80
118C81
118882
118883
118884
118885
118886
118887
118888
118889
11888A
11888C
11888D
11888E
11888F
118890
118891
118892
118893
118894
118895
118896
118897
118899
11889A
11889B
11889C
11889D
11889E
11889F
1188A0
1188A1
1188A2
1188A4
1188A5
1188A6
1188A7
1188A8
1188A9
1188AA
1188AB
1188AC
1188AD
1188AF
1188B0
1188B1
1188B2
1188B3
1188B4
1188B5
1188B6
1188B7
1188B8
1188B9
1188BA
1188BB
1188BD
1188BE
1188BF
1188C0
118CC1
118CC2
118CC3
118CC4
118CC5
118CC6
118CC7
118CC8
118CC9
118CCA
118CCB
118CCC
118CCD
118CCE
118CCF
118CD0
118CD1
118CD2
118CD3
118CD4
118CD5
118CD6
1190D7
1190D8
1190D9
1190DA
1190DB
1190DC
1190DD
1190DE
1190DF
1190E0
1190E1
1190E2
1190E3
1190E4
1190E5
1190E6
1194E7
1194E8
1194E8
1194E9
1194EA
1194EB
1194EC
1194ED
1194EE
1194EF
1194F0
1194F1
1194F1
1194F2
1198F3
1198F4
1198F5
1198F6
1198F7
1198F7
1198F8
1198F9
1198FA
1198FB
1198FB
1198FC
1198FD
119CFE
119CFF
119CFF
119D00
119D01
119D02
119D03
119D03
119D04
119D05
119D06
119D06
11A107
11A108
11A109
11A109
11A10A
11A10B
11A10B
11A10C
11A10D
11A10E
11A10E
11A10F
11A510
11A510
11A511
11A512
11A512
11A513
11A514
11A514
11A515
11A516
11A516
11A517
11A918
11A918
11A919
11A919
11A91A
11A91B
11A91B
11A91C
11A91C
11A91D
11A91E
11AD1E
11AD1F
11AD1F
11AD20
11AD21
11AD21
11AD22
11AD22
11AD23
11AD23
11AD24
11AD24
11B125
11B125
11B126
11B127
11B127
11B418
11B419
11B419
11B41A
11B41A
11B41B
11B41B
11B01C
11B01D
11B01D
11B01E
11B01E
11B01F
11B01F
11B020
11B020
11B021
11B022
11B022
11AC23
11AC23
11AC24
11AC24
11AC25
11AC26
11AC26
11AC27
11AC28
11AC28
11AC29
11AC29
11A82A
11A82B
11A82B
11A82C
11A82D
11A82D
11A82E
11A82F
11A82F
11A830
11A831
11A831
11A432
11A433
11A433
11A434
11A435
11A435
11A436
11A437
11A438
11A438
11A439
11A43A
11A03A
11A03B
11A03C
11A03D
11A03D
11A03E
11A03F
11A040
11A041
11A041
11A042
11A043
119C44
119C44
119C45
119C46
119C47
119C48
119C49
119C49
119C4A
119C4B
119C4C
119C4D
119C4E
119C4E
11984F
119850
119851
119852
119853
119854
119855
119855
119856
119857
119858
119859
11985A
11985B
11945C
11945D
11945E
11945F
119460
119461
119461
119462
119463
119464
119465
119466
119467
119468
119469
11946A
11946B
11906C
11906D
11906E
11906F
119070
119071
119072
119073
119074
119075
119076
119077
119078
119079
11907A
11907C
11907D
11907E
11907F
119080
119081
119082
119083
118C84
118C85
118C86
118C87
118C88
118C89
118C8A
118C8C
118C8D
118C8E
118C8F
118C90
118C91
118C92
118C93
118C94
118C95
118C96
118C97
118C99
118C9A
118C9B
118C9C
118C9D
118C9E
118C9F
118CA0
118CA1
118CA2
118CA4
118CA5
118CA6
118CA7
118CA8
118CA9
118CAA
118CAB
118CAC
118CAD
118CAF
118CB0
118CB1
118CB2
118CB3
118CB4
118CB5
118CB6
118CB7
118CB8
118CB9
118CBA
118CBC
118CBD
118CBE
1190BF
1190C0
1190C1
1190C2
1190C3
1190C4
1190C5
1190C6
1190C7
1190C8
1190C9
1190CA
1190CB
1190CC
1190CD
1190CE
1190CF
1190D0
1190D1
1190D2
1190D3
1190D4
1190D5
1194D6
1194D7
1194D8
1194D9
1194DA
1194DB
1194DC
1194DD
1194DE
1194DF
1194E0
1194E1
1194E2
1194E3
1194E4
1194E5
1194E6
1198E7
1198E8
1198E9
1198E9
1198EA
1198EB
1198EC
1198ED
1198EE
1198EF
1198F0
1198F1
1198F1
1198F2
119CF3
119CF4
119CF5
119CF6
119CF7
119CF7
119CF8
119CF9
119CFA
119CFB
119CFC
119CFC
119CFD
11A0FE
11A0FF
11A100
11A100
11A101
11A102
11A103
11A103
11A104
11A105
11A106
11A106
11A107
11A508
11A509
11A509
11A50A
11A50B
11A50C
11A50C
11A50D
11A50E
11A50E
11A50F
11A510
11A910
11A911
11A912
11A912
11A913
11A914
11A914
11A915
11A916
11A916
11A917
11A918
11AD18
11AD19
11AD19
11AD1A
11AD1B
11AD1B
11AD1C
11AD1D
11AD1D
11AD1E
11AD1E
11AD1F
11B11F
11B120
11B121
11B121
11B122
11B122
11B123
11B123
11B124
11B124
11B125
11B126
11B526
11B527
11B527
11B818
11B819
11B819
11B81A
11B81A
11B41B
11B41B
11B41C
11B41C
11B41D
11B41E
11B41E
11B41F
11B41F
11B420
11B420
11B421
11B021
11B022
11B023
11B023
11B024
11B024
11B025
11B026
11B026
11B027
11B027
11B028
11AC29
11AC29
11AC2A
11AC2B
11AC2B
11AC2C
11AC2C
11AC2D
11AC2E
11AC2E
11AC2F
11AC30
11AC30
11A831
11A832
11A833
11A833
11A834
11A835
11A835
11A836
11A837
11A837
11A838
11A839
11A43A
11A43A
11A43B
11A43C
11A43D
11A43D
11A43E
11A43F
11A440
11A440
11A441
11A442
11A443
11A044
11A044
11A045
11A046
11A047
11A048
11A048
11A049
11A04A
11A04B
11A04C
11A04D
11A04E
119C4E
119C4F
119C50
119C51
119C52
119C53
119C54
119C55
119C55
119C56
119C57
119C58
119C59
119C5A
119C5B
11985C
11985D
11985E
11985F
119860
119860
119861
119862
119863
119864
119865
119866
119867
119868
119869
11986A
11986B
11946C
11946D
11946E
11946F
119470
119471
119472
119473
119474
119475
119476
119477
119478
119479
11947A
11947B
11947D
11947E
11947F
119480
119481
119482
119483
119484
119085
119086
119087
119088
119089
11908A
11908B
11908D
11908E
11908F
119090
119091
119092
119093
119094
119095
119096
119097
119099
11909A
11909B
11909C
11909D
11909E
11909F
1190A0
1190A1
1190A2
1190A4
1190A5
1190A6
1190A7
1190A8
1190A9
1190AA
1190AB
1190AC
1190AD
1190AF
1190B0
1190B1
1190B2
1190B3
1190B4
1190B5
1190B6
1190B7
1190B8
1190B9
1190BA
1190BC
1190BD
1194BE
1194BF
1194C0
1194C1
1194C2
1194C3
1194C4
1194C5
1194C6
1194C7
1194C8
1194C9
1194CA
1194CB
1194CC
1194CD
1194CE
1194CF
1194D0
1194D1
1194D2
1194D3
1194D4
1194D5
1198D6
1198D7
1198D8
1198D9
1198DA
1198DB
1198DC
1198DD
1198DE
1198DF
1198E0
1198E1
1198E2
1198E3
1198E4
1198E5
1198E6
119CE7
119CE8
119CE9
119CEA
119CEA
119CEB
119CEC
119CED
119CEE
119CEF
119CF0
119CF1
119CF2
119CF2
119CF3
11A0F4
11A0F5
11A0F6
11A0F7
11A0F7
11A0F8
11A0F9
11A0FA
11A0FB
11A0FC
11A0FC
11A0FD
11A0FE
11A4FF
11A500
11A500
11A501
11A502
11A503
11A503
11A504
11A505
11A506
11A506
11A507
11A508
11A909
11A909
11A90A
11A90B
11A90C
11A90C
11A90D
11A90E
11A90E
11A90F
11A910
11A910
11AD11
11AD12
11AD12
11AD13
11AD14
11AD14
11AD15
11AD16
11AD16
11AD17
11AD18
11AD18
11B119
11B11A
11B11A
11B11B
11B11B
11B11C
11B11D
11B11D
11B11E
11B11E
11B11F
11B120
11B120
11B521
11B521
11B522
11B522
11B523
11B523
11B524
11B525
11B525
11B526
11B526
11B527
11B927
11BC18
11BC19
11BC19
11B81A
11B81A
11B81B
11B81B
11B81C
11B81C
11B81D
11B81E
11B81E
11B81F
11B81F
11B820
11B420
11B421
11B421
11B422
11B423
11B423
11B424
11B424
11B425
11B426
11B426
11B427
11B427
11B028
11B029
11B029
11B02A
11B02A
11B02B
11B02C
11B02C
11B02D
11B02E
11B02E
11B02F
11B030
11AC30
11AC31
11AC32
11AC32
11AC33
11AC34
11AC35
11AC35
11AC36
11AC37
11AC37
11AC38
11A839
11A83A
11A83A
11A83B
11A83C
11A83D
11A83D
11A83E
11A83F
11A840
11A840
11A841
11A842
11A443
11A444
11A444
11A445
11A446
11A447
11A448
11A448
11A449
11A44A
11A44B
11A44C
11A44D
11A44D
11A04E
11A04F
11A050
11A051
11A052
11A053
11A054
11A054
11A055
11A056
11A057
11A058
11A059
11A05A
11A05B
119C5C
119C5D
119C5E
119C5F
119C5F
119C60
119C61
119C62
119C63
119C64
119C65
119C66
119C67
119C68
119C69
119C6A
119C6B
119C6C
11986D
11986E
11986F
119870
119871
119872
119873
119874
119875
119876
119877
119878
119879
11987A
11987B
11987D
11987E
11987F
119880
119881
119882
119883
119884
119885
119886
119487
119488
119489
11948A
11948B
11948D
11948E
11948F
119490
119491
119492
119493
119494
119495
119496
119497
119499
11949A
11949B
11949C
11949D
11949E
11949F
1194A0
1194A1
1194A2
1194A4
1194A5
1194A6
1194A7
1194A8
1194A9
1194AA
1194AB
1194AC
1194AD
1194AF
1194B0
1194B1
1194B2
1194B3
1194B4
1194B5
1194B6
1194B7
1194B8
1194B9
1194BA
1198BC
1198BD
1198BE
1198BF
1198C0
1198C1
1198C2
1198C3
1198C4
1198C5
1198C6
1198C7
1198C8
1198C9
1198CA
1198CB
1198CC
1198CD
1198CE
1198CF
1198D0
1198D2
1198D3
1198D4
1198D5
119CD6
119CD7
119CD8
119CD9
119CD9
119CDA
119CDB
119CDC
119CDD
119CDE
119CDF
119CE0
119CE1
119CE2
119CE3
119CE4
119CE5
119CE6
11A0E7
11A0E8
11A0E9
11A0EA
11A0EA
11A0EB
11A0EC
11A0ED
11A0EE
11A0EF
11A0F0
11A0F1
11A0F2
11A0F2
11A0F3
11A4F4
11A4F5
11A4F6
11A4F7
11A4F8
11A4F8
11A4F9
11A4FA
11A4FB
11A4FC
11A4FC
11A4FD
11A4FE
11A4FF
11A900
11A900
11A901
11A902
11A903
11A904
11A904
11A905
11A906
11A907
11A907
11A908
11A909
11AD09
11AD0A
11AD0B
11AD0C
11AD0C
11AD0D
11AD0E
11AD0E
11AD0F
11AD10
11AD11
11AD11
11B112
11B113
11B113
11B114
11B115
11B115
11B116
11B116
11B117
11B118
11B118
11B119
11B11A
11B51A
11B51B
11B51B
11B51C
11B51D
11B51D
11B51E
11B51E
11B51F
11B520
11B520
11B521
11B921
11B922
11B922
11B923
11B924
11B924
11B925
11B925
11B926
11B926
11B927
11B927
11C018
11BC19
11BC19
11BC1A
11BC1A
11BC1B
11BC1B
11BC1C
11BC1C
11BC1D
11BC1D
11BC1E
11BC1F
11BC1F
11B820
11B820
11B821
11B821
11B822
11B823
11B823
11B824
11B824
11B825
11B825
11B826
11B827
11B427
11B428
11B429
11B429
11B42A
11B42A
11B42B
11B42C
11B42C
11B42D
11B42E
11B42E
11B02F
11B030
11B030
11B031
11B032
11B032
11B033
11B034
11B034
11B035
11B036
11B037
11B037
11AC38
11AC39
11AC3A
11AC3A
11AC3B
11AC3C
11AC3C
11AC3D
11AC3E
11AC3F
11AC40
11AC40
11AC41
11AC42
11A843
11A843
11A844
11A845
11A846
11A847
11A848
11A848
11A849
11A84A
11A84B
11A84C
11A84D
11A84D
11A44E
11A44F
11A450
11A451
11A452
11A453
11A453
11A454
11A455
11A456
11A457
11A458
11A459
11A45A
11A45B
11A05C
11A05D
11A05E
11A05E
11A05F
11A060
11A061
11A062
11A063
11A064
11A065
11A066
11A067
11A068
11A069
11A06A
11A06B
11A06C
11A06D
119C6E
119C6F
119C70
119C71
119C72
119C73
119C74
119C75
119C76
119C77
119C78
119C79
119C7A
119C7B
119C7C
119C7E
119C7F
119C80
119C81
119C82
119C83
119C84
119C85
119C86
119C87
119C88
119C89
11988A
11988B
11988D
11988E
11988F
119890
119891
119892
119893
119894
119895
119896
119897
119899
11989A
11989B
11989C
11989D
11989E
11989F
1198A0
1198A1
1198A2
1198A4
1198A5
1198A6
1198A7
1198A8
1198A9
1198AA
1198AB
1198AC
1198AD
1198AF
1198B0
1198B1
1198B2
1198B3
1198B4
1198B5
1198B6
1198B7
119CB8
119CB9
119CBB
119CBC
119CBD
119CBE
119CBF
119CC0
119CC1
119CC2
119CC3
119CC4
119CC5
119CC6
119CC7
119CC8
119CC9
119CCA
119CCB
119CCC
119CCD
119CCE
119CD0
119CD1
119CD2
119CD3
119CD4
11A0D5
11A0D6
11A0D7
11A0D8
11A0D9
11A0DA
11A0DB
11A0DB
11A0DC
11A0DD
11A0DE
11A0DF
11A0E0
11A0E1
11A0E2
11A0E3
11A0E4
11A0E5
11A4E6
11A4E7
11A4E8
11A4E9
11A4EA
11A4EB
11A4EB
11A4EC
11A4ED
11A4EE
11A4EF
11A4F0
11A4F1
11A4F2
11A4F2
11A4F3
11A8F4
11A8F5
11A8F6
11A8F7
11A8F8
11A8F8
11A8F9
11A8FA
11A8FB
11A8FC
11A8FD
11A8FD
11A8FE
11A8FF
11AD00
11AD01
11AD01
11AD02
11AD03
11AD04
11AD04
11AD05
11AD06
11AD07
11AD07
11AD08
11AD09
11B10A
11B10A
11B10B
11B10C
11B10C
11B10D
11B10E
11B10F
11B10F
11B110
11B111
11B111
11B112
11B113
11B513
11B514
11B515
11B515
11B516
11B517
11B517
11B518
11B518
11B519
11B51A
11B51A
11B91B
11B91C
11B91C
11B91D
11B91D
11B91E
11B91E
11B91F
11B920
11B920
11B921
11B921
11B922
11BD22
11BD23
11BD24
11BD24
11BD25
11BD25
11BD26
11BD26
11BD27
11BD27
11C018
11C019
11C019
11C01A
11C01A
11C01B
11C01B
11C01C
11C01C
11C01D
11C01D
11C01E
11BC1E
11BC1F
11BC20
11BC20
11BC21
11BC21
11BC22
11BC22
11BC23
11BC24
11BC24
11BC25
11BC25
11B826
11B827
11B827
11B828
11B828
11B829
11B82A
11B82A
11B82B
11B82C
11B82C
11B82D
11B82E
11B42E
11B42F
11B430
11B430
11B431
11B432
11B432
11B433
11B434
11B434
11B435
11B436
11B437
11B437
11B038
11B039
11B039
11B03A
11B03B
11B03C
11B03C
11B03D
11B03E
11B03F
11B03F
11B040
11B041
11AC42
11AC43
11AC43
11AC44
11AC45
11AC46
11AC47
11AC47
11AC48
11AC49
11AC4A
11AC4B
11AC4C
11AC4C
11AC4D
11A84E
11A84F
11A850
11A851
11A852
11A853
11A853
11A854
11A855
11A856
11A857
11A858
11A859
11A85A
11A85B
11A85C
11A45D
11A45D
11A45E
11A45F
11A460
11A461
11A462
11A463
11A464
11A465
11A466
11A467
11A468
11A469
11A46A
11A46B
11A46C
11A46D
11A06E
11A06F
11A070
11A071
11A072
11A073
11A074
11A075
11A076
11A077
11A078
11A079
11A07A
11A07B
11A07C
11A07D
11A07F
11A080
11A081
11A082
11A083
11A084
11A085
11A086
11A087
11A088
11A089
11A08A
11A08B
119C8D
119C8E
119C8F
119C90
119C91
119C92
119C93
119C94
119C95
119C96
119C97
119C99
119C9A
119C9B
119C9C
119C9D
119C9E
119C9F
119CA0
119CA1
119CA2
119CA4
119CA5
119CA6
119CA7
119CA8
119CA9
119CAA
119CAB
119CAC
119CAD
119CAF
119CB0
119CB1
119CB2
119CB3
119CB4
119CB5
11A0B6
11A0B7
11A0B8
11A0B9
11A0BB
11A0BC
11A0BD
11A0BE
11A0BF
11A0C0
11A0C1
11A0C2
11A0C3
11A0C4
11A0C5
11A0C6
11A0C7
11A0C8
11A0C9
11A0CA
11A0CB
11A0CC
11A0CE
11A0CF
11A0D0
11A0D1
11A0D2
11A0D3
11A0D4
11A4D5
11A4D6
11A4D7
11A4D8
11A4D9
11A4DA
11A4DB
11A4DC
11A4DD
11A4DD
11A4DE
11A4DF
11A4E0
11A4E1
11A4E2
11A4E3
11A4E4
11A4E5
11A8E6
11A8E7
11A8E8
11A8E9
11A8EA
11A8EB
11A8EB
11A8EC
11A8ED
11A8EE
11A8EF
11A8F0
11A8F1
11A8F2
11A8F3
11A8F3
11ACF4
11ACF5
11ACF6
11ACF7
11ACF8
11ACF8
11ACF9
11ACFA
11ACFB
11ACFC
11ACFD
11ACFD
11ACFE
11ACFF
11AD00
11B101
11B101
11B102
11B103
11B104
11B104
11B105
11B106
11B107
11B107
11B108
11B109
11B10A
11B50A
11B50B
11B50C
11B50C
11B50D
11B50E
11B50F
11B50F
11B510
11B511
11B511
11B512
11B513
11B513
11B914
11B915
11B915
11B916
11B917
11B917
11B918
11B918
11B919
11B91A
11B91A
11B91B
11B91C
11BD1C
11BD1D
11BD1D
11BD1E
11BD1F
11BD1F
11BD20
11BD20
11BD21
11BD21
11BD22
11BD23
11BD23
11C124
11C124
11C125
11C125
11C126
11C126
11C127
11C127
11C418
11C419
11C419
11C41A
11C41A
11C41B
11C41B
11C41C
11C41C
11C41D
11C01D
11C01E
11C01E
11C01F
11C020
11C020
11C021
11C021
11C022
11C022
11C023
11C024
11C024
11BC25
11BC25
11BC26
11BC27
11BC27
11BC28
11BC28
11BC29
11BC2A
11BC2A
11BC2B
11BC2C
11BC2C
11BC2D
11B82E
11B82E
11B82F
11B830
11B830
11B831
11B832
11B832
11B833
11B834
11B834
11B835
11B836
11B836
11B437
11B438
11B439
11B439
11B43A
11B43B
11B43C
11B43C
11B43D
11B43E
11B43F
11B43F
11B440
11B441
11B042
11B043
11B043
11B044
11B045
11B046
11B047
11B047
11B048
11B049
11B04A
11B04B
11B04C
11B04C
11B04D
11AC4E
11AC4F
11AC50
11AC51
11AC52
11AC53
11AC53
11AC54
11AC55
11AC56
11AC57
11AC58
11AC59
11AC5A
11AC5B
11AC5C
11A85D
11A85D
11A85E
11A85F
11A860
11A861
11A862
11A863
11A864
11A865
11A866
11A867
11A868
11A869
11A86A
11A86B
11A86C
11A86D
11A86E
11A46F
11A470
11A471
11A472
11A473
11A474
11A475
11A476
11A477
11A478
11A479
11A47A
11A47B
11A47C
11A47D
11A47F
11A480
11A481
11A482
11A483
11A484
11A485
11A486
11A487
11A488
11A489
11A48A
11A48B
11A48C
11A48E
11A48F
11A490
11A091
11A092
11A093
11A094
11A095
11A096
11A097
11A099
11A09A
11A09B
11A09C
11A09D
11A09E
11A09F
11A0A0
11A0A1
11A0A2
11A0A4
11A0A5
11A0A6
11A0A7
11A0A8
11A0A9
11A0AA
11A0AB
11A0AC
11A0AD
11A0AF
11A0B0
11A0B1
11A4B2
11A4B3
11A4B4
11A4B5
11A4B6
11A4B7
11A4B8
11A4B9
11A4BB
11A4BC
11A4BD
11A4BE
11A4BF
11A4C0
11A4C1
11A4C2
11A4C3
11A4C4
11A4C5
11A4C6
11A4C7
11A4C8
11A4C9
11A4CA
11A4CB
11A4CD
11A4CE
11A4CF
11A4D0
11A4D1
11A4D2
11A4D3
11A8D4
11A8D5
11A8D6
11A8D7
11A8D8
11A8D9
11A8DA
11A8DB
11A8DC
11A8DD
11A8DE
11A8DE
11A8DF
11A8E0
11A8E1
11A8E2
11A8E3
11A8E4
11A8E5
11ACE6
11ACE7
11ACE8
11ACE9
11ACEA
11ACEB
11ACEC
11ACEC
11ACED
11ACEE
11ACEF
11ACF0
11ACF1
11ACF2
11ACF3
11ACF3
11B0F4
11B0F5
11B0F6
11B0F7
11B0F8
11B0F9
11B0F9
11B0FA
11B0FB
11B0FC
11B0FD
11B0FD
11B0FE
11B0FF
11B100
11B501
11B501
11B502
11B503
11B504
11B504
11B505
11B506
11B507
11B507
11B508
11B509
11B50A
11B50A
11B90B
11B90C
11B90D
11B90D
11B90E
11B90F
11B90F
11B910
11B911
11B911
11B912
11B913
11B913
11B914
11BD15
11BD15
11BD16
11BD17
11BD17
11BD18
11BD19
11BD19
11BD1A
11BD1A
11BD1B
11BD1C
11BD1C
11C11D
11C11D
11C11E
11C11F
11C11F
11C120
11C120
11C121
11C121
11C122
11C123
11C123
11C124
11C124
11C525
11C525
11C526
11C526
11C527
11C527
11C818
11C819
11C819
11C81A
11C81A
11C81B
11C81B
11C81C
11C41C
11C41D
11C41D
11C41E
11C41E
11C41F
11C41F
11C420
11C421
11C421
11C422
11C422
11C423
11C424
11C024
11C025
11C025
11C026
11C026
11C027
11C028
11C028
11C029
11C02A
11C02A
11C02B
11C02C
11C02C
11BC2D
11BC2D
11BC2E
11BC2F
11BC2F
11BC30
11BC31
11BC31
11BC32
11BC33
11BC34
11BC34
11BC35
11BC36
11B836
11B837
11B838
11B839
11B839
11B83A
11B83B
11B83C
11B83C
11B83D
11B83E
11B83F
11B83F
11B840
11B441
11B442
11B443
11B443
11B444
11B445
11B446
11B447
11B447
11B448
11B449
11B44A
11B44B
11B44C
11B44C
11B04D
11B04E
11B04F
11B050
11B051
11B052
11B052
11B053
11B054
11B055
11B056
11B057
11B058
11B059
11B05A
11B05B
11B05C
11AC5C
11AC5D
11AC5E
11AC5F
11AC60
11AC61
11AC62
11AC63
11AC64
11AC65
11AC66
11AC67
11AC68
11AC69
11AC6A
11AC6B
11AC6C
11AC6D
11AC6E
11AC6F
11A870
11A871
11A872
11A873
11A874
11A875
11A876
11A877
11A878
11A879
11A87A
11A87B
11A87C
11A87D
11A87F
11A880
11A881
11A882
11A883
11A884
11A885
11A886
11A887
11A888
11A889
11A88A
11A88B
11A88C
11A88E
11A88F
11A890
11A891
11A892
11A893
11A894
11A895
11A896
11A497
11A499
11A49A
11A49B
11A49C
11A49D
11A49E
11A49F
11A4A0
11A4A1
11A4A2
11A4A4
11A4A5
11A4A6
11A4A7
11A4A8
11A4A9
11A4AA
11A8AB
11A8AC
11A8AE
11A8AF
11A8B0
11A8B1
11A8B2
11A8B3
11A8B4
11A8B5
11A8B6
11A8B7
11A8B8
11A8B9
11A8BB
11A8BC
11A8BD
11A8BE
11A8BF
11A8C0
11A8C1
11A8C2
11A8C3
11A8C4
11A8C5
11A8C6
11A8C7
11A8C8
11A8C9
11A8CA
11A8CC
11A8CD
11A8CE
11A8CF
11A8D0
11A8D1
11A8D2
11ACD3
11ACD4
11ACD5
11ACD6
11ACD7
11ACD8
11ACD9
11ACDA
11ACDB
11ACDC
11ACDD
11ACDE
11ACDF
11ACDF
11ACE0
11ACE1
11ACE2
11ACE3
11ACE4
11ACE5
11B0E6
11B0E7
11B0E8
11B0E9
11B0EA
11B0EB
11B0EC
11B0EC
11B0ED
11B0EE
11B0EF
11B0F0
11B0F1
11B0F2
11B0F3
11B0F4
11B4F4
11B4F5
11B4F6
11B4F7
11B4F8
11B4F9
11B4F9
11B4FA
11B4FB
11B4FC
11B4FD
11B4FE
11B4FE
11B4FF
11B500
11B501
11B901
11B902
11B903
11B904
11B905
11B905
11B906
11B907
11B908
11B908
11B909
11B90A
11B90A
11B90B
11BD0C
11BD0D
11BD0D
11BD0E
11BD0F
11BD0F
11BD10
11BD11
11BD11
11BD12
11BD13
11BD13
11BD14
11BD15
11C115
11C116
11C117
11C117
11C118
11C119
11C119
11C11A
11C11A
11C11B
11C11C
11C11C
11C11D
11C11D
11C51E
11C51F
11C51F
11C520
11C520
11C521
11C522
11C522
11C523
11C523
11C524
11C524
11C525
11C525
11C926
11C926
11C927
11C928
11CC18
11CC18
11CC19
11CC19
11CC1A
11C81B
11C81B
11C81C
11C81C
11C81D
11C81D
11C81E
11C81E
11C81F
11C81F
11C820
11C821
11C821
11C822
11C822
11C423
11C423
11C424
11C425
11C425
11C426
11C426
11C427
11C428
11C428
11C429
11C42A
11C42A
11C42B
11C02B
11C02C
11C02D
11C02D
11C02E
11C02F
11C02F
11C030
11C031
11C031
11C032
11C033
11C034
11C034
11C035
11BC36
11BC36
11BC37
11BC38
11BC39
11BC39
11BC3A
11BC3B
11BC3B
11BC3C
11BC3D
11BC3E
11BC3F
11BC3F
11BC40
11B841
11B842
11B842
11B843
11B844
11B845
11B846
11B846
11B847
11B848
11B849
11B84A
11B84B
11B84B
11B84C
11B44D
11B44E
11B44F
11B450
11B451
11B452
11B452
11B453
11B454
11B455
11B456
11B457
11B458
11B459
11B45A
11B45B
11B45B
11B45C
11B05D
11B05E
11B05F
11B060
11B061
11B062
11B063
11B064
11B065
11B066
11B067
11B068
11B069
11B06A
11B06B
11B06C
11B06D
11B06E
11B06F
11B070
11AC71
11AC72
11AC73
11AC74
11AC75
11AC76
11AC77
11AC78
11AC79
11AC7A
11AC7B
11AC7C
11AC7D
11AC7E
11AC80
11AC81
11AC82
11AC83
11AC84
11AC85
11AC86
11AC87
11AC88
11AC89
11AC8A
11AC8B
11AC8C
11AC8E
11AC8F
11AC90
11AC91
11AC92
11AC93
11AC94
11AC95
11AC96
11AC97
11AC99
11AC9A
11AC9B
11AC9C
11AC9D
11AC9E
11AC9F
11ACA0
11ACA1
11ACA2
11ACA4
11ACA5
11ACA6
11ACA7
11ACA8
11ACA9
11ACAA
11ACAB
11ACAC
11ACAE
11ACAF
11ACB0
11ACB1
11ACB2
11ACB3
11ACB4
11ACB5
11ACB6
11ACB7
11ACB8
11ACBA
11ACBB
11ACBC
11ACBD
11ACBE
11ACBF
11ACC0
11ACC1
11ACC2
11ACC3
11ACC4
11ACC5
11ACC6
11ACC7
11ACC8
11ACC9
11ACCB
11ACCC
11ACCD
11ACCE
11ACCF
11ACD0
11B0D1
11B0D2
11B0D3
11B0D4
11B0D5
11B0D6
11B0D7
11B0D8
11B0D9
11B0DA
11B0DB
11B0DC
11B0DD
11B0DE
11B0DF
11B0E0
11B0E0
11B0E1
11B0E2
11B0E3
11B0E4
11B4E5
11B4E6
11B4E7
11B4E8
11B4E9
11B4EA
11B4EB
11B4EC
11B4ED
11B4ED
11B4EE
11B4EF
11B4F0
11B4F1
11B4F2
11B4F3
11B4F4
11B4F4
11B8F5
11B8F6
11B8F7
11B8F8
11B8F9
11B8F9
11B8FA
11B8FB
11B8FC
11B8FD
11B8FE
11B8FE
11B8FF
11B900
11B901
11BD02
11BD02
11BD03
11BD04
11BD05
11BD05
11BD06
11BD07
11BD08
11BD08
11BD09
11BD0A
11BD0B
11BD0B
11BD0C
11C10D
11C10D
11C10E
11C10F
11C10F
11C110
11C111
11C112
11C112
11C113
11C114
11C114
11C115
11C115
11C116
11C517
11C517
11C518
11C519
11C519
11C51A
11C51B
11C51B
11C51C
11C51C
11C51D
11C51E
11C51E
11C51F
11C91F
11C920
11C920
11C921
11C922
11C922
11C923
11C923
11C924
11C924
11C925
11C925
11C926
11C927
11CD27
11CD28
11D018
11D018
11D019
11CC19
11CC1A
11CC1A
11CC1B
11CC1C
11CC1C
11CC1D
11CC1D
11CC1E
11CC1E
11CC1F
11CC1F
11CC20
11CC20
11CC21
11C822
11C822
11C823
11C823
11C824
11C825
11C825
11C826
11C826
11C827
11C828
11C828
11C829
11C829
11C82A
11C42B
11C42B
11C42C
11C42D
11C42D
11C42E
11C42F
11C42F
11C430
11C431
11C431
11C432
11C433
11C433
11C434
11C035
11C036
11C036
11C037
11C038
11C038
11C039
11C03A
11C03B
11C03B
11C03C
11C03D
11C03E
11C03E
11C03F
11BC40
11BC41
11BC42
11BC42
11BC43
11BC44
11BC45
11BC46
11BC46
11BC47
11BC48
11BC49
11BC4A
11BC4B
11BC4B
11BC4C
11B84D
11B84E
11B84F
11B850
11B851
11B851
11B852
11B853
11B854
11B855
11B856
11B857
11B858
11B859
11B85A
11B85B
11B85B
11B85C
11B45D
11B45E
11B45F
11B460
11B461
11B462
11B463
11B464
11B465
11B466
11B467
11B468
11B469
11B46A
11B46B
11B46C
11B46D
11B46E
11B46F
11B470
11B471
11B472
11B073
11B074
11B075
11B076
11B077
11B078
11B079
11B07A
11B07B
11B07C
11B07D
11B07E
11B080
11B081
11B082
11B083
11B084
11B085
11B086
11B087
11B088
11B089
11B08A
11B08B
11B08C
11B08E
11B08F
11B090
11B091
11B092
11B093
11B094
11B095
11B096
11B097
11B099
11B09A
11B09B
11B09C
11B09D
11B09E
11B09F
11B0A0
11B0A1
11B0A2
11B0A4
11B0A5
11B0A6
11B0A7
11B0A8
11B0A9
11B0AA
11B0AB
11B0AC
11B0AE
11B0AF
11B0B0
11B0B1
11B0B2
11B0B3
11B0B4
11B0B5
11B0B6
11B0B7
11B0B8
11B0BA
11B0BB
11B0BC
11B0BD
11B0BE
11B0BF
11B0C0
11B0C1
11B0C2
11B0C3
11B0C4
11B0C5
11B0C6
11B0C7
11B0C8
11B0C9
11B0CB
11B0CC
11B0CD
11B0CE
11B0CF
11B4D0
11B4D1
11B4D2
11B4D3
11B4D4
11B4D5
11B4D6
11B4D7
11B4D8
11B4D9
11B4DA
11B4DB
11B4DC
11B4DD
11B4DE
11B4DF
11B4E0
11B4E1
11B4E1
11B4E2
11B4E3
11B4E4
11B8E5
11B8E6
11B8E7
11B8E8
11B8E9
11B8EA
11B8EB
11B8EC
11B8ED
11B8ED
11B8EE
11B8EF
11B8F0
11B8F1
11B8F2
11B8F3
11B8F4
11B8F4
11BCF5
11BCF6
11BCF7
11BCF8
11BCF9
11BCFA
11BCFA
11BCFB
11BCFC
11BCFD
11BCFE
11BCFE
11BCFF
11BD00
11BD01
11BD02
11C102
11C103
11C104
11C105
11C105
11C106
11C107
11C108
11C108
11C109
11C10A
11C10B
11C10B
11C10C
11C10D
11C50D
11C50E
11C50F
11C510
11C510
11C511
11C512
11C512
11C513
11C514
11C514
11C515
11C516
11C516
11C517
11C917
11C918
11C919
11C919
11C91A
11C91B
11C91B
11C91C
11C91C
11C91D
11C91E
11C91E
11C91F
11C91F
11C920
11CD21
11CD21
11CD22
11CD22
11CD23
11CD23
11CD24
11CD24
11CD25
11CD26
11CD26
11CD27
11CD27
11CD28
11D418
11D018
11D019
11D019
11D01A
11D01A
11D01B
11D01B
11D01C
11D01D
11D01D
11D01E
11D01E
11D01F
11D01F
11D020
11CC20
11CC21
11CC22
11CC22
11CC23
11CC23
11CC24
11CC25
11CC25
11CC26
11CC26
11CC27
11CC28
11CC28
11CC29
11CC29
11C82A
11C82B
11C82B
11C82C
11C82D
11C82D
11C82E
11C82F
11C82F
11C830
11C831
11C831
11C832
11C833
11C833
11C434
11C435
11C436
11C436
11C437
11C438
11C438
11C439
11C43A
11C43B
11C43B
11C43C
11C43D
11C43E
11C43E
11C43F
11C040
11C041
11C042
11C042
11C043
11C044
11C045
11C046
11C046
11C047
11C048
11C049
11C04A
11C04B
11C04B
11C04C
11BC4D
11BC4E
11BC4F
11BC50
11BC51
11BC51
11BC52
11BC53
11BC54
11BC55
11BC56
11BC57
11BC58
11BC59
11BC5A
11BC5A
11BC5B
11BC5C
11BC5D
11B85E
11B85F
11B860
11B861
11B862
11B863
11B864
11B865
11B866
11B867
11B868
11B869
11B86A
11B86B
11B86C
11B86D
11B86E
11B86F
11B870
11B871
11B872
11B873
11B474
11B475
11B476
11B477
11B478
11B479
11B47A
11B47B
11B47C
11B47D
11B47E
11B47F
11B481
11B482
11B483
11B484
11B485
11B486
11B487
11B488
11B489
11B48A
11B48B
11B48C
11B48E
11B48F
11B490
11B491
11B492
11B493
11B494
11B495
11B496
11B497
11B499
11B49A
11B49B
11B49C
11B49D
11B49E
11B49F
11B4A0
11B4A1
11B4A2
11B4A4
11B4A5
11B4A6
11B4A7
11B4A8
11B4A9
11B4AA
11B4AB
11B4AC
11B4AE
11B4AF
11B4B0
11B4B1
11B4B2
11B4B3
11B4B4
11B4B5
11B4B6
11B4B7
11B4B8
11B4BA
11B4BB
11B4BC
11B4BD
11B4BE
11B4BF
11B4C0
11B4C1
11B4C2
11B4C3
11B4C4
11B4C5
11B4C6
11B4C7
11B4C8
11B4CA
11B4CB
11B4CC
11B4CD
11B4CE
11B8CF
11B8D0
11B8D1
11B8D2
11B8D3
11B8D4
11B8D5
11B8D6
11B8D7
11B8D8
11B8D9
11B8DA
11B8DB
11B8DC
11B8DD
11B8DE
11B8DF
11B8E0
11B8E1
11B8E2
11B8E2
11B8E3
11BCE4
11BCE5
11BCE6
11BCE7
11BCE8
11BCE9
11BCEA
11BCEB
11BCEC
11BCED
11BCEE
11BCEE
11BCEF
11BCF0
11BCF1
11BCF2
11BCF3
11BCF4
11BCF5
11C0F5
11C0F6
11C0F7
11C0F8
11C0F9
11C0FA
11C0FA
11C0FB
11C0FC
11C0FD
11C0FE
11C0FE
11C0FF
11C100
11C101
11C102
11C502
11C503
11C504
11C505
11C505
11C506
11C507
11C508
11C508
11C509
11C50A
11C50B
11C50B
11C50C
11C50D
11C50D
11C90E
11C90F
11C910
11C910
11C911
11C912
11C912
11C913
11C914
11C914
11C915
11C916
11C916
11C917
11C918
11CD18
11CD19
11CD19
11CD1A
11CD1B
11CD1B
11CD1C
11CD1C
11CD1D
11CD1E
11CD1E
11CD1F
11CD1F
11CD20
11CD21
11CD21
11D122
11D122
11D123
11D123
11D124
11D124
11D125
11D126
11D126
11D127
11D127
11D128
11D418
11D418
11D419
11D419
11D41A
11D41A
11D41B
11D41B
11D41C
11D41D
11D41D
11D41E
11D41E
11D41F
11D01F
11D020
11D020
11D021
11D022
11D022
11D023
11D023
11D024
11D024
11D025
11D026
11D026
11D027
11D028
11D028
11CC29
11CC29
11CC2A
11CC2B
11CC2B
11CC2C
11CC2D
11CC2D
11CC2E
11CC2F
11CC2F
11CC30
11CC31
11CC31
11CC32
11CC33
11C833
11C834
11C835
11C835
11C836
11C837
11C838
11C838
11C839
11C83A
11C83B
11C83B
11C83C
11C83D
11C83E
11C83E
11C43F
11C440
11C441
11C442
11C442
11C443
11C444
11C445
11C446
11C446
11C447
11C448
11C449
11C44A
11C44A
11C44B
11C44C
11C04D
11C04E
11C04F
11C050
11C051
11C051
11C052
11C053
11C054
11C055
11C056
11C057
11C058
11C059
11C059
11C05A
11C05B
11C05C
11C05D
11BC5E
11BC5F
11BC60
11BC61
11BC62
11BC63
11BC64
11BC65
11BC66
11BC67
11BC68
11BC69
11BC6A
11BC6B
11BC6C
11BC6D
11BC6E
11BC6F
11BC70
11BC71
11BC72
11BC73
11BC74
11BC75
11B876
11B877
11B878
11B879
11B87A
11B87B
11B87C
11B87D
11B87E
11B87F
11B881
11B882
11B883
11B884
11B885
11B886
11B887
11B888
11B889
11B88A
11B88B
11B88C
11B88E
11B88F
11B890
11B891
11B892
11B893
11B894
11B895
11B896
11B897
11B899
11B89A
11B89B
11B89C
11B89D
11B89E
11B89F
11B8A0
11B8A1
11B8A2
11B8A4
11B8A5
11B8A6
11B8A7
11B8A8
11B8A9
11B8AA
11B8AB
11B8AC
11B8AE
11B8AF
11B8B0
11B8B1
11B8B2
11B8B3
11B8B4
11B8B5
11B8B6
11B8B7
11B8B8
11B8BA
11B8BB
11B8BC
11B8BD
11B8BE
11B8BF
11B8C0
11B8C1
11B8C2
11B8C3
11B8C4
11B8C5
11B8C6
11B8C7
11B8C9
11B8CA
11B8CB
11B8CC
11BCCD
11BCCE
11BCCF
11BCD0
11BCD1
11BCD2
11BCD3
11BCD4
11BCD5
11BCD6
11BCD7
11BCD8
11BCD9
11BCDA
11BCDB
11BCDC
11BCDD
11BCDE
11BCDF
11BCE0
11BCE1
11BCE2
11BCE3
11BCE3
11C0E4
11C0E5
11C0E6
11C0E7
11C0E8
11C0E9
11C0EA
11C0EB
11C0EC
11C0ED
11C0EE
11C0EE
11C0EF
11C0F0
11C0F1
11C0F2
11C0F3
11C0F4
11C0F5
11C4F5
11C4F6
11C4F7
11C4F8
11C4F9
11C4FA
11C4FA
11C4FB
11C4FC
11C4FD
11C4FE
11C4FF
11C4FF
11C500
11C501
11C502
11C502
11C903
11C904
11C905
11C906
11C906
11C907
11C908
11C909
11C909
11C90A
11C90B
11C90B
11C90C
11C90D
11C90E
11C90E
11CD0F
11CD10
11CD10
11CD11
11CD12
11CD12
11CD13
11CD14
11CD14
11CD15
11CD16
11CD16
11CD17
11CD18
11CD18
11CD19
11D119
11D11A
11D11B
11D11B
11D11C
11D11D
11D11D
11D11E
11D11E
11D11F
11D11F
11D120
11D121
11D121
11D122
11D122
11D523
11D523
11D524
11D525
11D525
11D526
11D526
11D527
11D527
11D528
11D818
11D818
11D819
11D819
11D81A
11D81A
11D81B
11D81B
11D81C
11D81C
11D81D
11D81E
11D41E
11D41F
11D41F
11D420
11D420
11D421
11D421
11D422
11D423
11D423
11D424
11D424
11D425
11D426
11D426
11D427
11D027
11D028
11D029
11D029
11D02A
11D02B
11D02B
11D02C
11D02D
11D02D
11D02E
11D02F
11D02F
11D030
11D031
11D031
11D032
11CC33
11CC33
11CC34
11CC35
11CC35
11CC36
11CC37
11CC38
11CC38
11CC39
11CC3A
11CC3B
11CC3B
11CC3C
11CC3D
11CC3E
11C83E
11C83F
11C840
11C841
11C841
11C842
11C843
11C844
11C845
11C845
11C846
11C847
11C848
11C849
11C84A
11C84A
11C84B
11C84C
11C44D
11C44E
11C44F
11C450
11C450
11C451
11C452
11C453
11C454
11C455
11C456
11C457
11C458
11C459
11C459
11C45A
11C45B
11C45C
11C45D
11C45E
11C05F
11C060
11C061
11C062
11C063
11C064
11C065
11C066
11C067
11C068
11C069
11C06A
11C06B
11C06C
11C06D
11C06E
11C06F
11C070
11C071
11C072
11C073
11C074
11C075
11C076
11C077
11BC78
11BC79
11BC7A
11BC7B
11BC7C
11BC7D
11BC7E
11BC7F
11BC81
11BC82
11BC83
11BC84
11BC85
11BC86
11BC87
11BC88
11BC89
11BC8A
11BC8B
11BC8C
11BC8D
11BC8F
11BC90
11BC91
11BC92
11BC93
11BC94
11BC95
11BC96
11BC97
11BC99
11BC9A
11BC9B
11BC9C
11BC9D
11BC9E
11BC9F
11BCA0
11BCA1
11BCA2
11BCA4
11BCA5
11BCA6
11BCA7
11BCA8
11BCA9
11BCAA
11BCAB
11BCAC
11BCAE
11BCAF
11BCB0
11BCB1
11BCB2
11BCB3
11BCB4
11BCB5
11BCB6
11BCB7
11BCB9
11BCBA
11BCBB
11BCBC
11BCBD
11BCBE
11BCBF
11BCC0
11BCC1
11BCC2
11BCC3
11BCC4
11BCC5
11BCC6
11BCC7
11BCC9
11BCCA
11C0CB
11C0CC
11C0CD
11C0CE
11C0CF
11C0D0
11C0D1
11C0D2
11C0D3
11C0D4
11C0D5
11C0D6
11C0D7
11C0D8
11C0D9
11C0DA
11C0DB
11C0DC
11C0DD
11C0DE
11C0DF
11C0E0
11C0E1
11C0E2
11C0E3
11C4E4
11C4E4
11C4E5
11C4E6
11C4E7
11C4E8
11C4E9
11C4EA
11C4EB
11C4EC
11C4ED
11C4EE
11C4EF
11C4EF
11C4F0
11C4F1
11C4F2
11C4F3
11C4F4
11C4F5
11C8F5
11C8F6
11C8F7
11C8F8
11C8F9
11C8FA
11C8FB
11C8FB
11C8FC
11C8FD
11C8FE
11C8FF
11C8FF
11C900
11C901
11C902
11C903
11CD03
11CD04
11CD05
11CD06
11CD06
11CD07
11CD08
11CD09
11CD09
11CD0A
11CD0B
11CD0B
11CD0C
11CD0D
11CD0E
11CD0E
11CD0F
11D110
11D110
11D111
11D112
11D112
11D113
11D114
11D114
11D115
11D116
11D116
11D117
11D118
11D118
11D119
11D11A
11D11A
11D51B
11D51B
11D51C
11D51D
11D51D
11D51E
11D51E
11D51F
11D520
11D520
11D521
11D521
11D522
11D522
11D523
11D523
11D924
11D925
11D925
11D926
11D926
11D927
11D927
11D928
11DC18
11DC18
11DC19
11DC19
11DC1A
11DC1A
11DC1B
11DC1B
11DC1C
11DC1C
11D81D
11D81D
11D81E
11D81F
11D81F
11D820
11D820
11D821
11D821
11D822
11D823
11D823
11D824
11D824
11D825
11D826
11D826
11D427
11D427
11D428
11D429
11D429
11D42A
11D42B
11D42B
11D42C
11D42C
11D42D
11D42E
11D42E
11D42F
11D430
11D430
11D431
11D032
11D033
11D033
11D034
11D035
11D035
11D036
11D037
11D038
11D038
11D039
11D03A
11D03A
11D03B
11D03C
11D03D
11D03E
11CC3E
11CC3F
11CC40
11CC41
11CC41
11CC42
11CC43
11CC44
11CC45
11CC45
11CC46
11CC47
11CC48
11CC49
11CC4A
11CC4A
11CC4B
11CC4C
11C84D
11C84E
11C84F
11C850
11C850
11C851
11C852
11C853
11C854
11C855
11C856
11C857
11C858
11C858
11C859
11C85A
11C85B
11C85C
11C85D
11C85E
11C85F
11C460
11C461
11C462
11C463
11C464
11C465
11C466
11C467
11C468
11C469
11C46A
11C46B
11C46C
11C46D
11C46E
11C46F
11C470
11C471
11C472
11C473
11C474
11C475
11C476
11C477
11C478
11C479
11C07A
11C07B
11C07C
11C07D
11C07E
11C07F
11C080
11C082
11C083
11C084
11C085
11C086
11C087
11C088
11C089
11C08A
11C08B
11C08C
11C08D
11C08F
11C090
11C091
11C092
11C093
11C094
11C095
11C096
11C097
11C099
11C09A
11C09B
11C09C
11C09D
11C09E
11C09F
11C0A0
11C0A1
11C0A2
11C0A4
11C0A5
11C0A6
11C0A7
11C0A8
11C0A9
11C0AA
11C0AB
11C0AC
11C0AE
11C0AF
11C0B0
11C0B1
11C0B2
11C0B3
11C0B4
11C0B5
11C0B6
11C0B7
11C0B9
11C0BA
11C0BB
11C0BC
11C0BD
11C0BE
11C0BF
11C0C0
11C0C1
11C0C2
11C0C3
11C0C4
11C0C5
11C0C6
11C0C8
11C4C9
11C4CA
11C4CB
11C4CC
11C4CD
11C4CE
11C4CF
11C4D0
11C4D1
11C4D2
11C4D3
11C4D4
11C4D5
11C4D6
11C4D7
11C4D8
11C4D9
11C4DA
11C4DB
11C4DC
11C4DD
11C4DE
11C4DF
11C4E0
11C4E1
11C4E2
11C8E3
11C8E4
11C8E4
11C8E5
11C8E6
11C8E7
11C8E8
11C8E9
11C8EA
11C8EB
11C8EC
11C8ED
11C8EE
11C8EF
11C8EF
11C8F0
11C8F1
11C8F2
11C8F3
11C8F4
11C8F5
11CCF6
11CCF6
11CCF7
11CCF8
11CCF9
11CCFA
11CCFB
11CCFB
11CCFC
11CCFD
11CCFE
11CCFF
11CCFF
11CD00
11CD01
11CD02
11CD03
11CD03
11D104
11D105
11D106
11D106
11D107
11D108
11D109
11D109
11D10A
11D10B
11D10C
11D10C
11D10D
11D10E
11D10E
11D10F
11D110
11D510
11D511
11D512
11D512
11D513
11D514
11D514
11D515
11D516
11D516
11D517
11D518
11D518
11D519
11D51A
11D51A
11D51B
11D91B
11D91C
11D91D
11D91D
11D91E
11D91E
11D91F
11D920
11D920
11D921
11D921
11D922
11D922
11D923
11D924
11D924
11D925
11DD25
11DD26
11DD26
11DD27
11DD27
11DD28
11E018
11E018
11E019
11E019
11E01A
11E01A
11E01B
11DC1B
11DC1C
11DC1C
11DC1D
11DC1D
11DC1E
11DC1F
11DC1F
11DC20
11DC20
11DC21
11DC21
11DC22
11DC23
11DC23
11DC24
11DC24
11DC25
11D826
11D826
11D827
11D827
11D828
11D829
11D829
11D82A
11D82A
11D82B
11D82C
11D82C
11D82D
11D82E
11D82E
11D82F
11D830
11D430
11D431
11D432
11D433
11D433
11D434
11D435
11D435
11D436
11D437
11D437
11D438
11D439
11D43A
11D43A
11D43B
11D43C
11D43D
11D03D
11D03E
11D03F
11D040
11D041
11D041
11D042
11D043
11D044
11D045
11D045
11D046
11D047
11D048
11D049
11D04A
11D04A
11D04B
11D04C
11CC4D
11CC4E
11CC4F
11CC4F
11CC50
11CC51
11CC52
11CC53
11CC54
11CC55
11CC56
11CC57
11CC58
11CC58
11CC59
11CC5A
11CC5B
11CC5C
11CC5D
11CC5E
11CC5F
11C860
11C861
11C862
11C863
11C864
11C865
11C866
11C867
11C868
11C869
11C86A
11C86B
11C86C
11C86D
11C86E
11C86F
11C870
11C871
11C872
11C873
11C874
11C875
11C876
11C877
11C878
11C879
11C87A
11C87B
11C87C
11C47D
11C47E
11C47F
11C480
11C482
11C483
11C484
11C485
11C486
11C487
11C488
11C489
11C48A
11C48B
11C48C
11C48D
11C48F
11C490
11C491
11C492
11C493
11C494
11C495
11C496
11C497
11C498
11C49A
11C49B
11C49C
11C49D
11C49E
11C49F
11C4A0
11C4A1
11C4A2
11C4A4
11C4A5
11C4A6
11C4A7
11C4A8
11C4A9
11C4AA
11C4AB
11C4AC
11C4AE
11C4AF
11C4B0
11C4B1
11C4B2
11C4B3
11C4B4
11C4B5
11C4B6
11C4B7
11C4B9
11C4BA
11C4BB
11C4BC
11C4BD
11C4BE
11C4BF
11C4C0
11C4C1
11C4C2
11C4C3
11C4C4
11C8C5
11C8C6
11C8C8
11C8C9
11C8CA
11C8CB
11C8CC
11C8CD
11C8CE
11C8CF
11C8D0
11C8D1
11C8D2
11C8D3
11C8D4
11C8D5
11C8D6
11C8D7
11C8D8
11C8D9
11C8DA
11C8DB
11C8DC
11C8DD
11C8DE
11C8DF
11C8E0
11C8E1
11CCE2
11CCE3
11CCE4
11CCE5
11CCE5
11CCE6
11CCE7
11CCE8
11CCE9
11CCEA
11CCEB
11CCEC
11CCED
11CCEE
11CCEF
11CCEF
11CCF0
11CCF1
11CCF2
11CCF3
11CCF4
11CCF5
11D0F6
11D0F6
11D0F7
11D0F8
11D0F9
11D0FA
11D0FB
11D0FB
11D0FC
11D0FD
11D0FE
11D0FF
11D0FF
11D100
11D101
11D102
11D103
11D103
11D104
11D505
11D506
11D506
11D507
11D508
11D509
11D509
11D50A
11D50B
11D50C
11D50C
11D50D
11D50E
11D50E
11D50F
11D510
11D510
11D511
11D912
11D913
11D913
11D914
11D915
11D915
11D916
11D916
11D917
11D918
11D918
11D919
11D91A
11D91A
11D91B
11D91B
11D91C
11DD1D
11DD1D
11DD1E
11DD1E
11DD1F
11DD20
11DD20
11DD21
11DD21
11DD22
11DD22
11DD23
11DD24
11DD24
11DD25
11DD25
11DD26
11DD26
11E127
11E127
11E128
11E418
11E418
11E419
11E419
11E41A
11E01A
11E01B
11E01B
11E01C
11E01C
11E01D
11E01D
11E01E
11E01E
11E01F
11E020
11E020
11E021
11E021
11E022
11E022
11E023
11E024
11DC24
11DC25
11DC25
11DC26
11DC27
11DC27
11DC28
11DC29
11DC29
11DC2A
11DC2A
11DC2B
11DC2C
11DC2C
11DC2D
11DC2E
11DC2E
11DC2F
11D830
11D830
11D831
11D832
11D832
11D833
11D834
11D835
11D835
11D836
11D837
11D837
11D838
11D839
11D83A
11D83A
11D83B
11D83C
11D83D
11D43D
11D43E
11D43F
11D440
11D441
11D441
11D442
11D443
11D444
11D445
11D445
11D446
11D447
11D448
11D449
11D449
11D44A
11D44B
11D44C
11D04D
11D04E
11D04F
11D04F
11D050
11D051
11D052
11D053
11D054
11D055
11D056
11D057
11D057
11D058
11D059
11D05A
11D05B
11D05C
11D05D
11D05E
11D05F
11D060
11CC61
11CC62
11CC63
11CC64
11CC65
11CC66
11CC67
11CC68
11CC69
11CC6A
11CC6B
11CC6C
11CC6D
11CC6E
11CC6F
11CC70
11CC71
11CC72
11CC73
11CC74
11CC75
11CC76
11CC77
11CC78
11CC79
11CC7A
11CC7B
11CC7C
11CC7D
11CC7E
11CC7F
11C880
11C882
11C883
11C884
11C885
11C886
11C887
11C888
11C889
11C88A
11C88B
11C88C
11C88D
11C88F
11C890
11C891
11C892
11C893
11C894
11C895
11C896
11C897
11C898
11C89A
11C89B
11C89C
11C89D
11C89E
11C89F
11C8A0
11C8A1
11C8A2
11C8A4
11C8A5
11C8A6
11C8A7
11C8A8
11C8A9
11C8AA
11C8AB
11C8AC
11C8AE
11C8AF
11C8B0
11C8B1
11C8B2
11C8B3
11C8B4
11C8B5
11C8B6
11C8B7
11C8B9
11C8BA
11C8BB
11C8BC
11C8BD
11C8BE
11C8BF
11C8C0
11C8C1
11CCC2
11CCC3
11CCC4
11CCC5
11CCC7
11CCC8
11CCC9
11CCCA
11CCCB
11CCCC
11CCCD
11CCCE
11CCCF
11CCD0
11CCD1
11CCD2
11CCD3
11CCD4
11CCD5
11CCD6
11CCD7
11CCD8
11CCD9
11CCDA
11CCDB
11CCDC
11CCDD
11CCDE
11CCDF
11CCE0
11D0E1
11D0E2
11D0E3
11D0E4
11D0E5
11D0E5
11D0E6
11D0E7
11D0E8
11D0E9
11D0EA
11D0EB
11D0EC
11D0ED
11D0EE
11D0EF
11D0F0
11D0F0
11D0F1
11D0F2
11D0F3
11D0F4
11D0F5
11D4F6
11D4F6
11D4F7
11D4F8
11D4F9
11D4FA
11D4FB
11D4FB
11D4FC
11D4FD
11D4FE
11D4FF
11D4FF
11D500
11D501
11D502
11D503
11D503
11D504
11D905
11D906
11D906
11D907
11D908
11D909
11D909
11D90A
11D90B
11D90C
11D90C
11D90D
11D90E
11D90E
11D90F
11D910
11D911
11D911
11D912
11DD13
11DD13
11DD14
11DD15
11DD15
11DD16
11DD17
11DD17
11DD18
11DD18
11DD19
11DD1A
11DD1A
11DD1B
11DD1C
11DD1C
11DD1D
11DD1D
11E11E
11E11F
11E11F
11E120
11E120
11E121
11E121
11E122
11E123
11E123
11E124
11E124
11E125
11E125
11E126
11E126
11E127
11E127
11E528
11E818
11E818
11E419
11E419
11E41A
11E41A
11E41B
11E41B
11E41C
11E41C
11E41D
11E41D
11E41E
11E41E
11E41F
11E420
11E420
11E421
11E421
11E422
11E422
11E023
11E024
11E024
11E025
11E025
11E026
11E027
11E027
11E028
11E029
11E029
11E02A
11E02A
11E02B
11E02C
11E02C
11E02D
11E02E
11E02E
11DC2F
11DC30
11DC30
11DC31
11DC32
11DC32
11DC33
11DC34
11DC35
11DC35
11DC36
11DC37
11DC37
11DC38
11DC39
11DC3A
11DC3A
11DC3B
11DC3C
11D83D
11D83D
11D83E
11D83F
11D840
11D840
11D841
11D842
11D843
11D844
11D844
11D845
11D846
11D847
11D848
11D849
11D849
11D84A
11D84B
11D84C
11D44D
11D44E
11D44F
11D44F
11D450
11D451
11D452
11D453
11D454
11D455
11D456
11D457
11D457
11D458
11D459
11D45A
11D45B
11D45C
11D45D
11D45E
11D45F
11D460
11D461
11D462
11D063
11D064
11D065
11D066
11D067
11D068
11D069
11D06A
11D06B
11D06C
11D06D
11D06E
11D06F
11D070
11D071
11D072
11D073
11D074
11D075
11D076
11D077
11D078
11D079
11D07A
11D07B
11D07C
11D07D
11D07E
11D07F
11D080
11D082
11D083
11D084
11CC85
11CC86
11CC87
11CC88
11CC89
11CC8A
11CC8B
11CC8C
11CC8D
11CC8F
11CC90
11CC91
11CC92
11CC93
11CC94
11CC95
11CC96
11CC97
11CC98
11CC9A
11CC9B
11CC9C
11CC9D
11CC9E
11CC9F
11CCA0
11CCA1
11CCA2
11CCA4
11CCA5
11CCA6
11CCA7
11CCA8
11CCA9
11CCAA
11CCAB
11CCAC
11CCAE
11CCAF
11CCB0
11CCB1
11CCB2
11CCB3
11CCB4
11CCB5
11CCB6
11CCB7
11CCB9
11CCBA
11CCBB
11CCBC
11CCBD
11D0BE
11D0BF
11D0C0
11D0C1
11D0C2
11D0C3
11D0C4
11D0C5
11D0C7
11D0C8
11D0C9
11D0CA
11D0CB
11D0CC
11D0CD
11D0CE
11D0CF
11D0D0
11D0D1
11D0D2
11D0D3
11D0D4
11D0D5
11D0D6
11D0D7
11D0D8
11D0D9
11D0DA
11D0DB
11D0DC
11D0DD
11D0DE
11D0DF
11D4E0
11D4E1
11D4E2
11D4E3
11D4E4
11D4E5
11D4E6
11D4E6
11D4E7
11D4E8
11D4E9
11D4EA
11D4EB
11D4EC
11D4ED
11D4EE
11D4EF
11D4F0
11D4F0
11D4F1
11D4F2
11D4F3
11D4F4
11D4F5
11D8F6
11D8F7
11D8F7
11D8F8
11D8F9
11D8FA
11D8FB
11D8FC
11D8FC
11D8FD
11D8FE
11D8FF
11D900
11D900
11D901
11D902
11D903
11D903
11D904
11D905
11DD06
11DD07
11DD07
11DD08
11DD09
11DD09
11DD0A
11DD0B
11DD0C
11DD0C
11DD0D
11DD0E
11DD0E
11DD0F
11DD10
11DD11
11DD11
11DD12
11DD13
11E113
11E114
11E115
11E115
11E116
11E117
11E117
11E118
11E118
11E119
11E11A
11E11A
11E11B
11E11C
11E11C
11E11D
11E11D
11E11E
11E11F
11E51F
11E520
11E520
11E521
11E521
11E522
11E523
11E523
11E524
11E524
11E525
11E525
11E526
11E526
11E527
11E527
11E528
11E818
11E818
11E819
11E819
11E81A
11E81A
11E81B
11E81B
11E81C
11E81C
11E81D
11E81D
11E81E
11E81E
11E81F
11E820
11E820
11E821
11E821
11E422
11E422
11E423
11E424
11E424
11E425
11E425
11E426
11E427
11E427
11E428
11E428
11E429
11E42A
11E42A
11E42B
11E42C
11E42C
11E42D
11E02E
11E02E
11E02F
11E030
11E030
11E031
11E032
11E032
11E033
11E034
11E034
11E035
11E036
11E037
11E037
11E038
11E039
11E03A
11E03A
11E03B
11DC3C
11DC3D
11DC3D
11DC3E
11DC3F
11DC40
11DC40
11DC41
11DC42
11DC43
11DC44
11DC44
11DC45
11DC46
11DC47
11DC48
11DC49
11DC49
11DC4A
11DC4B
11DC4C
11DC4D
11D84E
11D84F
11D84F
11D850
11D851
11D852
11D853
11D854
11D855
11D856
11D857
11D857
11D858
11D859
11D85A
11D85B
11D85C
11D85D
11D85E
11D85F
11D860
11D861
11D862
11D863
11D464
11D465
11D466
11D467
11D468
11D469
11D46A
11D46B
11D46C
11D46D
11D46E
11D46F
11D470
11D471
11D472
11D473
11D474
11D475
11D476
11D477
11D478
11D479
11D47A
11D47B
11D47C
11D47D
11D47E
11D47F
11D480
11D481
11D483
11D484
11D485
11D486
11D487
11D488
11D089
11D08A
11D08B
11D08C
11D08D
11D08F
11D090
11D091
11D092
11D093
11D094
11D095
11D096
11D097
11D098
11D09A
11D09B
11D09C
11D09D
11D09E
11D09F
11D0A0
11D0A1
11D0A2
11D0A4
11D0A5
11D0A6
11D0A7
11D0A8
11D0A9
11D0AA
11D0AB
11D0AC
11D0AE
11D0AF
11D0B0
11D0B1
11D0B2
11D0B3
11D0B4
11D0B5
11D0B6
11D0B7
11D4B9
11D4BA
11D4BB
11D4BC
11D4BD
11D4BE
11D4BF
11D4C0
11D4C1
11D4C2
11D4C3
11D4C4
11D4C5
11D4C7
11D4C8
11D4C9
11D4CA
11D4CB
11D4CC
11D4CD
11D4CE
11D4CF
11D4D0
11D4D1
11D4D2
11D4D3
11D4D4
11D4D5
11D4D6
11D4D7
11D4D8
11D4D9
11D4DA
11D4DB
11D4DC
11D4DD
11D4DE
11D8DF
11D8E0
11D8E1
11D8E2
11D8E3
11D8E4
11D8E5
11D8E6
11D8E7
11D8E7
11D8E8
11D8E9
11D8EA
11D8EB
11D8EC
11D8ED
11D8EE
11D8EF
11D8F0
11D8F0
11D8F1
11D8F2
11D8F3
11D8F4
11DCF5
11DCF6
11DCF7
11DCF7
11DCF8
11DCF9
11DCFA
11DCFB
11DCFC
11DCFC
11DCFD
11DCFE
11DCFF
11DD00
11DD00
11DD01
11DD02
11DD03
11DD03
11DD04
11DD05
11DD06
11E107
11E107
11E108
11E109
11E10A
11E10A
11E10B
11E10C
11E10C
11E10D
11E10E
11E10F
11E10F
11E110
11E111
11E111
11E112
11E113
11E113
11E114
11E515
11E515
11E516
11E517
11E517
11E518
11E519
11E519
11E51A
11E51A
11E51B
11E51C
11E51C
11E51D
11E51D
11E51E
11E51F
11E51F
11E520
11E920
11E921
11E921
11E922
11E923
11E923
11E924
11E924
11E925
11E925
11E926
11E926
11E927
11E927
11E928
11EC17
11EC18
11EC18
11EC19
11EC1A
11EC1A
11EC1B
11EC1B
11EC1C
11EC1C
11EC1D
11EC1D
11EC1E
11EC1E
11EC1F
11EC1F
11E820
11E821
11E821
11E822
11E822
11E823
11E824
11E824
11E825
11E825
11E826
11E827
11E827
11E828
11E828
11E829
11E82A
11E82A
11E82B
11E82C
11E82C
11E42D
11E42E
11E42E
11E42F
11E430
11E430
11E431
11E432
11E432
11E433
11E434
11E434
11E435
11E436
11E437
11E437
11E438
11E439
11E43A
11E43A
11E43B
11E03C
11E03D
11E03D
11E03E
11E03F
11E040
11E040
11E041
11E042
11E043
11E044
11E044
11E045
11E046
11E047
11E048
11E049
11E049
11E04A
11E04B
11E04C
11E04D
11DC4E
11DC4E
11DC4F
11DC50
11DC51
11DC52
11DC53
11DC54
11DC55
11DC56
11DC56
11DC57
11DC58
11DC59
11DC5A
11DC5B
11DC5C
11DC5D
11DC5E
11DC5F
11DC60
11DC61
11DC62
11DC63
11DC64
11D865
11D866
11D867
11D868
11D869
11D86A
11D86B
11D86C
11D86D
11D86E
11D86F
11D870
11D871
11D872
11D873
11D874
11D875
11D876
11D877
11D878
11D879
11D87A
11D87B
11D87C
11D87D
11D87E
11D87F
11D880
11D881
11D883
11D884
11D885
11D886
11D887
11D888
11D889
11D88A
11D88B
11D88C
11D88D
11D88F
11D890
11D491
11D492
11D493
11D494
11D495
11D496
11D497
11D498
11D49A
11D49B
11D49C
11D49D
11D49E
11D49F
11D4A0
11D4A1
11D4A2
11D4A4
11D4A5
11D4A6
11D4A7
11D4A8
11D4A9
11D4AA
11D4AB
11D4AC
11D4AE
11D4AF
11D4B0
11D8B1
11D8B2
11D8B3
11D8B4
11D8B5
11D8B6
11D8B7
11D8B9
11D8BA
11D8BB
11D8BC
11D8BD
11D8BE
11D8BF
11D8C0
11D8C1
11D8C2
11D8C3
11D8C4
11D8C6
11D8C7
11D8C8
11D8C9
11D8CA
11D8CB
11D8CC
11D8CD
11D8CE
11D8CF
11D8D0
11D8D1
11D8D2
11D8D3
11D8D4
11D8D5
11D8D6
11D8D7
11D8D8
11D8D9
11D8DA
11D8DB
11D8DC
11D8DD
11DCDE
11DCDF
11DCE0
11DCE1
11DCE2
11DCE3
11DCE4
11DCE5
11DCE6
11DCE7
11DCE7
11DCE8
11DCE9
11DCEA
11DCEB
11DCEC
11DCED
11DCEE
11DCEF
11DCF0
11DCF1
11DCF1
11DCF2
11DCF3
11DCF4
11E0F5
11E0F6
11E0F7
11E0F7
11E0F8
11E0F9
11E0FA
11E0FB
11E0FC
11E0FC
11E0FD
11E0FE
11E0FF
11E100
11E100
11E101
11E102
11E103
11E104
11E104
11E105
11E106
11E507
11E507
11E508
11E509
11E50A
11E50A
11E50B
11E50C
11E50C
11E50D
11E50E
11E50F
11E50F
11E510
11E511
11E511
11E512
11E513
11E513
11E514
11E515
11E915
11E916
11E917
11E917
11E918
11E919
11E919
11E91A
11E91A
11E91B
11E91C
11E91C
11E91D
11E91D
11E91E
11E91F
11E91F
11E920
11E920
11E921
11E922
11ED22
11ED23
11ED23
11ED24
11ED24
11ED25
11ED25
11ED26
11ED26
11ED27
11ED28
11ED28
11F017
11F018
11F018
11F019
11F019
11F01A
11F01B
11F01B
11F01C
11F01C
11F01D
11F01D
11F01E
11F01E
11EC1F
11EC1F
11EC20
11EC21
11EC21
11EC22
11EC22
11EC23
11EC23
11EC24
11EC25
11EC25
11EC26
11EC27
11EC27
11EC28
11EC28
11EC29
11EC2A
11EC2A
11EC2B
11E82C
11E82C
11E82D
11E82E
11E82E
11E82F
11E830
11E830
11E831
11E832
11E832
11E833
11E834
11E834
11E835
11E836
11E837
11E837
11E838
11E839
11E839
11E83A
11E43B
11E43C
11E43C
11E43D
11E43E
11E43F
11E440
11E440
11E441
11E442
11E443
11E444
11E444
11E445
11E446
11E447
11E448
11E448
11E449
11E44A
11E44B
11E44C
11E44D
11E04E
11E04E
11E04F
11E050
11E051
11E052
11E053
11E054
11E055
11E056
11E056
11E057
11E058
11E059
11E05A
11E05B
11E05C
11E05D
11E05E
11E05F
11E060
11E061
11E062
11E063
11E064
11E065
11E066
11DC67
11DC68
11DC69
11DC6A
11DC6B
11DC6C
11DC6D
11DC6E
11DC6F
11DC70
11DC71
11DC72
11DC73
11DC74
11DC75
11DC76
11DC77
11DC78
11DC79
11DC7A
11DC7B
11DC7C
11DC7D
11DC7E
11DC7F
11DC80
11DC81
11DC83
11DC84
11DC85
11DC86
11DC87
11DC88
11DC89
11DC8A
11DC8B
11DC8C
11DC8D
11DC8F
11DC90
11DC91
11DC92
11DC93
11DC94
11DC95
11DC96
11DC97
11DC98
11DC9A
11DC9B
11DC9C
11DC9D
11DC9E
11DC9F
11DCA0
11DCA1
11DCA2
11DCA4
11DCA5
11DCA6
11DCA7
11DCA8
11DCA9
11DCAA
11DCAB
11DCAC
11DCAE
11DCAF
11DCB0
11DCB1
11DCB2
11DCB3
11DCB4
11DCB5
11DCB6
11DCB8
11DCB9
11DCBA
11DCBB
11DCBC
11DCBD
11DCBE
11DCBF
11DCC0
11DCC1
11DCC2
11DCC3
11DCC4
11DCC6
11DCC7
11DCC8
11DCC9
11DCCA
11DCCB
11DCCC
11DCCD
11DCCE
11DCCF
11DCD0
11DCD1
11DCD2
11DCD3
11DCD4
11DCD5
11DCD6
11DCD7
11DCD8
11DCD9
11DCDA
11DCDB
11E0DC
11E0DD
11E0DE
11E0DF
11E0E0
11E0E1
11E0E2
11E0E3
11E0E4
11E0E5
11E0E6
11E0E7
11E0E7
11E0E8
11E0E9
11E0EA
11E0EB
11E0EC
11E0ED
11E0EE
11E0EF
11E0F0
11E0F1
11E0F1
11E0F2
11E0F3
11E0F4
11E4F5
11E4F6
11E4F7
11E4F7
11E4F8
11E4F9
11E4FA
11E4FB
11E4FC
11E4FC
11E4FD
11E4FE
11E4FF
11E500
11E500
11E501
11E502
11E503
11E504
11E504
11E505
11E506
11E507
11E907
11E908
11E909
11E90A
11E90A
11E90B
11E90C
11E90C
11E90D
11E90E
11E90F
11E90F
11E910
11E911
11E911
11E912
11E913
11E913
11E914
11E915
11E915
11E916
11ED17
11ED17
11ED18
11ED19
11ED19
11ED1A
11ED1A
11ED1B
11ED1C
11ED1C
11ED1D
11ED1D
11ED1E
11ED1F
11ED1F
11ED20
11ED20
11ED21
11ED22
11ED22
11ED23
11F123
11F124
11F124
11F125
11F125
11F126
11F127
11F127
11F128
11F128
11F417
11F418
11F418
11F419
11F419
11F41A
11F41A
11F41B
11F41C
11F41C
11F41D
11F01D
11F01E
11F01E
11F01F
11F01F
11F020
11F021
11F021
11F022
11F022
11F023
11F023
11F024
11F025
11F025
11F026
11F026
11F027
11F028
11F028
11F029
11F02A
11EC2A
11EC2B
11EC2C
11EC2C
11EC2D
11EC2D
11EC2E
11EC2F
11EC30
11EC30
11EC31
11EC32
11EC32
11EC33
11EC34
11EC34
11EC35
11EC36
11EC37
11EC37
11EC38
11EC39
11EC39
11E83A
11E83B
11E83C
11E83C
11E83D
11E83E
11E83F
11E840
11E840
11E841
11E842
11E843
11E844
11E844
11E845
11E846
11E847
11E848
11E848
11E849
11E84A
11E84B
11E84C
11E84D
11E44E
11E44E
11E44F
11E450
11E451
11E452
11E453
11E454
11E455
11E456
11E456
11E457
11E458
11E459
11E45A
11E45B
11E45C
11E45D
11E45E
11E45F
11E460
11E461
11E462
11E463
11E464
11E465
11E466
11E467
11E468
11E069
11E06A
11E06B
11E06C
11E06D
11E06E
11E06F
11E070
11E071
11E072
11E073
11E074
11E075
11E076
11E077
11E078
11E079
11E07A
11E07B
11E07C
11E07D
11E07E
11E07F
11E080
11E081
11E083
11E084
11E085
11E086
11E087
11E088
11E089
11E08A
11E08B
11E08C
11E08D
11E08F
11E090
11E091
11E092
11E093
11E094
11E095
11E096
11E097
11E098
11E09A
11E09B
11E09C
11E09D
11E09E
11E09F
11E0A0
11E0A1
11E0A2
11E0A4
11E0A5
11E0A6
11E0A7
11E0A8
11E0A9
11E0AA
11E0AB
11E0AD
11E0AE
11E0AF
11E0B0
11E0B1
11E0B2
11E0B3
11E0B4
11E0B5
11E0B6
11E0B8
11E0B9
11E0BA
11E0BB
11E0BC
11E0BD
11E0BE
11E0BF
11E0C0
11E0C1
11E0C2
11E0C3
11E0C4
11E0C6
11E0C7
11E0C8
11E0C9
11E0CA
11E0CB
11E0CC
11E0CD
11E0CE
11E0CF
11E0D0
11E0D1
11E0D2
11E0D3
11E0D4
11E0D5
11E0D6
11E0D7
11E0D8
11E0D9
11E4DA
11E4DB
11E4DC
11E4DD
11E4DE
11E4DF
11E4E0
11E4E1
11E4E2
11E4E3
11E4E4
11E4E5
11E4E6
11E4E7
11E4E8
11E4E8
11E4E9
11E4EA
11E4EB
11E4EC
11E4ED
11E4EE
11E4EF
11E4F0
11E4F1
11E4F1
11E4F2
11E4F3
11E4F4
11E8F5
11E8F6
11E8F7
11E8F7
11E8F8
11E8F9
11E8FA
11E8FB
11E8FC
11E8FC
11E8FD
11E8FE
11E8FF
11E900
11E900
11E901
11E902
11E903
11E904
11E904
11E905
11E906
11E907
11E907
11ED08
11ED09
11ED0A
11ED0A
11ED0B
11ED0C
11ED0D
11ED0D
11ED0E
11ED0F
11ED0F
11ED10
11ED11
11ED11
11ED12
11ED13
11ED13
11ED14
11ED15
11ED15
11ED16
11ED17
11ED17
11F118
11F119
11F119
11F11A
11F11A
11F11B
11F11C
11F11C
11F11D
11F11E
11F11E
11F11F
11F11F
11F120
11F120
11F121
11F122
11F122
11F123
11F123
11F124
11F124
11F525
11F525
11F526
11F527
11F527
11F528
11F528
11F817
11F818
11F818
11F819
11F819
11F81A
11F81A
11F41B
11F41C
11F41C
11F41D
11F41D
11F41E
11F41E
11F41F
11F41F
11F420
11F421
11F421
11F422
11F422
11F423
11F423
11F424
11F425
11F425
11F426
11F426
11F427
11F428
11F428
11F029
11F02A
11F02A
11F02B
11F02B
11F02C
11F02D
11F02D
11F02E
11F02F
11F02F
11F030
11F031
11F032
11F032
11F033
11F034
11F034
11F035
11F036
11F036
11F037
11F038
11F039
11EC39
11EC3A
11EC3B
11EC3C
11EC3C
11EC3D
11EC3E
11EC3F
11EC40
11EC40
11EC41
11EC42
11EC43
11EC43
11EC44
11EC45
11EC46
11EC47
11EC48
11EC48
11EC49
11EC4A
11EC4B
11EC4C
11EC4D
11EC4E
11E84E
11E84F
11E850
11E851
11E852
11E853
11E854
11E855
11E855
11E856
11E857
11E858
11E859
11E85A
11E85B
11E85C
11E85D
11E85E
11E85F
11E860
11E861
11E862
11E863
11E864
11E865
11E866
11E867
11E868
11E869
11E86A
11E46B
11E46C
11E46D
11E46E
11E46F
11E470
11E471
11E472
11E473
11E474
11E475
11E476
11E477
11E478
11E479
11E47A
11E47B
11E47C
11E47D
11E47E
11E47F
11E480
11E481
11E482
11E484
11E485
11E486
11E487
11E488
11E489
11E48A
11E48B
11E48C
11E48D
11E48E
11E490
11E491
11E492
11E493
11E494
11E495
11E496
11E497
11E498
11E49A
11E49B
11E49C
11E49D
11E49E
11E49F
11E4A0
11E4A1
11E4A2
11E4A4
11E4A5
11E4A6
11E4A7
11E4A8
11E4A9
11E4AA
11E4AB
11E4AD
11E4AE
11E4AF
11E4B0
11E4B1
11E4B2
11E4B3
11E4B4
11E4B5
11E4B6
11E4B8
11E4B9
11E4BA
11E4BB
11E4BC
11E4BD
11E4BE
11E4BF
11E4C0
11E4C1
11E4C2
11E4C3
11E4C4
11E4C6
11E4C7
11E4C8
11E4C9
11E4CA
11E4CB
11E4CC
11E4CD
11E4CE
11E4CF
11E4D0
11E4D1
11E4D2
11E4D3
11E4D4
11E4D5
11E4D6
11E4D7
11E8D8
11E8D9
11E8DA
11E8DB
11E8DC
11E8DD
11E8DE
11E8DF
11E8E0
11E8E1
11E8E2
11E8E3
11E8E4
11E8E5
11E8E6
11E8E7
11E8E8
11E8E8
11E8E9
11E8EA
11E8EB
11E8EC
11E8ED
11E8EE
11E8EF
11E8F0
11E8F1
11E8F1
11E8F2
11E8F3
11ECF4
11ECF5
11ECF6
11ECF7
11ECF8
11ECF8
11ECF9
11ECFA
11ECFB
11ECFC
11ECFD
11ECFD
11ECFE
11ECFF
11ED00
11ED01
11ED01
11ED02
11ED03
11ED04
11ED04
11ED05
11ED06
11ED07
11ED07
11ED08
11F109
11F10A
11F10A
11F10B
11F10C
11F10D
11F10D
11F10E
11F10F
11F10F
11F110
11F111
11F111
11F112
11F113
11F113
11F114
11F115
11F115
11F116
11F117
11F117
11F118
11F119
11F519
11F51A
11F51B
11F51B
11F51C
11F51C
11F51D
11F51E
11F51E
11F51F
11F51F
11F520
11F520
11F521
11F522
11F522
11F523
11F523
11F524
11F524
11F525
11F526
11F526
11F927
11F927
11F928
11F928
11FC17
11FC18
11FC18
11FC19
11F819
11F81A
11F81A
11F81B
11F81B
11F81C
11F81D
11F81D
11F81E
11F81E
11F81F
11F81F
11F820
11F820
11F821
11F822
11F822
11F823
11F823
11F824
11F825
11F825
11F826
11F826
11F827
11F428
11F428
11F429
11F42A
11F42A
11F42B
11F42B
11F42C
11F42D
11F42D
11F42E
11F42F
11F42F
11F430
11F431
11F431
11F432
11F433
11F434
11F434
11F435
11F436
11F436
11F437
11F438
11F039
11F039
11F03A
11F03B
11F03C
11F03C
11F03D
11F03E
11F03F
11F03F
11F040
11F041
11F042
11F043
11F043
11F044
11F045
11F046
11F047
11F048
11F048
11F049
11F04A
11F04B
11F04C
11F04D
11F04D
11EC4E
11EC4F
11EC50
11EC51
11EC52
11EC53
11EC54
11EC55
11EC55
11EC56
11EC57
11EC58
11EC59
11EC5A
11EC5B
11EC5C
11EC5D
11EC5E
11EC5F
11EC60
11EC61
11EC62
11EC63
11EC64
11EC65
11EC66
11EC67
11EC67
11EC68
11EC69
11EC6A
11EC6B
11EC6C
11E86E
11E86F
11E870
11E871
11E872
11E873
11E874
11E875
11E876
11E877
11E878
11E879
11E87A
11E87B
11E87C
11E87D
11E87E
11E87F
11E880
11E881
11E882
11E884
11E885
11E886
11E887
11E888
11E889
11E88A
11E88B
11E88C
11E88D
11E88E
11E890
11E891
11E892
11E893
11E894
11E895
11E896
11E897
11E898
11E89A
11E89B
11E89C
11E89D
11E89E
11E89F
11E8A0
11E8A1
11E8A2
11E8A4
11E8A5
11E8A6
11E8A7
11E8A8
11E8A9
11E8AA
11E8AB
11E8AD
11E8AE
11E8AF
11E8B0
11E8B1
11E8B2
11E8B3
11E8B4
11E8B5
11E8B6
11E8B8
11E8B9
11E8BA
11E8BB
11E8BC
11E8BD
11E8BE
11E8BF
11E8C0
11E8C1
11E8C2
11E8C3
11E8C5
11E8C6
11E8C7
11E8C8
11E8C9
11E8CA
11E8CB
11E8CC
11E8CD
11E8CE
11E8CF
11E8D0
11E8D1
11E8D2
11E8D3
11E8D4
11ECD5
11ECD6
11ECD7
11ECD8
11ECD9
11ECDA
11ECDB
11ECDC
11ECDD
11ECDE
11ECDF
11ECE0
11ECE1
11ECE2
11ECE3
11ECE4
11ECE5
11ECE6
11ECE7
11ECE8
11ECE9
11ECE9
11ECEA
11ECEB
11ECEC
11ECED
11ECEE
11ECEF
11ECF0
11ECF1
11ECF2
11ECF2
11ECF3
11F0F4
11F0F5
11F0F6
11F0F7
11F0F8
11F0F8
11F0F9
11F0FA
11F0FB
11F0FC
11F0FD
11F0FD
11F0FE
11F0FF
11F100
11F101
11F101
11F102
11F103
11F104
11F104
11F105
11F106
11F107
11F107
11F108
11F109
11F50A
11F50A
11F50B
11F50C
11F50D
11F50D
11F50E
11F50F
11F50F
11F510
11F511
11F511
11F512
11F513
11F514
11F514
11F515
11F515
11F516
11F517
11F517
11F518
11F519
11F519
11F51A
11F91B
11F91B
11F91C
11F91C
11F91D
11F91E
11F91E
11F91F
11F91F
11F920
11F921
11F921
11F922
11F922
11F923
11F923
11F924
11F924
11F925
11F926
11F926
11F927
11F927
11F928
11F928
11FC17
11FC18
11FC18
11FC19
11FC19
11FC1A
11FC1A
11FC1B
11FC1B
11FC1C
11FC1D
11FC1D
11FC1E
11FC1E
11FC1F
11FC1F
11FC20
11FC20
11FC21
11FC22
11FC22
11FC23
11FC23
11FC24
11FC25
11FC25
11FC26
11F826
11F827
11F828
11F828
11F829
11F829
11F82A
11F82B
11F82B
11F82C
11F82D
11F82D
11F82E
11F82F
11F82F
11F830
11F831
11F831
11F832
11F833
11F834
11F834
11F835
11F836
11F836
11F837
11F438
11F439
11F439
11F43A
11F43B
11F43C
11F43C
11F43D
11F43E
11F43F
11F43F
11F440
11F441
11F442
11F443
11F443
11F444
11F445
11F446
11F447
11F448
11F448
11F449
11F44A
11F44B
11F44C
11F44D
11F44D
11F44E
11F04F
11F050
11F051
11F052
11F053
11F054
11F055
11F055
11F056
11F057
11F058
11F059
11F05A
11F05B
11F05C
11F05D
11F05E
11F05F
11F060
11F061
11F062
11F063
11F064
11F065
11F065
11F066
11F067
11F068
11F069
11F06A
11F06B
11F06C
11F06D
11F06F
11F070
11EC71
11EC72
11EC73
11EC74
11EC75
11EC76
11EC77
11EC78
11EC79
11EC7A
11EC7B
11EC7C
11EC7D
11EC7E
11EC7F
11EC80
11EC81
11EC82
11EC84
11EC85
11EC86
11EC87
11EC88
11EC89
11EC8A
11EC8B
11EC8C
11EC8D
11EC8E
11EC90
11EC91
11EC92
11EC93
11EC94
11EC95
11EC96
11EC97
11EC98
11EC9A
11EC9B
11EC9C
11EC9D
11EC9E
11EC9F
11ECA0
11ECA1
11ECA2
11ECA4
11ECA5
11ECA6
11ECA7
11ECA8
11ECA9
11ECAA
11ECAB
11ECAD
11ECAE
11ECAF
11ECB0
11ECB1
11ECB2
11ECB3
11ECB4
11ECB5
11ECB6
11ECB8
11ECB9
11ECBA
11ECBB
11ECBC
11ECBD
11ECBE
11ECBF
11ECC0
11ECC1
11ECC2
11ECC3
11ECC5
11ECC6
11ECC7
11ECC8
11ECC9
11ECCA
11ECCB
11ECCC
11ECCD
11ECCE
11ECCF
11ECD0
11ECD1
11F0D2
11F0D3
11F0D4
11F0D5
11F0D6
11F0D7
11F0D8
11F0D9
11F0DA
11F0DB
11F0DC
11F0DD
11F0DE
11F0DF
11F0E0
11F0E1
11F0E2
11F0E3
11F0E4
11F0E5
11F0E6
11F0E7
11F0E8
11F0E9
11F0E9
11F0EA
11F0EB
11F0EC
11F0ED
11F0EE
11F0EF
11F0F0
11F0F1
11F0F2
11F0F2
11F4F3
11F4F4
11F4F5
11F4F6
11F4F7
11F4F8
11F4F8
11F4F9
11F4FA
11F4FB
11F4FC
11F4FD
11F4FD
11F4FE
11F4FF
11F500
11F501
11F501
11F502
11F503
11F504
11F504
11F505
11F506
11F507
11F508
11F508
11F509
11F50A
11F90A
11F90B
11F90C
11F90D
11F90D
11F90E
11F90F
11F90F
11F910
11F911
11F912
11F912
11F913
11F914
11F914
11F915
11F916
11F916
11F917
11F917
11F918
11F919
11F919
11F91A
11F91B
11F91B
11FD1C
11FD1C
11FD1D
11FD1E
11FD1E
11FD1F
11FD1F
11FD20
11FD21
11FD21
11FD22
11FD22
11FD23
11FD23
11FD24
11FD24
11FD25
11FD26
11FD26
11FD27
11FD27
11FD28
11FD28
120017
120018
120018
120019
120019
12001A
12001A
12001B
12001B
12001C
12001D
12001D
12001E
12001E
12001F
12001F
120020
120020
120021
120022
120022
120023
120023
120024
11FC25
11FC25
11FC26
11FC26
11FC27
11FC28
11FC28
11FC29
11FC29
11FC2A
11FC2B
11FC2B
11FC2C
11FC2D
11FC2D
11FC2E
11FC2F
11FC2F
11FC30
11FC31
11FC31
11FC32
11FC33
11FC34
11FC34
11FC35
11FC36
11FC36
11F837
11F838
11F839
11F839
11F83A
11F83B
11F83C
11F83C
11F83D
11F83E
11F83F
11F83F
11F840
11F841
11F842
11F843
11F843
11F844
11F845
11F846
11F847
11F847
11F848
11F849
11F84A
11F84B
11F84C
11F84D
11F84D
11F84E
11F44F
11F450
11F451
11F452
11F453
11F454
11F454
11F455
11F456
11F457
11F458
11F459
11F45A
11F45B
11F45C
11F45D
11F45E
11F45F
11F460
11F461
11F462
11F463
11F464
11F464
11F465
11F466
11F467
11F468
11F469
11F46A
11F46B
11F46C
11F46D
11F46E
11F470
11F471
11F472
11F473
11F074
11F075
11F076
11F077
11F078
11F079
11F07A
11F07B
11F07C
11F07D
11F07E
11F07F
11F080
11F081
11F082
11F084
11F085
11F086
11F087
11F088
11F089
11F08A
11F08B
11F08C
11F08D
11F08E
11F090
11F091
11F092
11F093
11F094
11F095
11F096
11F097
11F098
11F09A
11F09B
11F09C
11F09D
11F09E
11F09F
11F0A0
11F0A1
11F0A2
11F0A4
11F0A5
11F0A6
11F0A7
11F0A8
11F0A9
11F0AA
11F0AB
11F0AD
11F0AE
11F0AF
11F0B0
11F0B1
11F0B2
11F0B3
11F0B4
11F0B5
11F0B6
11F0B8
11F0B9
11F0BA
11F0BB
11F0BC
11F0BD
11F0BE
11F0BF
11F0C0
11F0C1
11F0C2
11F0C3
11F0C5
11F0C6
11F0C7
11F0C8
11F0C9
11F0CA
11F0CB
11F0CC
11F0CD
11F0CE
11F4CF
11F4D0
11F4D1
11F4D2
11F4D3
11F4D4
11F4D5
11F4D6
11F4D7
11F4D8
11F4D9
11F4DA
11F4DB
11F4DC
11F4DD
11F4DE
11F4DF
11F4E0
11F4E1
11F4E2
11F4E3
11F4E4
11F4E5
11F4E6
11F4E7
11F4E8
11F4E9
11F4E9
11F4EA
11F4EB
11F4EC
11F4ED
11F4EE
11F4EF
11F4F0
11F4F1
11F4F2
11F4F2
11F8F3
11F8F4
11F8F5
11F8F6
11F8F7
11F8F8
11F8F8
11F8F9
11F8FA
11F8FB
11F8FC
11F8FD
11F8FD
11F8FE
11F8FF
11F900
11F901
11F901
11F902
11F903
11F904
11F905
11F905
11F906
11F907
11F908
11F908
11F909
11F90A
11F90A
11FD0B
11FD0C
11FD0D
11FD0D
11FD0E
11FD0F
11FD0F
11FD10
11FD11
11FD12
11FD12
11FD13
11FD14
11FD14
11FD15
11FD16
11FD16
11FD17
11FD17
11FD18
11FD19
11FD19
11FD1A
11FD1B
11FD1B
11FD1C
11FD1C
11FD1D
12011E
12011E
12011F
12011F
120120
120121
120121
120122
120122
120123
120123
120124
120125
120125
120126
120126
120127
120127
120128
120128
120417
120418
120418
120419
120419
12041A
12041A
12041B
12041B
12041C
12041C
12041D
12041E
12041E
12041F
12041F
120420
120420
120421
120422
120422
120023
120023
120024
120024
120025
120026
120026
120027
120028
120028
120029
120029
12002A
12002B
12002B
12002C
12002D
12002D
12002E
12002F
12002F
120030
120031
120031
120032
120033
120033
120034
120035
120036
11FC36
11FC37
11FC38
11FC39
11FC39
11FC3A
11FC3B
11FC3C
11FC3C
11FC3D
11FC3E
11FC3F
11FC3F
11FC40
11FC41
11FC42
11FC43
11FC43
11FC44
11FC45
11FC46
11FC47
11FC47
11FC48
11FC49
11FC4A
11FC4B
11FC4C
11FC4D
11FC4D
11FC4E
11FC4F
11F850
11F851
11F852
11F853
11F854
11F854
11F855
11F856
11F857
11F858
11F859
11F85A
11F85B
11F85C
11F85D
11F85E
11F85F
11F860
11F861
11F862
11F863
11F863
11F864
11F865
11F866
11F867
11F868
11F869
11F86A
11F86B
11F86C
11F86D
11F86E
11F86F
11F871
11F872
11F873
11F874
11F875
11F876
11F877
11F878
11F479
11F47A
11F47B
11F47C
11F47D
11F47E
11F47F
11F480
11F481
11F482
11F484
11F485
11F486
11F487
11F488
11F489
11F48A
11F48B
11F48C
11F48D
11F48E
11F490
11F491
11F492
11F493
11F494
11F495
11F496
11F497
11F498
11F49A
11F49B
11F49C
11F49D
11F49E
11F49F
11F4A0
11F4A1
11F4A2
11F4A4
11F4A5
11F4A6
11F4A7
11F4A8
11F4A9
11F4AA
11F4AB
11F4AD
11F4AE
11F4AF
11F4B0
11F4B1
11F4B2
11F4B3
11F4B4
11F4B5
11F4B6
11F4B8
11F4B9
11F4BA
11F4BB
11F4BC
11F4BD
11F4BE
11F4BF
11F4C0
11F4C1
11F4C2
11F4C3
11F4C5
11F4C6
11F4C7
11F4C8
11F4C9
11F8CA
11F8CB
11F8CC
11F8CD
11F8CE
11F8CF
11F8D0
11F8D1
11F8D2
11F8D3
11F8D4
11F8D5
11F8D6
11F8D7
11F8D8
11F8D9
11F8DA
11F8DB
11F8DC
11F8DD
11F8DE
11F8DF
11F8E0
11F8E1
11F8E2
11F8E3
11F8E4
11F8E5
11F8E6
11F8E7
11F8E8
11F8E9
11F8EA
11F8EA
11F8EB
11F8EC
11F8ED
11F8EE
11F8EF
11F8F0
11F8F1
11F8F2
11FCF2
11FCF3
11FCF4
11FCF5
11FCF6
11FCF7
11FCF8
11FCF8
11FCF9
11FCFA
11FCFB
11FCFC
11FCFD
11FCFD
11FCFE
11FCFF
11FD00
11FD01
11FD01
11FD02
11FD03
11FD04
11FD05
11FD05
11FD06
11FD07
11FD08
11FD08
11FD09
11FD0A
11FD0B
11FD0B
12010C
12010D
12010D
12010E
12010F
120110
120110
120111
120112
120112
120113
120114
120114
120115
120116
120116
120117
120118
120118
120119
120119
12011A
12011B
12011B
12011C
12011C
12011D
12011E
12011E
12011F
12051F
120520
120521
120521
120522
120522
120523
120523
120524
120525
120525
120526
120526
120527
120527
120528
120528
120817
120818
120818
120819
120819
12081A
12081A
12081B
12081B
12081C
12081C
12081D
12081E
12081E
12081F
12081F
120820
120820
120421
120422
120422
120423
120423
120424
120424
120425
120426
120426
120427
120428
120428
120429
120429
12042A
12042B
12042B
12042C
12042D
12042D
12042E
12042F
12042F
120430
120431
120431
120432
120433
120433
120434
120435
120036
120036
120037
120038
120039
120039
12003A
12003B
12003C
12003C
12003D
12003E
12003F
12003F
120040
120041
120042
120043
120043
120044
120045
120046
120047
120047
120048
120049
12004A
12004B
12004C
12004D
12004D
12004E
12004F
120050
11FC51
11FC52
11FC53
11FC54
11FC54
11FC55
11FC56
11FC57
11FC58
11FC59
11FC5A
11FC5B
11FC5C
11FC5D
11FC5E
11FC5F
11FC60
11FC61
11FC62
11FC63
11FC63
11FC64
11FC65
11FC66
11FC67
11FC68
11FC69
11FC6A
11FC6B
11FC6C
11FC6D
11FC6E
11FC6F
11FC70
11FC72
11FC73
11FC74
11FC75
11FC76
11FC77
11FC78
11FC79
11FC7A
11FC7B
11FC7C
11FC7D
11FC7E
11F87F
11F880
11F881
11F882
11F884
11F885
11F886
11F887
11F888
11F889
11F88A
11F88B
11F88C
11F88D
11F88E
11F890
11F891
11F892
11F893
11F894
11F895
11F896
11F897
11F898
11F89A
11F89B
11F89C
11F89D
11F89E
11F89F
11F8A0
11F8A1
11F8A2
11F8A4
11F8A5
11F8A6
11F8A7
11F8A8
11F8A9
11F8AA
11F8AB
11F8AD
11F8AE
11F8AF
11F8B0
11F8B1
11F8B2
11F8B3
11F8B4
11F8B5
11F8B6
11F8B8
11F8B9
11F8BA
11F8BB
11F8BC
11F8BD
11F8BE
11F8BF
11F8C0
11F8C1
11F8C2
11FCC4
11FCC5
11FCC6
11FCC7
11FCC8
11FCC9
11FCCA
11FCCB
11FCCC
11FCCD
11FCCE
11FCCF
11FCD0
11FCD1
11FCD2
11FCD3
11FCD4
11FCD5
11FCD6
11FCD7
11FCD8
11FCD9
11FCDA
11FCDB
11FCDC
11FCDD
11FCDE
11FCDF
11FCE0
11FCE1
11FCE2
11FCE3
11FCE4
11FCE5
11FCE6
11FCE7
11FCE8
11FCE9
11FCEA
11FCEA
11FCEB
11FCEC
11FCED
11FCEE
11FCEF
11FCF0
11FCF1
1200F2
1200F3
1200F3
1200F4
1200F5
1200F6
1200F7
1200F8
1200F9
1200F9
1200FA
1200FB
1200FC
1200FD
1200FD
1200FE
1200FF
120100
120101
120101
120102
120103
120104
120105
120105
120106
120107
120108
120108
120109
12010A
12010B
12010B
12010C
12050D
12050D
12050E
12050F
120510
120510
120511
120512
120512
120513
120514
120514
120515
120516
120516
120517
120518
120518
120519
120519
12051A
12051B
12051B
12051C
12051D
12051D
12051E
12051E
12051F
12051F
120520
120521
120921
120922
120922
120923
120923
120924
120925
120925
120926
120926
120927
120927
120928
120928
120C17
120C18
120C18
120C19
120C19
120C1A
120C1A
120C1B
120C1B
120C1C
120C1C
120C1D
120C1E
120C1E
12081F
12081F
120820
120820
120821
120821
120822
120823
120823
120824
120824
120825
120826
120826
120827
120827
120828
120829
120829
12082A
12082B
12082B
12082C
12082D
12082D
12082E
12082F
12082F
120830
120831
120831
120832
120833
120833
120434
120435
120436
120436
120437
120438
120438
120439
12043A
12043B
12043B
12043C
12043D
12043E
12043F
12043F
120440
120441
120442
120443
120443
120444
120445
120446
120447
120447
120448
120449
12044A
12044B
12044C
12044C
12044D
12044E
12044F
120450
120451
120052
120053
120054
120054
120055
120056
120057
120058
120059
12005A
12005B
12005C
12005D
12005E
12005F
120060
120061
120062
120062
120063
120064
120065
120066
120067
120068
120069
12006A
12006B
12006C
12006D
12006E
12006F
120070
120072
120073
120074
120075
120076
120077
120078
120079
12007A
12007B
12007C
12007D
12007E
12007F
120080
120081
120082
120084
120085
120086
120087
11FC88
11FC89
11FC8A
11FC8B
11FC8C
11FC8D
11FC8E
11FC90
11FC91
11FC92
11FC93
11FC94
11FC95
11FC96
11FC97
11FC98
11FC9A
11FC9B
11FC9C
11FC9D
11FC9E
11FC9F
11FCA0
11FCA1
11FCA2
11FCA4
11FCA5
11FCA6
11FCA7
11FCA8
11FCA9
11FCAA
11FCAB
11FCAD
11FCAE
11FCAF
11FCB0
11FCB1
11FCB2
11FCB3
11FCB4
11FCB5
11FCB6
11FCB8
11FCB9
11FCBA
1200BB
1200BC
1200BD
1200BE
1200BF
1200C0
1200C1
1200C2
1200C4
1200C5
1200C6
1200C7
1200C8
1200C9
1200CA
1200CB
1200CC
1200CD
1200CE
1200CF
1200D0
1200D1
1200D2
1200D3
1200D4
1200D5
1200D6
1200D7
1200D8
1200D9
1200DA
1200DB
1200DC
1200DD
1200DE
1200DF
1200E0
1200E1
1200E2
1200E3
1200E4
1200E5
1200E6
1200E7
1200E8
1200E9
1200EA
1200EA
1200EB
1200EC
1200ED
1200EE
1200EF
1200F0
1204F1
1204F2
1204F3
1204F3
1204F4
1204F5
1204F6
1204F7
1204F8
1204F9
1204F9
1204FA
1204FB
1204FC
1204FD
1204FD
1204FE
1204FF
120500
120501
120501
120502
120503
120504
120505
120505
120506
120507
120508
120508
120509
12050A
12050B
12050B
12050C
12050D
12050D
12090E
12090F
120910
120910
120911
120912
120912
120913
120914
120914
120915
120916
120916
120917
120918
120918
120919
120919
12091A
12091B
12091B
12091C
12091D
12091D
12091E
12091E
12091F
120920
120920
120921
120921
120922
120922
120923
120D24
120D24
120D25
120D25
120D26
120D26
120D27
120D27
120D28
120D28
121017
121018
121018
121019
121019
12101A
12101A
12101B
12101B
120C1C
120C1C
120C1D
120C1E
120C1E
120C1F
120C1F
120C20
120C20
120C21
120C21
120C22
120C23
120C23
120C24
120C24
120C25
120C26
120C26
120C27
120C27
120C28
120C29
120C29
120C2A
120C2B
120C2B
120C2C
120C2D
120C2D
120C2E
120C2F
120C2F
120C30
120C31
120C31
120C32
120C33
120833
120834
120835
120836
120836
120837
120838
120838
120839
12083A
12083B
12083B
12083C
12083D
12083E
12083F
12083F
120840
120841
120842
120842
120843
120844
120845
120846
120847
120847
120848
120849
12084A
12084B
12084C
12084C
12084D
12084E
12084F
120850
120851
120852
120453
120454
120454
120455
120456
120457
120458
120459
12045A
12045B
12045C
12045D
12045E
12045F
120460
120461
120461
120462
120463
120464
120465
120466
120467
120468
120469
12046A
12046B
12046C
12046D
12046E
12046F
120470
120471
120473
120474
120475
120476
120477
120478
120479
12047A
12047B
12047C
12047D
12047E
12047F
120480
120481
120482
120483
120485
120486
120487
120488
120489
12048A
12048B
12048C
12048D
12048E
120490
120491
120492
120493
120494
120495
120496
120497
120498
12049A
12049B
12049C
12009D
12009E
12009F
1200A0
1200A1
1200A2
1200A4
1200A5
1204A6
1204A7
1204A8
1204A9
1204AA
1204AB
1204AD
1204AE
1204AF
1204B0
1204B1
1204B2
1204B3
1204B4
1204B5
1204B6
1204B8
1204B9
1204BA
1204BB
1204BC
1204BD
1204BE
1204BF
1204C0
1204C1
1204C2
1204C4
1204C5
1204C6
1204C7
1204C8
1204C9
1204CA
1204CB
1204CC
1204CD
1204CE
1204CF
1204D0
1204D1
1204D2
1204D3
1204D4
1204D5
1204D6
1204D7
1204D8
1204D9
1204DA
1204DB
1204DC
1204DD
1204DE
1204DF
1204E0
1204E1
1204E2
1204E3
1204E4
1204E5
1204E6
1204E7
1204E8
1204E9
1204EA
1204EA
1204EB
1204EC
1204ED
1204EE
1204EF
1208F0
1208F1
1208F2
1208F3
1208F3
1208F4
1208F5
1208F6
1208F7
1208F8
1208F9
1208F9
1208FA
1208FB
1208FC
1208FD
1208FE
1208FE
1208FF
120900
120901
120902
120902
120903
120904
120905
120905
120906
120907
120908
120908
120909
12090A
12090B
12090B
12090C
12090D
12090D
12090E
120D0F
120D10
120D10
120D11
120D12
120D12
120D13
120D14
120D14
120D15
120D16
120D16
120D17
120D18
120D18
120D19
120D19
120D1A
120D1B
120D1B
120D1C
120D1D
120D1D
120D1E
120D1E
120D1F
120D20
120D20
120D21
120D21
120D22
120D22
120D23
120D24
120D24
120D25
120D25
120D26
121126
121127
121127
121128
121128
121417
121418
121418
121419
121019
12101A
12101A
12101B
12101B
12101C
12101C
12101D
12101D
12101E
12101F
12101F
121020
121020
121021
121021
121022
121023
121023
121024
121024
121025
121026
121026
121027
121027
121028
121029
121029
12102A
12102B
12102B
12102C
12102D
12102D
12102E
12102F
12102F
121030
121031
121031
120C32
120C33
120C33
120C34
120C35
120C36
120C36
120C37
120C38
120C38
120C39
120C3A
120C3B
120C3B
120C3C
120C3D
120C3E
120C3F
120C3F
120C40
120C41
120C42
120C42
120C43
120C44
120C45
120C46
120C47
120C47
120C48
120C49
120C4A
120C4B
120C4C
120C4C
120C4D
120C4E
120C4F
120C50
120C51
120C52
120C53
120C53
120854
120855
120856
120857
120858
120859
12085A
12085B
12085C
12085D
12085E
12085F
120860
120861
120861
120862
120863
120864
120865
120866
120867
120868
120869
12086A
12086B
12086C
12086D
12086E
12086F
120870
120871
120873
120874
120875
120876
120877
120878
120879
12087A
12087B
12087C
12087D
12087E
12087F
120880
120881
120882
120883
120885
120886
120887
120888
120889
12088A
12088B
12088C
12088D
12088E
120890
120891
120892
120893
120894
120895
120896
120897
120898
12089A
12089B
12089C
12089D
12089E
12089F
1208A0
1208A1
1208A2
1208A4
1208A5
1208A6
1208A7
1208A8
1208A9
1208AA
1208AB
1208AD
1208AE
1208AF
1208B0
1208B1
1208B2
1208B3
1208B4
1208B5
1208B7
1208B8
1208B9
1208BA
1208BB
1208BC
1208BD
1208BE
1208BF
1208C0
1208C1
1208C2
1208C4
1208C5
1208C6
1208C7
1208C8
1208C9
1208CA
1208CB
1208CC
1208CD
1208CE
1208CF
1208D0
1208D1
1208D2
1208D3
1208D4
1208D5
1208D6
1208D7
1208D8
1208D9
1208DA
1208DB
1208DC
1208DD
1208DE
1208DF
1208E0
1208E1
1208E2
1208E3
1208E4
1208E5
1208E6
1208E7
1208E8
1208E9
1208EA
1208EB
1208EB
1208EC
1208ED
120CEE
120CEF
120CF0
120CF1
120CF2
120CF3
120CF3
120CF4
120CF5
120CF6
120CF7
120CF8
120CF9
120CF9
120CFA
120CFB
120CFC
120CFD
120CFE
120CFE
120CFF
120D00
120D01
120D02
120D02
120D03
120D04
120D05
120D05
120D06
120D07
120D08
120D08
120D09
120D0A
120D0B
120D0B
120D0C
120D0D
120D0D
120D0E
120D0F
120D10
121110
121111
121112
121112
121113
121114
121114
121115
121116
121116
121117
121118
121118
121119
12111A
12111A
12111B
12111B
12111C
12111D
12111D
12111E
12111E
12111F
121120
121120
121121
121121
121122
121122
121123
121124
121124
121125
121125
121126
121126
121127
121127
121128
121128
121417
121418
121418
121419
121419
12141A
12141A
12141B
12141B
12141C
12141C
12141D
12141D
12141E
12141F
12141F
121420
121420
121421
121421
121422
121423
121423
121424
121424
121425
121426
121426
121427
121427
121428
121429
121429
12142A
12142B
12142B
12142C
12142D
12142D
12142E
12142F
12142F
121030
121031
121031
121032
121033
121033
121034
121035
121036
121036
121037
121038
121038
121039
12103A
12103B
12103B
12103C
12103D
12103E
12103F
12103F
121040
121041
121042
121042
121043
121044
121045
121046
121047
121047
121048
121049
12104A
12104B
12104C
12104C
12104D
12104E
12104F
121050
121051
121052
121053
121053
121054
121055
120C56
120C57
120C58
120C59
120C5A
120C5B
120C5C
120C5D
120C5E
120C5F
120C60
120C61
120C61
120C62
120C63
120C64
120C65
120C66
120C67
120C68
120C69
120C6A
120C6B
120C6C
120C6D
120C6E
120C6F
120C70
120C71
120C73
120C74
120C75
120C76
120C77
120C78
120C79
120C7A
120C7B
120C7C
120C7D
120C7E
120C7F
120C80
120C81
120C82
120C83
120C85
120C86
120C87
120C88
120C89
120C8A
120C8B
120C8C
120C8D
120C8E
120C90
120C91
120C92
120C93
120C94
120C95
120C96
120C97
120C98
120C9A
120C9B
120C9C
120C9D
120C9E
120C9F
120CA0
120CA1
120CA2
120CA4
120CA5
120CA6
120CA7
120CA8
120CA9
120CAA
120CAB
120CAD
120CAE
120CAF
120CB0
120CB1
120CB2
120CB3
120CB4
120CB5
120CB7
120CB8
120CB9
120CBA
120CBB
120CBC
120CBD
120CBE
120CBF
120CC0
120CC1
120CC2
120CC4
120CC5
120CC6
120CC7
120CC8
120CC9
120CCA
120CCB
120CCC
120CCD
120CCE
120CCF
120CD0
120CD1
120CD2
120CD3
120CD4
120CD5
120CD6
120CD7
120CD8
120CD9
120CDA
120CDB
120CDC
120CDD
120CDE
120CDF
120CE0
120CE1
120CE2
120CE3
120CE4
120CE5
120CE6
120CE7
120CE8
120CE9
120CEA
120CEB
120CEB
1210EC
1210ED
1210EE
1210EF
1210F0
1210F1
1210F2
1210F3
1210F3
1210F4
1210F5
1210F6
1210F7
1210F8
1210F9
1210F9
1210FA
1210FB
1210FC
1210FD
1210FE
1210FE
1210FF
121100
121101
121102
121102
121103
121104
121105
121105
121106
121107
121108
121108
121109
12110A
12110B
12110B
12110C
12110D
12110E
12110E
12110F
121110
121110
121111
121112
121512
121513
121514
121514
121515
121516
121516
121517
121518
121518
121519
12151A
12151A
12151B
12151B
12151C
12151D
12151D
12151E
12151E
12151F
121520
121520
121521
121521
121522
121522
121523
121524
121524
121525
121525
121526
121526
121527
121527
121528
121528
121817
121818
121818
121819
121819
12181A
12181A
12181B
12181B
12181C
12181C
12181D
12181D
12181E
12181F
12181F
121820
121820
121821
121821
121822
121823
121823
121824
121824
121825
121826
121826
121827
121827
121828
121829
121829
12182A
12182B
12182B
12182C
12182D
12182D
12142E
12142F
12142F
121430
121431
121431
121432
121433
121433
121434
121435
121435
121436
121437
121438
121438
121439
12143A
12143B
12143B
12143C
12143D
12143E
12143E
12143F
121440
121441
121442
121442
121443
121444
121445
121446
121447
121447
121448
121449
12144A
12144B
12144C
12144C
12144D
12144E
12144F
121450
121451
121452
121453
121453
121454
121455
121456
121457
121058
121059
12105A
12105B
12105C
12105D
12105E
12105F
121060
121060
121061
121062
121063
121064
121065
121066
121067
121068
121069
12106A
12106B
12106C
12106D
12106E
12106F
121070
121071
121072
121074
121075
121076
121077
121078
121079
12107A
12107B
12107C
12107D
12107E
12107F
121080
121081
121082
121083
121085
121086
121087
121088
121089
12108A
12108B
12108C
12108D
12108E
121090
121091
121092
121093
121094
121095
121096
121097
121098
12109A
12109B
12109C
12109D
12109E
12109F
1210A0
1210A1
1210A2
1210A4
1210A5
1210A6
1210A7
1210A8
1210A9
1210AA
1210AB
1210AD
1210AE
1210AF
1210B0
1210B1
1210B2
1210B3
1210B4
1210B5
1210B7
1210B8
1210B9
1210BA
1210BB
1210BC
1210BD
1210BE
1210BF
1210C0
1210C1
1210C2
1210C4
1210C5
1210C6
1210C7
1210C8
1210C9
1210CA
1210CB
1210CC
1210CD
1210CE
1210CF
1210D0
1210D1
1210D2
1210D3
1210D4
1210D5
1210D6
1210D7
1210D8
1210D9
1210DA
1210DB
1210DC
1210DD
1210DE
1210DF
1210E0
1210E1
1210E2
1210E3
1210E4
1210E5
1210E6
1210E7
1210E8
1210E9
1210EA
1214EB
1214EB
1214EC
1214ED
1214EE
1214EF
1214F0
1214F1
1214F2
1214F3
1214F3
1214F4
1214F5
1214F6
1214F7
1214F8
1214F9
1214F9
1214FA
1214FB
1214FC
1214FD
1214FE
1214FE
1214FF
121500
121501
121502
121502
121503
121504
121505
121505
121506
121507
121508
121508
121509
12150A
12150B
12150B
12150C
12150D
12150E
12150E
12150F
121510
121510
121511
121512
121512
121513
121914
121914
121915
121916
121916
121917
121918
121918
121919
12191A
12191A
12191B
12191B
12191C
12191D
12191D
12191E
12191E
12191F
121920
121920
121921
121921
121922
121922
121923
121924
121924
121925
121925
121926
121926
121927
121927
121928
121928
121C17
121C18
121C18
121C19
121C19
121C1A
121C1A
121C1B
121C1B
121C1C
121C1C
121C1D
121C1D
121C1E
121C1F
121C1F
121C20
121C20
121C21
121C21
121C22
121C23
121C23
121C24
121C24
121C25
121C26
121C26
121C27
121C27
121C28
121C29
121C29
121C2A
121C2B
121C2B
12182C
12182D
12182D
12182E
12182F
12182F
121830
121831
121831
121832
121833
121833
121834
121835
121835
121836
121837
121838
121838
121839
12183A
12183B
12183B
12183C
12183D
12183E
12183E
12183F
121840
121841
121842
121842
121843
121844
121845
121846
121846
121847
121848
121849
12184A
12184B
12184C
12184C
12184D
12184E
12184F
121850
121851
121852
121853
121853
121854
121855
121856
121857
121858
121859
12185A
12145B
12145C
12145D
12145E
12145F
121460
121460
121461
121462
121463
121464
121465
121466
121467
121468
121469
12146A
12146B
12146C
12146D
12146E
12146F
121470
121471
121472
121474
121475
121476
121477
121478
121479
12147A
12147B
12147C
12147D
12147E
12147F
121480
121481
121482
121483
121485
121486
121487
121488
121489
12148A
12148B
12148C
12148D
12148E
121490
121491
121492
121493
121494
121495
121496
121497
121498
12149A
12149B
12149C
12149D
12149E
12149F
1214A0
1214A1
1214A2
1214A4
1214A5
1214A6
1214A7
1214A8
1214A9
1214AA
1214AB
1214AD
1214AE
1214AF
1214B0
1214B1
1214B2
1214B3
1214B4
1214B5
1214B7
1214B8
1214B9
1214BA
1214BB
1214BC
1214BD
1214BE
1214BF
1214C0
1214C1
1214C2
1214C4
1214C5
1214C6
1214C7
1214C8
1214C9
1214CA
1214CB
1214CC
1214CD
1214CE
1214CF
1214D0
1214D1
1214D2
1214D3
1214D4
1214D5
1214D6
1214D7
1214D8
1214D9
1214DA
1214DB
1214DC
1214DD
1214DE
1214DF
1214E0
1214E1
1214E2
1214E3
1214E4
1214E5
1214E6
1214E7
1218E8
1218E9
1218EA
1218EB
1218EB
1218EC
1218ED
1218EE
1218EF
1218F0
1218F1
1218F2
1218F3
1218F3
1218F4
1218F5
1218F6
1218F7
1218F8
1218F9
1218F9
1218FA
1218FB
1218FC
1218FD
1218FE
1218FE
1218FF
121900
121901
121902
121902
121903
121904
121905
121905
121906
121907
121908
121908
121909
12190A
12190B
12190B
12190C
12190D
12190E
12190E
12190F
121910
121910
121911
121912
121912
121913
121914
121914
121915
121916
121D16
121D17
121D18
121D18
121D19
121D1A
121D1A
121D1B
121D1B
121D1C
121D1D
121D1D
121D1E
121D1E
121D1F
121D20
121D20
121D21
121D21
121D22
121D22
121D23
121D24
121D24
121D25
121D25
121D26
121D26
121D27
121D27
121D28
121D28
122017
122018
122018
122019
122019
12201A
12201A
12201B
12201B
12201C
12201C
12201D
12201D
12201E
12201F
12201F
122020
122020
122021
122021
122022
122023
122023
122024
122024
122025
122026
122026
122027
122027
122028
121C29
121C29
121C2A
121C2B
121C2B
121C2C
121C2D
121C2D
121C2E
121C2F
121C2F
121C30
121C31
121C31
121C32
121C33
121C33
121C34
121C35
121C35
121C36
121C37
121C38
121C38
121C39
121C3A
121C3B
121C3B
121C3C
121C3D
121C3E
121C3E
121C3F
121C40
121C41
121C42
121C42
121C43
121C44
121C45
121C46
121C46
121C47
121C48
121C49
121C4A
121C4B
121C4C
121C4C
121C4D
121C4E
121C4F
121C50
121C51
121C52
121C53
121C53
121C54
121C55
121C56
121C57
121C58
121C59
121C5A
121C5B
121C5C
121C5D
121C5E
121C5F
121860
121860
121861
121862
121863
121864
121865
121866
121867
121868
121869
12186A
12186B
12186C
12186D
12186E
12186F
121870
121871
121872
121874
121875
121876
121877
121878
121879
12187A
12187B
12187C
12187D
12187E
12187F
121880
121881
121882
121883
121885
121886
121887
121888
121889
12188A
12188B
12188C
12188D
12188E
121890
121891
121892
121893
121894
121895
121896
121897
121898
12189A
12189B
12189C
12189D
12189E
12189F
1218A0
1218A1
1218A2
1218A4
1218A5
1218A6
1218A7
1218A8
1218A9
1218AA
1218AB
1218AD
1218AE
1218AF
1218B0
1218B1
1218B2
1218B3
1218B4
1218B5
1218B7
1218B8
1218B9
1218BA
1218BB
1218BC
1218BD
1218BE
1218BF
1218C0
1218C1
1218C2
1218C4
1218C5
1218C6
1218C7
1218C8
1218C9
1218CA
1218CB
1218CC
1218CD
1218CE
1218CF
1218D0
1218D1
1218D2
1218D3
1218D4
1218D5
1218D6
1218D7
1218D8
1218D9
1218DA
1218DB
1218DC
1218DD
1218DE
1218DF
1218E0
1218E1
1218E2
121CE3
121CE4
121CE5
121CE6
121CE7
121CE8
121CE9
121CEA
121CEB
121CEB
121CEC
121CED
121CEE
121CEF
121CF0
121CF1
121CF2
121CF3
121CF3
121CF4
121CF5
121CF6
121CF7
121CF8
121CF9
121CF9
121CFA
121CFB
121CFC
121CFD
121CFE
121CFE
121CFF
121D00
121D01
121D02
121D02
121D03
121D04
121D05
121D05
121D06
121D07
121D08
121D08
121D09
121D0A
121D0B
121D0B
121D0C
121D0D
121D0E
121D0E
121D0F
121D10
121D10
121D11
121D12
121D12
121D13
121D14
121D14
121D15
121D16
121D16
121D17
121D18
121D18
122119
12211A
12211A
12211B
12211B
12211C
12211D
12211D
12211E
12211E
12211F
122120
122120
122121
122121
122122
122122
122123
122124
122124
122125
122125
122126
122126
122127
122127
122128
122128
122417
122418
122418
122419
122419
12241A
12241A
12241B
12241B
12241C
12241C
12241D
12241D
12241E
12241F
12241F
122420
122420
122421
122421
122422
122423
122423
122424
122424
122425
122026
122026
122027
122027
122028
122029
122029
12202A
12202B
12202B
12202C
12202C
12202D
12202E
12202E
12202F
122030
122031
122031
122032
122033
122033
122034
122035
122035
122036
122037
122038
122038
122039
12203A
12203B
12203B
12203C
12203D
12203E
12203E
12203F
122040
122041
122042
122042
122043
122044
122045
122046
122046
122047
122048
122049
12204A
12204B
12204C
12204C
12204D
12204E
12204F
122050
122051
122052
122053
122053
122054
122055
122056
122057
122058
122059
12205A
12205B
12205C
12205D
12205E
12205F
12205F
122060
122061
122062
122063
121C64
121C65
121C66
121C67
121C68
121C69
121C6A
121C6B
121C6C
121C6D
121C6E
121C6F
121C70
121C71
121C72
121C74
121C75
121C76
121C77
121C78
121C79
121C7A
121C7B
121C7C
121C7D
121C7E
121C7F
121C80
121C81
121C82
121C83
121C85
121C86
121C87
121C88
121C89
121C8A
121C8B
121C8C
121C8D
121C8E
121C90
121C91
121C92
121C93
121C94
121C95
121C96
121C97
121C98
121C9A
121C9B
121C9C
121C9D
121C9E
121C9F
121CA0
121CA1
121CA2
121CA4
121CA5
121CA6
121CA7
121CA8
121CA9
121CAA
121CAB
121CAD
121CAE
121CAF
121CB0
121CB1
121CB2
121CB3
121CB4
121CB5
121CB7
121CB8
121CB9
121CBA
121CBB
121CBC
121CBD
121CBE
121CBF
121CC0
121CC1
121CC2
121CC4
121CC5
121CC6
121CC7
121CC8
121CC9
121CCA
121CCB
121CCC
121CCD
121CCE
121CCF
121CD0
121CD1
121CD2
121CD3
121CD4
121CD5
121CD6
121CD7
121CD8
121CD9
121CDA
121CDB
121CDC
1220DD
1220DE
1220DF
1220E0
1220E1
1220E2
1220E3
1220E4
1220E5
1220E6
1220E7
1220E8
1220E9
1220EA
1220EB
1220EB
1220EC
1220ED
1220EE
1220EF
1220F0
1220F1
1220F2
1220F3
1220F4
1220F4
1220F5
1220F6
1220F7
1220F8
1220F9
1220F9
1220FA
1220FB
1220FC
1220FD
1220FE
1220FE
1220FF
122100
122101
122102
122102
122103
122104
122105
122105
122106
122107
122108
122108
122109
12210A
12210B
12210B
12210C
12210D
12210E
12210E
12210F
122110
122110
122111
122112
122112
122113
122114
122114
122115
122116
122116
122117
122118
122118
122119
12211A
12211A
12211B
12211B
12211C
12251D
12251D
12251E
12251E
12251F
122520
122520
122521
122521
122522
122523
122523
122524
122524
122525
122525
122526
122526
122527
122527
122528
122528
122817
122818
122818
122819
122819
12281A
12281A
12281B
12281B
12281C
12281C
12281D
12281D
12281E
12281F
12281F
122820
122820
122421
122421
122422
122423
122423
122424
122424
122425
122426
122426
122427
122427
122428
122429
122429
12242A
12242B
12242B
12242C
12242C
12242D
12242E
12242E
12242F
122430
122431
122431
122432
122433
122433
122434
122435
122435
122436
122437
122438
122438
122439
12243A
12243B
12243B
12243C
12243D
12243E
12243E
12243F
122440
122441
122442
122442
122443
122444
122445
122446
122446
122447
122448
122449
12244A
12244B
12244C
12244C
12244D
12244E
12244F
122450
122451
122452
122453
122453
122454
122455
122456
122457
122458
122459
12245A
12245B
12245C
12245D
12245E
12245F
12245F
122460
122461
122462
122463
122464
122465
122466
122467
122468
122469
12246A
12246B
12246C
12206D
12206E
12206F
122070
122071
122072
122073
122075
122076
122077
122078
122079
12207A
12207B
12207C
12207D
12207E
12207F
122080
122081
122082
122083
122085
122086
122087
122088
122089
12208A
12208B
12208C
12208D
12208E
122090
122091
122092
122093
122094
122095
122096
122097
122098
12209A
12209B
12209C
12209D
12209E
12209F
1220A0
1220A1
1220A2
1220A4
1220A5
1220A6
1220A7
1220A8
1220A9
1220AA
1220AB
1220AD
1220AE
1220AF
1220B0
1220B1
1220B2
1220B3
1220B4
1220B5
1220B7
1220B8
1220B9
1220BA
1220BB
1220BC
1220BD
1220BE
1220BF
1220C0
1220C1
1220C3
1220C4
1220C5
1220C6
1220C7
1220C8
1220C9
1220CA
1220CB
1220CC
1220CD
1220CE
1220CF
1220D0
1220D1
1220D2
1220D3
1220D4
1224D5
1224D6
1224D7
1224D8
1224D9
1224DA
1224DB
1224DC
1224DD
1224DE
1224DF
1224E0
1224E1
1224E2
1224E3
1224E4
1224E5
1224E6
1224E7
1224E8
1224E9
1224EA
1224EB
1224EB
1224EC
1224ED
1224EE
1224EF
1224F0
1224F1
1224F2
1224F3
1224F4
1224F4
1224F5
1224F6
1224F7
1224F8
1224F9
1224F9
1224FA
1224FB
1224FC
1224FD
1224FE
1224FE
1224FF
122500
122501
122502
122502
122503
122504
122505
122505
122506
122507
122508
122508
122509
12250A
12250B
12250B
12250C
12250D
12250E
12250E
12250F
122510
122510
122511
122512
122512
122513
122514
122514
122515
122516
122516
122517
122518
122518
122519
12251A
12251A
12251B
12251B
12251C
12251D
12251D
12251E
12251E
12251F
122520
122520
122521
122921
122922
122923
122923
122924
122924
122925
122925
122926
122926
122927
122927
122928
122928
122C17
122C18
122C18
122C19
122C19
12281A
12281A
12281B
12281B
12281C
12281C
12281D
12281D
12281E
12281E
12281F
122820
122820
122821
122821
122822
122823
122823
122824
122824
122825
122826
122826
122827
122827
122828
122829
122829
12282A
12282B
12282B
12282C
12282C
12282D
12282E
12282E
12282F
122830
122831
122831
122832
122833
122833
122834
122835
122835
122836
122837
122838
122838
122839
12283A
12283B
12283B
12283C
12283D
12283E
12283E
12283F
122840
122841
122842
122842
122843
122844
122845
122846
122846
122847
122848
122849
12284A
12284B
12284B
12284C
12284D
12284E
12284F
122850
122851
122852
122853
122853
122854
122855
122856
122857
122858
122859
12285A
12285B
12285C
12285D
12285E
12285F
12285F
122860
122861
122862
122863
122864
122865
122866
122867
122868
122869
12286A
12286B
12286C
12286D
12286E
12286F
122870
122871
122872
122873
122875
122876
122877
122878
122879
12287A
12287B
12287C
12287D
12287E
12247F
122480
122481
122482
122483
122485
122486
122487
122488
122489
12248A
12248B
12248C
12248D
12248E
122490
122491
122492
122493
122494
122495
122496
122497
122498
12249A
12249B
12249C
12249D
12249E
12249F
1224A0
1224A1
1224A2
1224A4
1224A5
1224A6
1224A7
1224A8
1224A9
1224AA
1224AB
1224AD
1224AE
1224AF
1224B0
1224B1
1224B2
1224B3
1224B4
1224B5
1224B7
1224B8
1224B9
1224BA
1224BB
1224BC
1224BD
1224BE
1224BF
1224C0
1224C1
1224C3
1228C4
1228C5
1228C6
1228C7
1228C8
1228C9
1228CA
1228CB
1228CC
1228CD
1228CE
1228CF
1228D0
1228D1
1228D2
1228D3
1228D4
1228D5
1228D6
1228D7
1228D8
1228D9
1228DA
1228DB
1228DC
1228DD
1228DE
1228DF
1228E0
1228E1
1228E2
1228E3
1228E4
1228E5
1228E6
1228E7
1228E8
1228E9
1228EA
1228EB
1228EC
1228EC
1228ED
1228EE
1228EF
1228F0
1228F1
1228F2
1228F3
1228F4
1228F4
1228F5
1228F6
1228F7
1228F8
1228F9
1228FA
1228FA
1228FB
1228FC
1228FD
1228FE
1228FE
1228FF
122900
122901
122902
122902
122903
122904
122905
122905
122906
122907
122908
122909
122909
12290A
12290B
12290B
12290C
12290D
12290E
12290E
12290F
122910
122910
122911
122912
122912
122913
122914
122914
122915
122916
122916
122917
122918
122918
122919
12291A
12291A
12291B
12291B
12291C
12291D
12291D
12291E
12291E
12291F
122920
122920
122921
122921
122922
122923
122923
122924
122924
122925
122925
122926
122926
122927
122927
122D28
122D28
122C17
122C18
122C18
122C19
122C19
122C1A
122C1A
122C1B
122C1B
122C1C
122C1C
122C1D
122C1D
122C1E
122C1E
122C1F
122C20
122C20
122C21
122C21
122C22
122C23
122C23
122C24
122C24
122C25
122C26
122C26
122C27
122C27
122C28
122C29
122C29
122C2A
122C2B
122C2B
122C2C
122C2C
122C2D
122C2E
122C2E
122C2F
122C30
122C31
122C31
122C32
122C33
122C33
122C34
122C35
122C35
122C36
122C37
122C38
122C38
122C39
122C3A
122C3B
122C3B
122C3C
122C3D
122C3E
122C3E
122C3F
122C40
122C41
122C42
122C42
122C43
122C44
122C45
122C46
122C46
122C47
122C48
122C49
122C4A
122C4B
122C4B
122C4C
122C4D
122C4E
122C4F
122C50
122C51
122C52
122C52
122C53
122C54
122C55
122C56
122C57
122C58
122C59
122C5A
122C5B
122C5C
122C5D
122C5E
122C5F
122C5F
122C60
122C61
122C62
122C63
122C64
122C65
122C66
122C67
122C68
122C69
122C6A
122C6B
122C6C
122C6D
122C6E
122C6F
122C70
122C71
122C72
122C73
122C75
122C76
122C77
122C78
122C79
122C7A
122C7B
122C7C
122C7D
122C7E
122C7F
122C80
122C81
122C82
122C83
122C85
122C86
122C87
122C88
122C89
122C8A
122C8B
122C8C
122C8D
122C8E
122C90
122C91
122C92
122C93
122C94
122C95
122C96
122C97
122C98
122C9A
122C9B
122C9C
122C9D
122C9E
122C9F
122CA0
122CA1
122CA3
122CA4
122CA5
122CA6
122CA7
122CA8
122CA9
122CAA
122CAB
122CAD
122CAE
122CAF
122CB0
122CB1
122CB2
122CB3
122CB4
122CB5
122CB7
122CB8
122CB9
122CBA
122CBB
122CBC
122CBD
122CBE
122CBF
122CC0
122CC1
122CC3
122CC4
122CC5
122CC6
122CC7
122CC8
122CC9
122CCA
122CCB
122CCC
122CCD
122CCE
122CCF
122CD0
122CD1
122CD2
122CD3
122CD4
122CD5
122CD6
122CD7
122CD8
122CD9
122CDA
122CDB
122CDC
122CDD
122CDE
122CDF
122CE0
122CE1
122CE2
122CE3
122CE4
122CE5
122CE6
122CE7
122CE8
122CE9
122CEA
122CEB
122CEC
122CEC
122CED
122CEE
122CEF
122CF0
122CF1
122CF2
122CF3
122CF4
122CF4
122CF5
122CF6
122CF7
122CF8
122CF9
122CFA
122CFA
122CFB
122CFC
122CFD
122CFE
122CFE
122CFF
122D00
122D01
122D02
122D02
122D03
122D04
122D05
122D06
122D06
122D07
122D08
122D09
122D09
122D0A
122D0B
122D0B
122D0C
122D0D
122D0E
122D0E
122D0F
122D10
122D10
122D11
122D12
122D12
122D13
122D14
122D14
122D15
122D16
122D16
122D17
122D18
122D18
122D19
122D1A
122D1A
122D1B
122D1B
122D1C
122D1D
122D1D
122D1E
122D1E
122D1F
122D20
122D20
122D21
122D21
122D22
122D23
122D23
122D24
122D24
122D25
122D25
122D26
122D26
122D27
122D27
122D28
122D28
123017
123018
123018
123019
123019
12301A
12301A
12301B
12301B
12301C
12301C
12301D
12301D
12301E
12301E
12301F
123020
123020
123021
123021
123022
123023
123023
123024
123024
123025
123025
123026
123027
123027
123028
123029
123029
12302A
12302B
12302B
12302C
12302C
12302D
12302E
12302E
12302F
123030
123031
123031
123032
123033
123033
123034
123035
123035
123036
123037
123038
123038
123039
12303A
12303B
12303B
12303C
12303D
12303E
12303E
12303F
123040
123041
123042
123042
123043
123044
123045
123046
123046
123047
123048
123049
12304A
12304B
12304B
12304C
12304D
12304E
12304F
123050
123051
123052
123052
123053
123054
123055
123056
123057
123058
123059
12305A
12305B
12305C
12305D
12305E
12305F
12305F
123060
123061
123062
123063
123064
123065
123066
123067
123068
123069
12306A
12306B
12306C
12306D
12306E
12306F
123070
123071
123072
123073
123075
123076
123077
123078
123079
12307A
12307B
12307C
12307D
12307E
12307F
123080
123081
123082
123083
123085
123086
123087
123088
123089
12308A
12308B
12308C
12308D
12308E
123090
123091
123092
123093
123094
123095
123096
123097
123098
12309A
12309B
12309C
12309D
12309E
12309F
1230A0
1230A1
1230A3
1230A4
1230A5
1230A6
1230A7
1230A8
1230A9
1230AA
1230AB
1230AD
1230AE
1230AF
1230B0
1230B1
1230B2
1230B3
1230B4
1230B5
1230B7
1230B8
1230B9
1230BA
1230BB
1230BC
1230BD
1230BE
1230BF
1230C0
1230C1
1230C3
1230C4
1230C5
1230C6
1230C7
1230C8
1230C9
1230CA
1230CB
1230CC
1230CD
1230CE
1230CF
1230D0
1230D1
1230D2
1230D3
1230D4
1230D5
1230D6
1230D7
1230D8
1230D9
1230DA
1230DB
1230DC
1230DD
1230DE
1230DF
1230E0
1230E1
1230E2
1230E3
1230E4
1230E5
1230E6
1230E7
1230E8
1230E9
1230EA
1230EB
1230EC
1230EC
1230ED
1230EE
1230EF
1230F0
1230F1
1230F2
1230F3
1230F4
1230F4
1230F5
1230F6
1230F7
1230F8
1230F9
1230FA
1230FA
1230FB
1230FC
1230FD
1230FE
1230FE
1230FF
123100
123101
123102
123102
123103
123104
123105
123106
123106
123107
123108
123109
123109
12310A
12310B
12310B
12310C
12310D
12310E
12310E
12310F
123110
123110
123111
123112
123112
123113
123114
123114
123115
123116
123116
123117
123118
123118
123119
12311A
12311A
12311B
12311B
12311C
12311D
12311D
12311E
12311E
12311F
123120
123120
123121
123121
123122
123123
123123
123124
123124
123125
123125
123126
123126
123127
123127
123128
123128
123417
123418
123418
123419
123419
12341A
12341A
12341B
12341B
12341C
12341C
12341D
12341D
12341E
12341E
12341F
123420
123420
123421
123421
123422
123422
123423
123424
123424
123425
123425
123426
123427
123427
123428
123429
123429
12342A
12342B
12342B
12342C
12342C
12342D
12342E
12342E
12342F
123430
123431
123431
123432
123433
123433
123434
123435
123435
123436
123437
123438
123438
123439
12343A
12343B
12343B
12343C
12343D
12343E
12343E
12343F
123440
123441
123442
123442
123443
123444
123445
123446
123446
123447
123448
123449
12344A
12344B
12344B
12344C
12344D
12344E
12344F
123450
123451
123452
123452
123453
123454
123455
123456
123457
123458
123459
12345A
12345B
12345C
12345D
12345E
12345F
12345F
123460
123461
123462
123463
123464
123465
123466
123467
123468
123469
12346A
12346B
12346C
12346D
12346E
12346F
123470
123471
123472
123473
123475
123476
123477
123478
123479
12347A
12347B
12347C
12347D
12347E
12347F
123480
123481
123482
123483
123485
123486
123487
123488
123489
12348A
12348B
12348C
12348D
12348E
123490
123491
123492
123493
123494
123495
123496
123497
123498
12349A
12349B
12349C
12349D
12349E
12349F
1234A0
1234A1
1234A3
1234A4
1234A5
1234A6
1234A7
1234A8
1234A9
1234AA
1234AB
1234AD
1234AE
1234AF
1234B0
1234B1
1234B2
1234B3
1234B4
1234B5
1234B7
1234B8
1234B9
1234BA
1234BB
1234BC
1234BD
1234BE
1234BF
1234C0
1234C1
1234C3
1234C4
1234C5
1234C6
1234C7
1234C8
1234C9
1234CA
1234CB
1234CC
1234CD
1234CE
1234CF
1234D0
1234D1
1234D2
1234D3
1234D4
1234D5
1234D6
1234D7
1234D8
1234D9
1234DA
1234DB
1234DC
1234DD
1234DE
1234DF
1234E0
1234E1
1234E2
1234E3
1234E4
1234E5
1234E6
1234E7
1234E8
1234E9
1234EA
1234EB
1234EC
1234EC
1234ED
1234EE
1234EF
1234F0
1234F1
1234F2
1234F3
1234F4
1234F4
1234F5
1234F6
1234F7
1234F8
1234F9
1234FA
1234FA
1234FB
1234FC
1234FD
1234FE
1234FE
1234FF
123500
123501
123502
123502
123503
123504
123505
123506
123506
123507
123508
123509
123509
12350A
12350B
12350B
12350C
12350D
12350E
12350E
12350F
123510
123510
123511
123512
123512
123513
123514
123514
123515
123516
123516
123517
123518
123518
123519
12351A
12351A
12351B
12351B
12351C
12351D
12351D
12351E
12351F
12351F
123520
123520
123521
123521
123522
123523
123523
123524
123524
123525
123525
123526
123526
123527
123527
123528
123529
123817
123818
123818
123819
123819
12381A
12381A
12381B
12381B
12381C
12381C
12381D
12381D
12381E
12381E
12381F
123820
123820
123821
123821
123822
123822
123823
123824
123824
123825
123825
123826
123827
123827
123828
123829
123829
12382A
12382B
12382B
12382C
12382C
12382D
12382E
12382E
12382F
123830
123831
123831
123832
123833
123833
123834
123835
123835
123836
123837
123838
123838
123839
12383A
12383B
12383B
12383C
12383D
12383E
12383E
12383F
123840
123841
123842
123842
123843
123844
123845
123846
123846
123847
123848
123849
12384A
12384B
12384B
12384C
12384D
12384E
12384F
123850
123851
123852
123852
123853
123854
123855
123856
123857
123858
123859
12385A
12385B
12385C
12385D
12385E
12385F
12385F
123860
123861
123862
123863
123864
123865
123866
123867
123868
123869
12386A
12386B
12386C
12386D
12386E
12386F
123870
123871
123872
123873
123875
123876
123877
123878
123879
12387A
12387B
12387C
12387D
12387E
12387F
123880
123881
123882
123883
123885
123886
123887
123888
123889
12388A
12388B
12388C
12388D
12388E
123890
123891
123892
123893
123894
123895
123896
123897
123898
12389A
12389B
12389C
12389D
12389E
12389F
1238A0
1238A1
1238A3
1238A4
1238A5
1238A6
1238A7
1238A8
1238A9
1238AA
1238AB
1238AD
1238AE
1238AF
1238B0
1238B1
1238B2
1238B3
1238B4
1238B5
1238B7
1238B8
1238B9
1238BA
1238BB
1238BC
1238BD
1238BE
1238BF
1238C0
1238C1
1238C3
1238C4
1238C5
1238C6
1238C7
1238C8
1238C9
1238CA
1238CB
1238CC
1238CD
1238CE
1238CF
1238D0
1238D1
1238D2
1238D3
1238D4
1238D5
1238D6
1238D7
1238D8
1238D9
1238DA
1238DB
1238DC
1238DD
1238DE
1238DF
1238E0
1238E1
1238E2
1238E3
1238E4
1238E5
1238E6
1238E7
1238E8
1238E9
1238EA
1238EB
1238EC
1238EC
1238ED
1238EE
1238EF
1238F0
1238F1
1238F2
1238F3
1238F4
1238F4
1238F5
1238F6
1238F7
1238F8
1238F9
1238FA
1238FA
1238FB
1238FC
1238FD
1238FE
1238FE
1238FF
123900
123901
123902
123902
123903
123904
123905
123906
123906
123907
123908
123909
123909
12390A
12390B
12390B
12390C
12390D
12390E
12390E
12390F
123910
123910
123911
123912
123912
123913
123914
123914
123915
123916
123916
123917
123918
123918
123919
12391A
12391A
12391B
12391B
12391C
12391D
12391D
12391E
12391F
12391F
123920
123920
123921
123921
123922
123923
123923
123924
123924
123925
123925
123926
123926
123927
123927
123928
123929
123C17
123C18
123C18
123C19
123C19
123C1A
123C1A
123C1B
123C1B
123C1C
123C1C
123C1D
123C1D
123C1E
123C1E
123C1F
123C20
123C20
123C21
123C21
123C22
123C22
123C23
123C24
123C24
123C25
123C25
123C26
123C27
123C27
123C28
123C29
123C29
123C2A
123C2B
123C2B
123C2C
123C2C
123C2D
123C2E
123C2E
123C2F
123C30
123C31
123C31
123C32
123C33
123C33
123C34
123C35
123C35
123C36
123C37
123C38
123C38
123C39
123C3A
123C3B
123C3B
123C3C
123C3D
123C3E
123C3E
123C3F
123C40
123C41
123C42
123C42
123C43
123C44
123C45
123C46
123C46
123C47
123C48
123C49
123C4A
123C4B
123C4B
123C4C
123C4D
123C4E
123C4F
123C50
123C51
123C52
123C52
123C53
123C54
123C55
123C56
123C57
123C58
123C59
123C5A
123C5B
123C5C
123C5D
123C5E
123C5F
123C5F
123C60
123C61
123C62
123C63
123C64
123C65
123C66
123C67
123C68
123C69
123C6A
123C6B
123C6C
123C6D
123C6E
123C6F
123C70
123C71
123C72
123C73
123C75
123C76
123C77
123C78
123C79
123C7A
123C7B
123C7C
123C7D
123C7E
123C7F
123C80
123C81
123C82
123C83
123C85
123C86
123C87
123C88
123C89
123C8A
123C8B
123C8C
123C8D
123C8E
123C90
123C91
123C92
123C93
123C94
123C95
123C96
123C97
123C98
123C9A
123C9B
123C9C
123C9D
123C9E
123C9F
123CA0
123CA1
123CA3
123CA4
123CA5
123CA6
123CA7
123CA8
123CA9
123CAA
123CAB
123CAD
123CAE
123CAF
123CB0
123CB1
123CB2
123CB3
123CB4
123CB5
123CB7
123CB8
123CB9
123CBA
123CBB
123CBC
123CBD
123CBE
123CBF
123CC0
123CC1
123CC3
123CC4
123CC5
123CC6
123CC7
123CC8
123CC9
123CCA
123CCB
123CCC
123CCD
123CCE
123CCF
123CD0
123CD1
123CD2
123CD3
123CD4
123CD5
123CD6
123CD7
123CD8
123CD9
123CDA
123CDB
123CDC
123CDD
123CDE
123CDF
123CE0
123CE1
123CE2
123CE3
123CE4
123CE5
123CE6
123CE7
123CE8
123CE9
123CEA
123CEB
123CEC
123CEC
123CED
123CEE
123CEF
123CF0
123CF1
123CF2
123CF3
123CF4
123CF4
123CF5
123CF6
123CF7
123CF8
123CF9
123CFA
123CFA
123CFB
123CFC
123CFD
123CFE
123CFE
123CFF
123D00
123D01
123D02
123D02
123D03
123D04
123D05
123D06
123D06
123D07
123D08
123D09
123D09
123D0A
123D0B
123D0B
123D0C
123D0D
123D0E
123D0E
123D0F
123D10
123D10
123D11
123D12
123D12
123D13
123D14
123D14
123D15
123D16
123D16
123D17
123D18
123D18
123D19
123D1A
123D1A
123D1B
123D1B
123D1C
123D1D
123D1D
123D1E
123D1F
123D1F
123D20
123D20
123D21
123D21
123D22
123D23
123D23
123D24
123D24
123D25
123D25
123D26
123D26
123D27
123D27
123D28
123D29
124017
124018
124018
124019
124019
12401A
12401A
12401B
12401B
12401C
12401C
12401D
12401D
12401E
12401E
12401F
124020
124020
124021
124021
124022
124022
124023
124024
124024
124025
124025
124026
124027
124027
124028
124029
124029
12402A
12402B
12402B
12402C
12402C
12402D
12402E
12402E
12402F
124030
124031
124031
124032
124033
124033
124034
124035
124035
124036
124037
124038
124038
124039
12403A
12403B
12403B
12403C
12403D
12403E
12403E
12403F
124040
124041
124042
124042
124043
124044
124045
124046
124046
124047
124048
124049
12404A
12404B
12404B
12404C
12404D
12404E
12404F
124050
124051
124052
124052
124053
124054
124055
124056
124057
124058
124059
12405A
12405B
12405C
12405D
12405E
12405F
12405F
124060
124061
124062
124063
124064
124065
124066
124067
124068
124069
12406A
12406B
12406C
12406D
12406E
12406F
124070
124071
124072
124073
124075
124076
124077
124078
124079
12407A
12407B
12407C
12407D
12407E
12407F
124080
124081
124082
124083
124085
124086
124087
124088
124089
12408A
12408B
12408C
12408D
12408E
124090
124091
124092
124093
124094
124095
124096
124097
124098
12409A
12409B
12409C
12409D
12409E
12409F
1240A0
1240A1
1240A3
1240A4
1240A5
1240A6
1240A7
1240A8
1240A9
1240AA
1240AB
1240AD
1240AE
1240AF
1240B0
1240B1
1240B2
1240B3
1240B4
1240B5
1240B7
1240B8
1240B9
1240BA
1240BB
1240BC
1240BD
1240BE
1240BF
1240C0
1240C1
1240C3
1240C4
1240C5
1240C6
1240C7
1240C8
1240C9
1240CA
1240CB
1240CC
1240CD
1240CE
1240CF
1240D0
1240D1
1240D2
1240D3
1240D4
1240D5
1240D6
1240D7
1240D8
1240D9
1240DA
1240DB
1240DC
1240DD
1240DE
1240DF
1240E0
1240E1
1240E2
1240E3
1240E4
1240E5
1240E6
1240E7
1240E8
1240E9
1240EA
1240EB
1240EC
1240EC
1240ED
1240EE
1240EF
1240F0
1240F1
1240F2
1240F3
1240F4
1240F4
1240F5
1240F6
1240F7
1240F8
1240F9
1240FA
1240FA
1240FB
1240FC
1240FD
1240FE
1240FE
1240FF
124100
124101
124102
124102
124103
124104
124105
124106
124106
124107
124108
124109
124109
12410A
12410B
12410B
12410C
12410D
12410E
12410E
12410F
124110
124110
124111
124112
124112
124113
124114
124114
124115
124116
124116
124117
124118
124118
124119
12411A
12411A
12411B
12411B
12411C
12411D
12411D
12411E
12411E
12411F
124120
124120
124121
124121
124122
124123
124123
124124
124124
124125
124125
124126
124126
124127
124127
124128
124129
124417
124418
124418
124419
124419
12441A
12441A
12441B
12441B
12441C
12441C
12441D
12441D
12441E
12441E
12441F
124420
124420
124421
124421
124422
124423
124423
124424
124424
124425
124425
124426
124427
124427
124428
124429
124429
12442A
12442B
12442B
12442C
12442C
12442D
12442E
12442E
12442F
124430
124431
124431
124432
124433
124433
124434
124435
124435
124436
124437
124438
124438
124439
12443A
12443B
12443B
12443C
12443D
12443E
12443E
12443F
124440
124441
124442
124442
124443
124444
124445
124446
124446
124447
124448
124449
12444A
12444B
12444B
12444C
12444D
12444E
12444F
124450
124451
124452
124452
124453
124454
124455
124456
124457
124458
124459
12445A
12445B
12445C
12445D
12445E
12445F
12445F
124460
124461
124462
124463
124464
124465
124466
124467
124468
124469
12446A
12446B
12446C
12446D
12446E
12446F
124470
124471
124472
124473
124475
124476
124477
124478
124479
12447A
12447B
12447C
12447D
12447E
12447F
124480
124481
124482
124483
124485
124486
124487
124488
124489
12448A
12448B
12448C
12448D
12448E
124490
124491
124492
124493
124494
124495
124496
124497
124498
12449A
12449B
12449C
12449D
12449E
12449F
1244A0
1244A1
1244A3
1244A4
1244A5
1244A6
1244A7
1244A8
1244A9
1244AA
1244AB
1244AD
1244AE
1244AF
1244B0
1244B1
1244B2
1244B3
1244B4
1244B5
1244B7
1244B8
1244B9
1244BA
1244BB
1244BC
1244BD
1244BE
1244BF
1244C0
1244C1
1244C3
1244C4
1244C5
1244C6
1244C7
1244C8
1244C9
1244CA
1244CB
1244CC
1244CD
1244CE
1244CF
1244D0
1244D1
1244D2
1244D3
1244D4
1244D5
1244D6
1244D7
1244D8
1244D9
1244DA
1244DB
1244DC
1244DD
1244DE
1244DF
1244E0
1244E1
1244E2
1244E3
1244E4
1244E5
1244E6
1244E7
1244E8
1244E9
1244EA
1244EB
1244EC
1244EC
1244ED
1244EE
1244EF
1244F0
1244F1
1244F2
1244F3
1244F4
1244F4
1244F5
1244F6
1244F7
1244F8
1244F9
1244FA
1244FA
1244FB
1244FC
1244FD
1244FE
1244FE
1244FF
124500
124501
124502
124502
124503
124504
124505
124506
124506
124507
124508
124509
124509
12450A
12450B
12450B
12450C
12450D
12450E
12450E
12450F
124510
124510
124511
124512
124512
124513
124514
124514
124515
124516
124516
124517
124518
124518
124519
12451A
12451A
12451B
12451B
12451C
12451D
12451D
12451E
12451E
12451F
124520
124520
124521
124521
124522
124523
124523
124524
124524
124525
124525
124526
124526
124527
124527
124528
124528
124417
124418
124418
124419
124419
12441A
12441A
12441B
12441B
12441C
12441C
12441D
12441D
12441E
12441E
12441F
124820
124820
124821
124821
124822
124823
124823
124824
124824
124825
124826
124826
124827
124827
124828
124829
124829
12482A
12482B
12482B
12482C
12482C
12482D
12482E
12482E
12482F
124830
124831
124831
124832
124833
124833
124834
124835
124835
124836
124837
124838
124838
124839
12483A
12483B
12483B
12483C
12483D
12483E
12483E
12483F
124840
124841
124842
124842
124843
124844
124845
124846
124846
124847
124848
124849
12484A
12484B
12484B
12484C
12484D
12484E
12484F
124850
124851
124852
124852
124853
124854
124855
124856
124857
124858
124859
12485A
12485B
12485C
12485D
12485E
12485F
12485F
124860
124861
124862
124863
124864
124865
124866
124867
124868
124869
12486A
12486B
12486C
12486D
12486E
12486F
124870
124871
124872
124873
124875
124876
124877
124878
124879
12487A
12487B
12487C
12487D
12487E
12487F
124880
124881
124882
124883
124885
124886
124887
124888
124889
12488A
12488B
12488C
12488D
12488E
124890
124891
124892
124893
124894
124895
124896
124897
124898
12489A
12489B
12489C
12489D
12489E
12489F
1248A0
1248A1
1248A2
1248A4
1248A5
1248A6
1248A7
1248A8
1248A9
1248AA
1248AB
1248AD
1248AE
1248AF
1248B0
1248B1
1248B2
1248B3
1248B4
1248B5
1248B7
1248B8
1248B9
1248BA
1248BB
1248BC
1248BD
1248BE
1248BF
1248C0
1248C1
1248C3
1248C4
1248C5
1248C6
1248C7
1248C8
1248C9
1248CA
1248CB
1248CC
1248CD
1248CE
1248CF
1248D0
1248D1
1248D2
1248D3
1248D4
1248D5
1248D6
1248D7
1248D8
1248D9
1248DA
1248DB
1248DC
1248DD
1248DE
1248DF
1248E0
1248E1
1248E2
1248E3
1248E4
1248E5
1248E6
1248E7
1248E8
1248E9
1248EA
1248EB
1248EC
1248EC
1248ED
1248EE
1248EF
1248F0
1248F1
1248F2
1248F3
1248F4
1248F4
1248F5
1248F6
1248F7
1248F8
1248F9
1248FA
1248FA
1248FB
1248FC
1248FD
1248FE
1248FE
1248FF
124900
124901
124902
124902
124903
124904
124905
124905
124906
124907
124908
124909
124909
12490A
12490B
12490B
12490C
12490D
12490E
12490E
12490F
124910
124910
124911
124912
124912
124913
124914
124914
124915
124916
124916
124917
124918
124918
124919
12491A
12491A
12491B
12491B
12491C
12491D
12491D
12491E
12491E
12491F
124920
124920
124921
124921
124922
124523
124523
124524
124524
124525
124525
124526
124526
124527
124527
124528
124528
124817
124818
124818
124819
124819
12481A
12481A
12481B
12481B
12481C
12481C
12481D
12481D
12481E
12481F
12481F
124820
124820
124821
124821
124822
124823
124823
124824
124824
124825
124826
124C26
124C27
124C27
124C28
124C29
124C29
124C2A
124C2B
124C2B
124C2C
124C2C
124C2D
124C2E
124C2E
124C2F
124C30
124C31
124C31
124C32
124C33
124C33
124C34
124C35
124C35
124C36
124C37
124C38
124C38
124C39
124C3A
124C3B
124C3B
124C3C
124C3D
124C3E
124C3E
124C3F
124C40
124C41
124C42
124C42
124C43
124C44
124C45
124C46
124C46
124C47
124C48
124C49
124C4A
124C4B
124C4C
124C4C
124C4D
124C4E
124C4F
124C50
124C51
124C52
124C53
124C53
124C54
124C55
124C56
124C57
124C58
124C59
124C5A
124C5B
124C5C
124C5D
124C5E
124C5F
124C5F
124C60
124C61
124C62
124C63
124C64
124C65
124C66
124C67
124C68
124C69
124C6A
124C6B
124C6C
124C6D
124C6E
124C6F
124C70
124C71
124C72
124C73
124C75
124C76
124C77
124C78
124C79
124C7A
124C7B
124C7C
124C7D
124C7E
124C7F
124C80
124C81
124C82
124C83
124C85
124C86
124C87
124C88
124C89
124C8A
124C8B
124C8C
124C8D
124C8E
124C90
124C91
124C92
124C93
125094
125095
125096
125097
125098
12509A
12509B
12509C
12509D
12509E
12509F
1250A0
1250A1
1250A2
1250A4
1250A5
1250A6
1250A7
1250A8
1250A9
1250AA
1250AB
1250AD
1250AE
124CAF
124CB0
124CB1
124CB2
124CB3
124CB4
124CB5
124CB7
124CB8
124CB9
124CBA
124CBB
124CBC
124CBD
124CBE
124CBF
124CC0
124CC1
124CC3
124CC4
124CC5
124CC6
124CC7
124CC8
124CC9
124CCA
124CCB
124CCC
124CCD
124CCE
124CCF
124CD0
124CD1
124CD2
124CD3
124CD4
124CD5
124CD6
124CD7
124CD8
124CD9
124CDA
124CDB
124CDC
124CDD
124CDE
124CDF
124CE0
124CE1
124CE2
124CE3
124CE4
124CE5
124CE6
124CE7
124CE8
124CE9
124CEA
124CEB
124CEB
124CEC
124CED
124CEE
124CEF
124CF0
124CF1
124CF2
124CF3
124CF4
124CF4
124CF5
124CF6
124CF7
124CF8
124CF9
124CF9
124CFA
124CFB
124CFC
124CFD
124CFE
124CFE
124CFF
124D00
124D01
124D02
124D02
124D03
124D04
124D05
124D05
124D06
124D07
124D08
124D09
124D09
124D0A
124D0B
124D0B
124D0C
124D0D
124D0E
124D0E
124D0F
124D10
124D10
124D11
124D12
124D12
124D13
124D14
124D14
124D15
124D16
124D16
124D17
124D18
124D18
124D19
124D1A
124D1A
124D1B
124D1B
12491C
12491D
12491D
12491E
12491E
12491F
124920
124920
124921
124921
124922
124923
124923
124924
124924
124925
124925
124926
124926
124927
124927
124928
124928
124C17
124C18
124C18
124C19
124C19
124C1A
124C1A
124C1B
124C1B
124C1C
124C1C
124C1D
124C1D
124C1E
124C1F
124C1F
124C20
124C20
124C21
124C21
124C22
124C23
124C23
124C24
124C24
124C25
124C26
124C26
124C27
124C27
124C28
124C29
124C29
124C2A
12502B
12502B
12502C
12502C
12502D
12502E
12502E
12502F
125030
125031
125031
125032
125033
125033
125034
125035
125035
125036
125037
125038
125038
125039
12503A
12503B
12503B
12503C
12503D
12503E
12503E
12503F
125040
125041
125042
125042
125043
125044
125045
125046
125046
125047
125048
125049
12504A
12504B
12504C
12504C
12504D
12504E
12504F
125050
125051
125052
125053
125053
125054
125055
125056
125057
125058
125059
12505A
12505B
12505C
12505D
12505E
12505F
12505F
125060
125061
125062
125063
125064
125065
125066
125067
125068
125069
12506A
12506B
12506C
12506D
12506E
12506F
125070
125071
125072
125074
125075
125076
125077
125078
125479
12547A
12547B
12547C
12547D
12547E
12547F
125480
125481
125482
125483
125485
125486
125487
125488
125489
12548A
12548B
12548C
12548D
12548E
125490
125491
125492
125493
125494
125495
125496
125497
125498
12549A
12549B
12549C
12549D
12549E
12549F
1254A0
1254A1
1254A2
1254A4
1254A5
1254A6
1254A7
1254A8
1254A9
1254AA
1254AB
1254AD
1254AE
1254AF
1254B0
1254B1
1254B2
1254B3
1254B4
1254B5
1254B7
1254B8
1254B9
1254BA
1254BB
1254BC
1254BD
1254BE
1254BF
1254C0
1254C1
1254C2
1254C4
1254C5
1254C6
1254C7
1254C8
1254C9
1250CA
1250CB
1250CC
1250CD
1250CE
1250CF
1250D0
1250D1
1250D2
1250D3
1250D4
1250D5
1250D6
1250D7
1250D8
1250D9
1250DA
1250DB
1250DC
1250DD
1250DE
1250DF
1250E0
1250E1
1250E2
1250E3
1250E4
1250E5
1250E6
1250E7
1250E8
1250E9
1250EA
1250EB
1250EB
1250EC
1250ED
1250EE
1250EF
1250F0
1250F1
1250F2
1250F3
1250F4
1250F4
1250F5
1250F6
1250F7
1250F8
1250F9
1250F9
1250FA
1250FB
1250FC
1250FD
1250FE
1250FE
1250FF
125100
125101
125102
125102
125103
125104
125105
125105
125106
125107
125108
125108
125109
12510A
12510B
12510B
12510C
12510D
12510E
12510E
12510F
125110
125110
125111
125112
125112
125113
125114
125114
125115
125116
125116
125117
124D18
124D18
124D19
124D1A
124D1A
124D1B
124D1B
124D1C
124D1D
124D1D
124D1E
124D1E
124D1F
124D20
124D20
124D21
124D21
124D22
124D23
124D23
124D24
124D24
124D25
124D25
124D26
124D26
124D27
124D27
124D28
124D28
125017
125018
125018
125019
125019
12501A
12501A
12501B
12501B
12501C
12501C
12501D
12501D
12501E
12501F
12501F
125020
125020
125021
125021
125022
125023
125023
125024
125024
125025
125026
125026
125027
125027
125028
125029
125029
12502A
12502B
12502B
12502C
12502D
12502D
12542E
12542F
12542F
125430
125431
125431
125432
125433
125433
125434
125435
125435
125436
125437
125438
125438
125439
12543A
12543B
12543B
12543C
12543D
12543E
12543E
12543F
125440
125441
125442
125442
125443
125444
125445
125446
125446
125447
125448
125449
12544A
12544B
12544C
12544C
12544D
12544E
12544F
125450
125451
125452
125453
125453
125454
125455
125456
125457
125458
125459
12545A
12545B
12545C
12545D
12545E
12545F
125460
125460
125461
125462
125463
125464
125465
125466
125467
125468
125469
12546A
12546B
12546C
12586D
12586E
12586F
125870
125871
125872
125874
125875
125876
125877
125878
125879
12587A
12587B
12587C
12587D
12587E
12587F
125880
125881
125882
125883
125885
125886
125887
125888
125889
12588A
12588B
12588C
12588D
12588E
125890
125891
125892
125893
125894
125895
125896
125897
125898
12589A
12589B
12589C
12589D
12589E
12589F
1258A0
1258A1
1258A2
1258A4
1258A5
1258A6
1258A7
1258A8
1258A9
1258AA
1258AB
1258AD
1258AE
1258AF
1258B0
1258B1
1258B2
1258B3
1258B4
1258B5
1258B7
1258B8
1258B9
1258BA
1258BB
1258BC
1258BD
1258BE
1258BF
1258C0
1258C1
1258C2
1258C4
1258C5
1258C6
1258C7
1258C8
1258C9
1258CA
1258CB
1258CC
1258CD
1258CE
1258CF
1258D0
1258D1
1258D2
1258D3
1258D4
1254D5
1254D6
1254D7
1254D8
1254D9
1254DA
1254DB
1254DC
1254DD
1254DE
1254DF
1254E0
1254E1
1254E2
1254E3
1254E4
1254E5
1254E6
1254E7
1254E8
1254E9
1254EA
1254EB
1254EB
1254EC
1254ED
1254EE
1254EF
1254F0
1254F1
1254F2
1254F3
1254F4
1254F4
1254F5
1254F6
1254F7
1254F8
1254F9
1254F9
1254FA
1254FB
1254FC
1254FD
1254FE
1254FE
1254FF
125500
125501
125502
125502
125503
125504
125505
125505
125506
125507
125508
125508
125509
12550A
12550B
12550B
12550C
12550D
12550E
12550E
12550F
125510
125510
125511
125512
125512
125513
125514
125114
125115
125116
125116
125117
125118
125118
125119
12511A
12511A
12511B
12511B
12511C
12511D
12511D
12511E
12511E
12511F
125120
125120
125121
125121
125122
125123
125123
125124
125124
125125
125125
125126
125126
125127
125127
125128
125128
125417
125418
125418
125419
125419
12541A
12541A
12541B
12541B
12541C
12541C
12541D
12541D
12541E
12541F
12541F
125420
125420
125421
125421
125422
125423
125423
125424
125424
125425
125426
125426
125427
125427
125428
125429
125429
12542A
12542B
12542B
12542C
12542D
12542D
12542E
12542F
12542F
125830
125831
125831
125832
125833
125833
125834
125835
125835
125836
125837
125838
125838
125839
12583A
12583B
12583B
12583C
12583D
12583E
12583E
12583F
125840
125841
125842
125842
125843
125844
125845
125846
125846
125847
125848
125849
12584A
12584B
12584C
12584C
12584D
12584E
12584F
125850
125851
125852
125853
125853
125854
125855
125856
125857
125858
125859
12585A
12585B
12585C
12585D
12585E
12585F
125860
125860
125861
125862
125863
125864
125865
125C66
125C67
125C68
125C69
125C6A
125C6B
125C6C
125C6D
125C6E
125C6F
125C70
125C71
125C72
125C74
125C75
125C76
125C77
125C78
125C79
125C7A
125C7B
125C7C
125C7D
125C7E
125C7F
125C80
125C81
125C82
125C83
125C85
125C86
125C87
125C88
125C89
125C8A
125C8B
125C8C
125C8D
125C8E
125C90
125C91
125C92
125C93
125C94
125C95
125C96
125C97
125C98
125C9A
125C9B
125C9C
125C9D
125C9E
125C9F
125CA0
125CA1
125CA2
125CA4
125CA5
125CA6
125CA7
125CA8
125CA9
125CAA
125CAB
125CAD
125CAE
125CAF
125CB0
125CB1
125CB2
125CB3
125CB4
125CB5
125CB7
125CB8
125CB9
125CBA
125CBB
125CBC
125CBD
125CBE
125CBF
125CC0
125CC1
125CC2
125CC4
125CC5
125CC6
125CC7
125CC8
125CC9
125CCA
125CCB
125CCC
125CCD
125CCE
125CCF
125CD0
125CD1
125CD2
125CD3
125CD4
125CD5
125CD6
125CD7
125CD8
125CD9
125CDA
125CDB
1258DC
1258DD
1258DE
1258DF
1258E0
1258E1
1258E2
1258E3
1258E4
1258E5
1258E6
1258E7
1258E8
1258E9
1258EA
1258EB
1258EB
1258EC
1258ED
1258EE
1258EF
1258F0
1258F1
1258F2
1258F3
1258F3
1258F4
1258F5
1258F6
1258F7
1258F8
1258F9
1258F9
1258FA
1258FB
1258FC
1258FD
1258FE
1258FE
1258FF
125900
125901
125902
125902
125903
125904
125905
125905
125906
125907
125908
125908
125909
12590A
12590B
12590B
12590C
12590D
12590E
12590E
12590F
125910
125910
125911
125912
125512
125513
125514
125514
125515
125516
125516
125517
125518
125518
125519
12551A
12551A
12551B
12551B
12551C
12551D
12551D
12551E
12551E
12551F
125520
125520
125521
125521
125522
125522
125523
125524
125524
125525
125525
125526
125526
125527
125527
125528
125528
125817
125818
125818
125819
125819
12581A
12581A
12581B
12581B
12581C
12581C
12581D
12581D
12581E
12581F
12581F
125820
125820
125821
125821
125822
125823
125823
125824
125824
125825
125826
125826
125827
125827
125828
125829
125829
12582A
12582B
12582B
12582C
12582D
12582D
12582E
12582F
12582F
125830
125831
125831
125C32
125C33
125C33
125C34
125C35
125C35
125C36
125C37
125C38
125C38
125C39
125C3A
125C3B
125C3B
125C3C
125C3D
125C3E
125C3E
125C3F
125C40
125C41
125C42
125C42
125C43
125C44
125C45
125C46
125C47
125C47
125C48
125C49
125C4A
125C4B
125C4C
125C4C
125C4D
125C4E
125C4F
125C50
125C51
125C52
125C53
125C53
125C54
125C55
125C56
125C57
125C58
125C59
125C5A
125C5B
125C5C
125C5D
125C5E
125C5F
125C60
125C60
126061
126062
126063
126064
126065
126066
126067
126068
126069
12606A
12606B
12606C
12606D
12606E
12606F
126070
126071
126072
126074
126075
126076
126077
126078
126079
12607A
12607B
12607C
12607D
12607E
12607F
126080
126081
126082
126083
126085
126086
126087
126088
126089
12608A
12608B
12608C
12608D
12608E
126090
126091
126092
126093
126094
126095
126096
126097
126098
12609A
12609B
12609C
12609D
12609E
12609F
1260A0
1260A1
1260A2
1260A4
1260A5
1260A6
1260A7
1260A8
1260A9
1260AA
1260AB
1260AD
1260AE
1260AF
1260B0
1260B1
1260B2
1260B3
1260B4
1260B5
1260B7
1260B8
1260B9
1260BA
1260BB
1260BC
1260BD
1260BE
1260BF
1260C0
1260C1
1260C2
1260C4
1260C5
1260C6
1260C7
1260C8
1260C9
1260CA
1260CB
1260CC
1260CD
1260CE
1260CF
1260D0
1260D1
1260D2
1260D3
1260D4
1260D5
1260D6
1260D7
1260D8
1260D9
1260DA
1260DB
1260DC
1260DD
1260DE
1260DF
1260E0
125CE1
125CE2
125CE3
125CE4
125CE5
125CE6
125CE7
125CE8
125CE9
125CEA
125CEB
125CEB
125CEC
125CED
125CEE
125CEF
125CF0
125CF1
125CF2
125CF3
125CF3
125CF4
125CF5
125CF6
125CF7
125CF8
125CF9
125CF9
125CFA
125CFB
125CFC
125CFD
125CFE
125CFE
125CFF
125D00
125D01
125D02
125D02
125D03
125D04
125D05
125D05
125D06
125D07
125D08
125D08
125D09
125D0A
125D0B
125D0B
125D0C
125D0D
125D0E
125D0E
125D0F
125D10
125910
125911
125912
125912
125913
125914
125914
125915
125916
125916
125917
125918
125918
125919
12591A
12591A
12591B
12591B
12591C
12591D
12591D
12591E
12591E
12591F
125920
125920
125921
125921
125922
125922
125923
125924
125924
125925
125925
125926
125926
125927
125927
125928
125928
125817
125C18
125C18
125C19
125C19
125C1A
125C1A
125C1B
125C1B
125C1C
125C1C
125C1D
125C1D
125C1E
125C1F
125C1F
125C20
125C20
125C21
125C21
125C22
125C23
125C23
125C24
125C24
125C25
125C26
125C26
125C27
125C27
125C28
125C29
125C29
125C2A
125C2B
125C2B
125C2C
125C2D
125C2D
125C2E
125C2F
125C2F
125C30
125C31
125C31
125C32
125C33
125C33
126034
126035
126036
126036
126037
126038
126038
126039
12603A
12603B
12603B
12603C
12603D
12603E
12603E
12603F
126040
126041
126042
126042
126043
126044
126045
126046
126047
126047
126048
126049
12604A
12604B
12604C
12604C
12604D
12604E
12604F
126050
126051
126052
126053
126053
126054
126055
126056
126057
126058
126059
12605A
12605B
12605C
12605D
12645E
12645F
126460
126460
126461
126462
126463
126464
126465
126466
126467
126468
126469
12646A
12646B
12646C
12646D
12646E
12646F
126470
126471
126472
126474
126475
126476
126477
126478
126479
12647A
12647B
12647C
12647D
12647E
12647F
126480
126481
126482
126483
126485
126486
126487
126488
126489
12648A
12648B
12648C
12648D
12648E
126490
126491
126492
126493
126494
126495
126496
126497
126498
12649A
12649B
12649C
12649D
12649E
12649F
1264A0
1264A1
1264A2
1264A4
1264A5
1264A6
1264A7
1264A8
1264A9
1264AA
1264AB
1264AD
1264AE
1264AF
1264B0
1264B1
1264B2
1264B3
1264B4
1264B5
1264B7
1264B8
1264B9
1264BA
1264BB
1264BC
1264BD
1264BE
1264BF
1264C0
1264C1
1264C2
1264C4
1264C5
1264C6
1264C7
1264C8
1264C9
1264CA
1264CB
1264CC
1264CD
1264CE
1264CF
1264D0
1264D1
1264D2
1264D3
1264D4
1264D5
1264D6
1264D7
1264D8
1264D9
1264DA
1264DB
1264DC
1264DD
1264DE
1264DF
1264E0
1264E1
1264E2
1264E3
1264E4
1260E5
1260E6
1260E7
1260E8
1260E9
1260EA
1260EB
1260EB
1260EC
1260ED
1260EE
1260EF
1260F0
1260F1
1260F2
1260F3
1260F3
1260F4
1260F5
1260F6
1260F7
1260F8
1260F9
1260F9
1260FA
1260FB
1260FC
1260FD
1260FE
1260FE
1260FF
126100
126101
126102
126102
126103
126104
126105
126105
126106
126107
126108
126108
126109
12610A
12610B
12610B
12610C
12610D
12610E
125D0E
125D0F
125D10
125D10
125D11
125D12
125D12
125D13
125D14
125D14
125D15
125D16
125D16
125D17
125D18
125D18
125D19
125D1A
125D1A
125D1B
125D1B
125D1C
125D1D
125D1D
125D1E
125D1E
125D1F
125D20
125D20
125D21
125D21
125D22
125D22
125D23
125D24
125D24
125D25
125D25
125D26
125D26
125D27
125D27
125D28
125D28
125C17
125C18
125C18
125C19
125C19
125C1A
125C1A
125C1B
12601B
12601C
12601C
12601D
12601D
12601E
12601F
12601F
126020
126020
126021
126021
126022
126023
126023
126024
126024
126025
126026
126026
126027
126027
126028
126029
126029
12602A
12602B
12602B
12602C
12602D
12602D
12602E
12602F
12602F
126030
126031
126031
126032
126033
126033
126034
126035
126436
126436
126437
126438
126438
126439
12643A
12643B
12643B
12643C
12643D
12643E
12643F
12643F
126440
126441
126442
126442
126443
126444
126445
126446
126447
126447
126448
126449
12644A
12644B
12644C
12644C
12644D
12644E
12644F
126450
126451
126452
126453
126453
126454
126455
126456
126457
126458
126459
12645A
12685B
12685C
12685D
12685E
12685F
126860
126861
126861
126862
126863
126864
126865
126866
126867
126868
126869
12686A
12686B
12686C
12686D
12686E
12686F
126870
126871
126873
126874
126875
126876
126877
126878
126879
12687A
12687B
12687C
12687D
12687E
12687F
126880
126881
126882
126883
126885
126886
126887
126888
126889
12688A
12688B
12688C
12688D
12688E
126890
126891
126892
126893
126894
126895
126896
126897
126898
12689A
12689B
12689C
12689D
12689E
12689F
1268A0
1268A1
1268A2
1268A4
1268A5
1268A6
1268A7
1268A8
1268A9
1268AA
1268AB
1268AD
1268AE
1268AF
1268B0
1268B1
1268B2
1268B3
1268B4
1268B5
1268B7
1268B8
1268B9
1268BA
1268BB
1268BC
1268BD
1268BE
1268BF
1268C0
1268C1
1268C2
1268C4
1268C5
1268C6
1268C7
1268C8
1268C9
1268CA
1268CB
1268CC
1268CD
1268CE
1268CF
1268D0
1268D1
1268D2
1268D3
1268D4
1268D5
1268D6
1268D7
1268D8
1268D9
1268DA
1268DB
1268DC
1268DD
1268DE
1268DF
1268E0
1268E1
1268E2
1268E3
1268E4
1268E5
1268E6
1268E7
1264E8
1264E9
1264EA
1264EB
1264EB
1264EC
1264ED
1264EE
1264EF
1264F0
1264F1
1264F2
1264F3
1264F3
1264F4
1264F5
1264F6
1264F7
1264F8
1264F9
1264F9
1264FA
1264FB
1264FC
1264FD
1264FE
1264FE
1264FF
126500
126501
126502
126502
126503
126504
126505
126505
126506
126507
126508
126508
126509
12650A
12650B
12650B
12650C
12610D
12610E
12610E
12610F
126110
126110
126111
126112
126112
126113
126114
126114
126115
126116
126116
126117
126118
126118
126119
12611A
12611A
12611B
12611B
12611C
12611D
12611D
12611E
12611E
12611F
126120
126120
126121
126121
126122
126122
126123
126124
126124
126125
126125
126126
126126
125D27
125D27
125D28
125D28
126017
126018
126018
126019
126019
12601A
12601A
12601B
12601B
12601C
12601C
12601D
12601D
12641E
12641F
12641F
126420
126420
126421
126421
126422
126423
126423
126424
126424
126425
126426
126426
126427
126427
126428
126429
126429
12642A
12642B
12642B
12642C
12642D
12642D
12642E
12642F
12642F
126430
126431
126431
126432
126433
126433
126434
126435
126436
126836
126837
126838
126838
126839
12683A
12683B
12683B
12683C
12683D
12683E
12683F
12683F
126840
126841
126842
126842
126843
126844
126845
126846
126847
126847
126848
126849
12684A
12684B
12684C
12684C
12684D
12684E
12684F
126850
126851
126852
126853
126853
126854
126855
126856
126857
126858
126C59
126C5A
126C5B
126C5C
126C5D
126C5E
126C5F
126C60
126C61
126C61
126C62
126C63
126C64
126C65
126C66
126C67
126C68
126C69
126C6A
126C6B
126C6C
126C6D
126C6E
126C6F
126C70
126C71
126C73
126C74
126C75
126C76
126C77
126C78
126C79
126C7A
126C7B
126C7C
126C7D
126C7E
126C7F
126C80
126C81
126C82
126C83
126C85
126C86
126C87
126C88
126C89
126C8A
126C8B
126C8C
126C8D
126C8E
126C90
126C91
126C92
126C93
126C94
126C95
126C96
126C97
126C98
126C9A
126C9B
126C9C
126C9D
126C9E
126C9F
126CA0
126CA1
126CA2
126CA4
126CA5
126CA6
126CA7
126CA8
126CA9
126CAA
126CAB
126CAD
126CAE
126CAF
126CB0
126CB1
126CB2
126CB3
126CB4
126CB5
126CB6
126CB8
126CB9
126CBA
126CBB
126CBC
126CBD
126CBE
126CBF
126CC0
126CC1
126CC2
126CC4
126CC5
126CC6
126CC7
126CC8
126CC9
126CCA
126CCB
126CCC
126CCD
126CCE
126CCF
126CD0
126CD1
126CD2
126CD3
126CD4
126CD5
126CD6
126CD7
126CD8
126CD9
126CDA
126CDB
126CDC
126CDD
126CDE
126CDF
126CE0
126CE1
126CE2
126CE3
126CE4
126CE5
126CE6
126CE7
126CE8
126CE9
1268EA
1268EA
1268EB
1268EC
1268ED
1268EE
1268EF
1268F0
1268F1
1268F2
1268F3
1268F3
1268F4
1268F5
1268F6
1268F7
1268F8
1268F9
1268F9
1268FA
1268FB
1268FC
1268FD
1268FE
1268FE
1268FF
126900
126901
126902
126902
126903
126904
126905
126905
126906
126907
126908
126908
126909
12690A
12690B
12690B
12650C
12650D
12650D
12650E
12650F
126510
126510
126511
126512
126512
126513
126514
126514
126515
126516
126516
126517
126518
126518
126519
126519
12651A
12651B
12651B
12651C
12651D
12651D
12651E
12651E
12651F
126520
126520
126521
126521
126522
126522
126523
126524
126124
126125
126125
126126
126126
126127
126127
126128
126128
126417
126418
126418
126419
126419
12641A
12641A
12641B
12641B
12641C
12641C
12641D
12641E
12641E
12641F
12641F
126420
126820
126821
126821
126822
126823
126823
126824
126824
126825
126826
126826
126827
126827
126828
126829
126829
12682A
12682B
12682B
12682C
12682D
12682D
12682E
12682F
12682F
126830
126831
126831
126832
126833
126833
126834
126835
126836
126836
126837
126C38
126C38
126C39
126C3A
126C3B
126C3B
126C3C
126C3D
126C3E
126C3F
126C3F
126C40
126C41
126C42
126C43
126C43
126C44
126C45
126C46
126C47
126C47
126C48
126C49
126C4A
126C4B
126C4C
126C4C
126C4D
126C4E
126C4F
126C50
126C51
126C52
126C53
126C54
126C54
126C55
126C56
127057
127058
127059
12705A
12705B
12705C
12705D
12705E
12705F
127060
127061
127062
127062
127063
127064
127065
127066
127067
127068
127069
12706A
12706B
12706C
12706D
12706E
12706F
127070
127072
127073
127074
127075
127076
127077
127078
127079
12707A
12707B
12707C
12707D
12707E
12707F
127080
127081
127082
127084
127085
127086
127087
127088
127089
12708A
12708B
12708C
12708D
12708E
127090
127091
127092
127093
127094
127095
127096
127097
127098
12709A
12709B
12709C
12709D
12709E
12709F
1270A0
1270A1
1270A2
1270A4
1270A5
1270A6
1270A7
1270A8
1270A9
1270AA
1270AB
1270AD
1270AE
1270AF
1270B0
1270B1
1270B2
1270B3
1270B4
1270B5
1270B6
1270B8
1270B9
1270BA
1270BB
1270BC
1270BD
1270BE
1270BF
1270C0
1270C1
1270C2
1270C4
1270C5
1270C6
1270C7
1270C8
1270C9
1270CA
1270CB
1270CC
1270CD
1270CE
1270CF
1270D0
1270D1
1270D2
1270D3
1270D4
1270D5
1270D6
1270D7
1270D8
1270D9
1270DA
1270DB
1270DC
1270DD
1270DE
1270DF
1270E0
1270E1
1270E2
1270E3
1270E4
1270E5
1270E6
1270E7
1270E8
1270E9
1270EA
1270EA
126CEB
126CEC
126CED
126CEE
126CEF
126CF0
126CF1
126CF2
126CF3
126CF3
126CF4
126CF5
126CF6
126CF7
126CF8
126CF9
126CF9
126CFA
126CFB
126CFC
126CFD
126CFD
126CFE
126CFF
126D00
126D01
126D01
126D02
126D03
126D04
126D05
126D05
126D06
126D07
126D08
126D08
126D09
126D0A
12690B
12690B
12690C
12690D
12690D
12690E
12690F
126910
126910
126911
126912
126912
126913
126914
126914
126915
126916
126916
126917
126918
126918
126919
126919
12691A
12691B
12691B
12691C
12691D
12691D
12691E
12691E
12691F
126920
126920
126921
126921
126522
126522
126523
126524
126524
126525
126525
126526
126526
126527
126527
126528
126528
126817
126818
126818
126819
126819
12681A
12681A
12681B
12681B
12681C
12681C
12681D
12681E
12681E
12681F
12681F
126820
126820
126821
126822
126822
126C23
126C23
126C24
126C24
126C25
126C26
126C26
126C27
126C28
126C28
126C29
126C29
126C2A
126C2B
126C2B
126C2C
126C2D
126C2D
126C2E
126C2F
126C2F
126C30
126C31
126C31
126C32
126C33
126C33
126C34
126C35
126C36
126C36
126C37
126C38
127039
127039
12703A
12703B
12703C
12703C
12703D
12703E
12703F
12703F
127040
127041
127042
127043
127043
127044
127045
127046
127047
127047
127048
127049
12704A
12704B
12704C
12704D
12704D
12704E
12704F
127050
127051
127052
127053
127054
127054
127455
127456
127457
127458
127459
12745A
12745B
12745C
12745D
12745E
12745F
127460
127461
127462
127462
127463
127464
127465
127466
127467
127468
127469
12746A
12746B
12746C
12746D
12746E
12746F
127470
127472
127473
127474
127475
127476
127477
127478
127479
12747A
12747B
12747C
12747D
12747E
12747F
127480
127481
127482
127484
127485
127486
127487
127488
127489
12748A
12748B
12748C
12748D
12748E
127890
127891
127892
127893
127894
127895
127896
127897
127898
12789A
12789B
12789C
12789D
12789E
12789F
1278A0
1278A1
1278A2
1278A4
1278A5
1278A6
1278A7
1278A8
1278A9
1278AA
1278AB
1278AD
1278AE
1278AF
1278B0
1278B1
1278B2
1274B3
1274B4
1274B5
1274B6
1274B8
1274B9
1274BA
1274BB
1274BC
1274BD
1274BE
1274BF
1274C0
1274C1
1274C2
1274C4
1274C5
1274C6
1274C7
1274C8
1274C9
1274CA
1274CB
1274CC
1274CD
1274CE
1274CF
1274D0
1274D1
1274D2
1274D3
1274D4
1274D5
1274D6
1274D7
1274D8
1274D9
1274DA
1274DB
1274DC
1274DD
1274DE
1274DF
1274E0
1274E1
1274E2
1274E3
1274E4
1274E5
1274E6
1274E7
1274E8
1274E9
1274EA
1274EA
1274EB
1270EC
1270ED
1270EE
1270EF
1270F0
1270F1
1270F2
1270F3
1270F3
1270F4
1270F5
1270F6
1270F7
1270F8
1270F9
1270F9
1270FA
1270FB
1270FC
1270FD
1270FD
1270FE
1270FF
127100
127101
127101
127102
127103
127104
127105
127105
127106
127107
127108
127108
127109
126D0A
126D0B
126D0B
126D0C
126D0D
126D0D
126D0E
126D0F
126D10
126D10
126D11
126D12
126D12
126D13
126D14
126D14
126D15
126D16
126D16
126D17
126D18
126D18
126D19
126D19
126D1A
126D1B
126D1B
126D1C
126D1D
126D1D
126D1E
126D1E
126D1F
126920
126920
126921
126921
126922
126922
126923
126923
126924
126925
126925
126926
126926
126927
126927
126928
126928
126C17
126C18
126C18
126C19
126C19
126C1A
126C1A
126C1B
126C1B
126C1C
126C1C
126C1D
126C1E
126C1E
126C1F
126C1F
126C20
126C20
126C21
126C22
126C22
126C23
126C23
126C24
127024
127025
127026
127026
127027
127028
127028
127029
127029
12702A
12702B
12702B
12702C
12702D
12702D
12702E
12702F
12702F
127030
127031
127031
127032
127033
127033
127034
127035
127036
127036
127037
127038
127039
127439
12743A
12743B
12743C
12743C
12743D
12743E
12743F
12743F
127440
127441
127442
127443
127443
127444
127445
127446
127447
127447
127448
127449
12744A
12744B
12744C
12744D
12744D
12744E
12744F
127450
127451
127452
127453
127454
127854
127855
127856
127857
127858
127859
12785A
12785B
12785C
12785D
12785E
12785F
127860
127861
127862
127863
127863
127864
127865
127866
127867
127868
127869
12786A
12786B
12786C
12786D
12786E
12786F
127871
127872
127873
127874
127875
127876
127877
127878
127879
12787A
12787B
12787C
12787D
12787E
12787F
127880
127881
127882
127884
127C85
127C86
127C87
127C88
127C89
127C8A
127C8B
127C8C
127C8D
127C8E
127C90
127C91
127C92
127C93
127C94
127C95
127C96
127C97
127C98
127C9A
127C9B
127C9C
127C9D
127C9E
127C9F
127CA0
127CA1
127CA2
127CA4
127CA5
127CA6
127CA7
127CA8
127CA9
127CAA
127CAB
127CAD
127CAE
127CAF
127CB0
127CB1
127CB2
127CB3
127CB4
127CB5
127CB6
127CB8
127CB9
127CBA
127CBB
127CBC
127CBD
1278BE
1278BF
1278C0
1278C1
1278C2
1278C3
1278C5
1278C6
1278C7
1278C8
1278C9
1278CA
1278CB
1278CC
1278CD
1278CE
1278CF
1278D0
1278D1
1278D2
1278D3
1278D4
1278D5
1278D6
1278D7
1278D8
1278D9
1278DA
1278DB
1278DC
1278DD
1278DE
1278DF
1278E0
1278E1
1278E2
1278E3
1278E4
1278E5
1278E6
1278E7
1278E8
1278E9
1278EA
1278EA
1278EB
1278EC
1278ED
1274EE
1274EF
1274F0
1274F1
1274F2
1274F2
1274F3
1274F4
1274F5
1274F6
1274F7
1274F8
1274F8
1274F9
1274FA
1274FB
1274FC
1274FD
1274FD
1274FE
1274FF
127500
127501
127501
127502
127503
127504
127505
127505
127506
127507
127508
127508
127109
12710A
12710B
12710B
12710C
12710D
12710D
12710E
12710F
127110
127110
127111
127112
127112
127113
127114
127114
127115
127116
127116
127117
127118
127118
127119
127119
12711A
12711B
12711B
12711C
12711D
12711D
126D1E
126D1E
126D1F
126D1F
126D20
126D21
126D21
126D22
126D22
126D23
126D23
126D24
126D25
126D25
126D26
126D26
126D27
126D27
126D28
126D28
127017
127018
127018
127019
127019
12701A
12701A
12701B
12701B
12701C
12701D
12701D
12701E
12701E
12701F
12701F
127020
127020
127021
127022
127022
127023
127023
127024
127025
127025
127026
127426
127427
127428
127428
127429
127429
12742A
12742B
12742B
12742C
12742D
12742D
12742E
12742F
12742F
127430
127431
127431
127432
127433
127434
127434
127435
127436
127436
127437
127438
127439
127439
12783A
12783B
12783C
12783C
12783D
12783E
12783F
12783F
127840
127841
127842
127843
127843
127844
127845
127846
127847
127847
127848
127849
12784A
12784B
12784C
12784D
12784D
12784E
12784F
127850
127851
127852
127853
127C54
127C54
127C55
127C56
127C57
127C58
127C59
127C5A
127C5B
127C5C
127C5D
127C5E
127C5F
127C60
127C61
127C62
127C63
127C64
127C64
127C65
127C66
127C67
127C68
127C69
127C6A
127C6B
127C6C
127C6D
127C6E
127C6F
127C71
127C72
127C73
127C74
127C75
127C76
127C77
127C78
127C79
127C7A
127C7B
127C7C
12807D
12807E
12807F
128080
128081
128082
128084
128085
128086
128087
128088
128089
12808A
12808B
12808C
12808D
12808E
128090
128091
128092
128093
128094
128095
128096
128097
128098
12809A
12809B
12809C
12809D
12809E
12809F
1280A0
1280A1
1280A2
1280A4
1280A5
1280A6
1280A7
1280A8
1280A9
1280AA
1280AB
1280AD
1280AE
1280AF
1280B0
1280B1
1280B2
1280B3
1280B4
1280B5
1280B6
1280B8
1280B9
1280BA
1280BB
1280BC
1280BD
1280BE
1280BF
1280C0
1280C1
1280C2
1280C3
1280C5
127CC6
127CC7
127CC8
127CC9
127CCA
127CCB
127CCC
127CCD
127CCE
127CCF
127CD0
127CD1
127CD2
127CD3
127CD4
127CD5
127CD6
127CD7
127CD8
127CD9
127CDA
127CDB
127CDC
127CDD
127CDE
127CDF
127CE0
127CE1
127CE2
127CE3
127CE4
127CE5
127CE6
127CE7
127CE8
127CE9
127CE9
127CEA
127CEB
127CEC
127CED
127CEE
1278EF
1278F0
1278F1
1278F2
1278F2
1278F3
1278F4
1278F5
1278F6
1278F7
1278F8
1278F8
1278F9
1278FA
1278FB
1278FC
1278FD
1278FD
1278FE
1278FF
127900
127901
127901
127902
127903
127904
127905
127905
127906
127907
127908
127508
127509
12750A
12750B
12750B
12750C
12750D
12750D
12750E
12750F
12750F
127510
127511
127512
127512
127513
127514
127514
127515
127516
127516
127517
127517
127518
127519
127519
12751A
12751B
12751B
12711C
12711C
12711D
12711E
12711E
12711F
12711F
127120
127121
127121
127122
127122
127123
127123
127124
127125
127125
127126
127126
127127
127127
127128
127128
127017
127018
127418
127419
127419
12741A
12741A
12741B
12741B
12741C
12741D
12741D
12741E
12741E
12741F
12741F
127420
127420
127421
127422
127422
127423
127423
127424
127425
127425
127426
127426
127427
127428
127828
127829
127829
12782A
12782B
12782B
12782C
12782D
12782D
12782E
12782F
12782F
127830
127831
127831
127832
127833
127834
127834
127835
127836
127836
127837
127838
127839
127839
12783A
127C3B
127C3C
127C3C
127C3D
127C3E
127C3F
127C3F
127C40
127C41
127C42
127C43
127C43
127C44
127C45
127C46
127C47
127C48
127C48
127C49
127C4A
127C4B
127C4C
127C4D
127C4D
127C4E
127C4F
127C50
127C51
127C52
128053
128054
128055
128055
128056
128057
128058
128059
12805A
12805B
12805C
12805D
12805E
12805F
128060
128061
128062
128063
128064
128065
128065
128066
128067
128068
128069
12806A
12806B
12806C
12806D
12806E
128070
128071
128072
128073
128074
128075
128076
128077
128478
128479
12847A
12847B
12847C
12847D
12847E
12847F
128480
128481
128482
128484
128485
128486
128487
128488
128489
12848A
12848B
12848C
12848D
12848E
128490
128491
128492
128493
128494
128495
128496
128497
128498
12849A
12849B
12849C
12849D
12849E
12849F
1284A0
1284A1
1284A2
1284A4
1284A5
1284A6
1284A7
1284A8
1284A9
1284AA
1284AB
1284AD
1284AE
1284AF
1284B0
1284B1
1284B2
1284B3
1284B4
1284B5
1284B6
1284B8
1284B9
1284BA
1284BB
1284BC
1284BD
1284BE
1284BF
1284C0
1284C1
1284C2
1284C3
1284C5
1284C6
1284C7
1284C8
1284C9
1284CA
1280CB
1280CC
1280CD
1280CE
1280CF
1280D0
1280D1
1280D2
1280D3
1280D4
1280D5
1280D6
1280D7
1280D8
1280D9
1280DA
1280DB
1280DC
1280DD
1280DE
1280DF
1280E0
1280E1
1280E2
1280E3
1280E4
1280E5
1280E6
1280E7
1280E8
1280E9
1280E9
1280EA
1280EB
1280EC
1280ED
1280EE
1280EF
127CF0
127CF1
127CF2
127CF2
127CF3
127CF4
127CF5
127CF6
127CF7
127CF8
127CF8
127CF9
127CFA
127CFB
127CFC
127CFD
127CFD
127CFE
127CFF
127D00
127D01
127D01
127D02
127D03
127D04
127D04
127D05
127D06
127D07
127908
127908
127909
12790A
12790A
12790B
12790C
12790D
12790D
12790E
12790F
12790F
127910
127911
127912
127912
127913
127914
127914
127915
127916
127916
127917
127917
127918
127919
127919
12751A
12751B
12751B
12751C
12751C
12751D
12751E
12751E
12751F
12751F
127520
127521
127521
127522
127522
127523
127523
127524
127525
127525
127526
127526
127527
127527
127528
127528
127417
127418
127418
127419
127419
12741A
12781A
12781B
12781B
12781C
12781D
12781D
12781E
12781E
12781F
12781F
127820
127820
127821
127822
127822
127823
127823
127824
127825
127825
127826
127826
127827
127828
127828
127829
127C2A
127C2A
127C2B
127C2B
127C2C
127C2D
127C2D
127C2E
127C2F
127C2F
127C30
127C31
127C31
127C32
127C33
127C34
127C34
127C35
127C36
127C36
127C37
127C38
127C39
127C39
127C3A
127C3B
12803C
12803C
12803D
12803E
12803F
12803F
128040
128041
128042
128043
128043
128044
128045
128046
128047
128048
128048
128049
12804A
12804B
12804C
12804D
12804D
12804E
12804F
128050
128051
128452
128453
128454
128455
128455
128456
128457
128458
128459
12845A
12845B
12845C
12845D
12845E
12845F
128460
128461
128462
128463
128464
128465
128466
128466
128467
128468
128469
12846A
12846B
12846C
12846D
12846F
128470
128471
128472
128473
128874
128875
128876
128877
128878
128879
12887A
12887B
12887C
12887D
12887E
12887F
128880
128881
128882
128884
128885
128886
128887
128888
128889
12888A
12888B
12888C
12888D
12888E
128890
128891
128892
128893
128894
128895
128896
128897
128898
12889A
12889B
12889C
12889D
12889E
12889F
1288A0
1288A1
1288A2
1288A4
1288A5
1288A6
1288A7
1288A8
1288A9
1288AA
1288AB
1288AD
1288AE
1288AF
1288B0
1288B1
1288B2
1288B3
1288B4
1288B5
1288B6
1288B8
1288B9
1288BA
1288BB
1288BC
1288BD
1288BE
1288BF
1288C0
1288C1
1288C2
1288C3
1288C5
1288C6
1288C7
1288C8
1288C9
1288CA
1288CB
1288CC
1288CD
1288CE
1284CF
1284D0
1284D1
1284D2
1284D3
1284D4
1284D5
1284D6
1284D7
1284D8
1284D9
1284DA
1284DB
1284DC
1284DD
1284DE
1284DF
1284E0
1284E1
1284E2
1284E3
1284E4
1284E5
1284E6
1284E7
1284E8
1284E9
1284E9
1284EA
1284EB
1284EC
1284ED
1284EE
1284EF
1284F0
1280F1
1280F2
1280F2
1280F3
1280F4
1280F5
1280F6
1280F7
1280F8
1280F8
1280F9
1280FA
1280FB
1280FC
1280FD
1280FD
1280FE
1280FF
128100
128101
128101
128102
128103
128104
128104
128105
128106
127D07
127D07
127D08
127D09
127D0A
127D0A
127D0B
127D0C
127D0D
127D0D
127D0E
127D0F
127D0F
127D10
127D11
127D11
127D12
127D13
127D14
127D14
127D15
127D15
127D16
127D17
127D17
127D18
127919
127919
12791A
12791B
12791B
12791C
12791C
12791D
12791E
12791E
12791F
12791F
127920
127921
127921
127922
127922
127923
127923
127924
127924
127925
127926
127926
127927
127927
127528
127528
127817
127818
127818
127819
127819
12781A
12781A
12781B
12781C
12781C
127C1D
127C1D
127C1E
127C1E
127C1F
127C1F
127C20
127C21
127C21
127C22
127C22
127C23
127C23
127C24
127C25
127C25
127C26
127C26
127C27
127C28
127C28
127C29
127C2A
127C2A
12802B
12802B
12802C
12802D
12802D
12802E
12802F
12802F
128030
128031
128032
128032
128033
128034
128034
128035
128036
128036
128037
128038
128039
128039
12803A
12803B
12843C
12843C
12843D
12843E
12843F
128440
128440
128441
128442
128443
128443
128444
128445
128446
128447
128448
128448
128449
12844A
12844B
12844C
12844D
12844D
12844E
12844F
128450
128451
128852
128853
128854
128855
128855
128856
128857
128858
128859
12885A
12885B
12885C
12885D
12885E
12885F
128860
128861
128862
128863
128864
128865
128866
128867
128868
128868
128869
12886A
12886B
12886D
12886E
12886F
128870
128C71
128C72
128C73
128C74
128C75
128C76
128C77
128C78
128C79
128C7A
128C7B
128C7C
128C7D
128C7E
128C7F
128C80
128C81
128C82
128C84
128C85
128C86
128C87
128C88
128C89
128C8A
128C8B
128C8C
128C8D
128C8E
128C90
128C91
128C92
128C93
128C94
128C95
128C96
128C97
128C98
128C9A
128C9B
128C9C
128C9D
128C9E
128C9F
128CA0
128CA1
128CA2
128CA4
128CA5
128CA6
128CA7
128CA8
128CA9
128CAA
128CAB
128CAD
128CAE
128CAF
128CB0
128CB1
128CB2
128CB3
128CB4
128CB5
128CB6
128CB8
128CB9
128CBA
128CBB
128CBC
128CBD
128CBE
128CBF
128CC0
128CC1
128CC2
128CC3
128CC5
128CC6
128CC7
128CC8
128CC9
128CCA
128CCB
128CCC
128CCD
128CCE
128CCF
128CD0
128CD1
1288D2
1288D3
1288D4
1288D5
1288D6
1288D7
1288D8
1288D9
1288DA
1288DB
1288DC
1288DD
1288DE
1288DF
1288E0
1288E1
1288E2
1288E3
1288E4
1288E5
1288E6
1288E7
1288E8
1288E8
1288E9
1288EA
1288EB
1288EC
1288ED
1288EE
1288EF
1288F0
1284F1
1284F2
1284F2
1284F3
1284F4
1284F5
1284F6
1284F7
1284F8
1284F8
1284F9
1284FA
1284FB
1284FC
1284FD
1284FD
1284FE
1284FF
128500
128501
128501
128502
128503
128504
128504
128505
128506
128107
128107
128108
128109
12810A
12810A
12810B
12810C
12810D
12810D
12810E
12810F
12810F
128110
128111
128111
128112
128113
128113
128114
128115
128115
128116
128117
127D17
127D18
127D19
127D19
127D1A
127D1B
127D1B
127D1C
127D1C
127D1D
127D1E
127D1E
127D1F
127D1F
127D20
127D21
127D21
127D22
127D22
127D23
127D23
127D24
127D24
127D25
127926
127926
127927
127927
127928
127928
127C17
127C18
127C18
127C19
127C19
127C1A
127C1A
127C1B
127C1C
127C1C
127C1D
127C1D
127C1E
12801E
12801F
12801F
128020
128021
128021
128022
128022
128023
128023
128024
128025
128025
128026
128026
128027
128028
128028
128029
12802A
12802A
12802B
12802C
12842C
12842D
12842D
12842E
12842F
12842F
128430
128431
128432
128432
128433
128434
128434
128435
128436
128437
128437
128438
128439
128439
12843A
12843B
12843C
12883C
12883D
12883E
12883F
128840
128840
128841
128842
128843
128844
128844
128845
128846
128847
128848
128848
128849
12884A
12884B
12884C
12884D
12884E
12884E
12884F
128850
128C51
128C52
128C53
128C54
128C55
128C55
128C56
128C57
128C58
128C59
128C5A
128C5B
128C5C
128C5D
128C5E
128C5F
128C60
128C61
128C62
128C63
128C64
128C65
128C66
128C67
128C68
128C69
128C6A
128C6B
128C6C
128C6D
12906E
12906F
129070
129071
129072
129073
129074
129075
129076
129077
129078
129079
12907A
12907B
12907C
12907D
12907E
12907F
129080
129081
129083
129084
129085
129086
129087
129088
129089
12908A
12908B
12908C
12908D
12908F
129090
129091
129092
129093
129094
129095
129096
129097
129098
12909A
12909B
12909C
12909D
12909E
12909F
1290A0
1290A1
1290A2
1290A4
1290A5
1290A6
1290A7
1290A8
1290A9
1290AA
1290AB
1290AD
1290AE
1290AF
1290B0
1290B1
1290B2
1290B3
1290B4
1290B5
1290B6
1290B8
1290B9
1290BA
1290BB
1290BC
1290BD
1290BE
1290BF
1290C0
1290C1
1290C2
1290C3
1290C4
1290C6
1290C7
1290C8
1290C9
1290CA
1290CB
1290CC
1290CD
1290CE
1290CF
1290D0
1290D1
1290D2
1290D3
1290D4
128CD5
128CD6
128CD7
128CD8
128CD9
128CDA
128CDB
128CDC
128CDD
128CDE
128CDF
128CE0
128CE1
128CE2
128CE3
128CE4
128CE5
128CE6
128CE7
128CE8
128CE8
128CE9
128CEA
128CEB
128CEC
128CED
128CEE
128CEF
128CF0
128CF1
1288F1
1288F2
1288F3
1288F4
1288F5
1288F6
1288F7
1288F8
1288F8
1288F9
1288FA
1288FB
1288FC
1288FC
1288FD
1288FE
1288FF
128900
128900
128901
128902
128903
128904
128904
128905
128506
128507
128507
128508
128509
12850A
12850A
12850B
12850C
12850D
12850D
12850E
12850F
12850F
128510
128511
128511
128512
128513
128513
128514
128515
128515
128116
128117
128117
128118
128119
128119
12811A
12811B
12811B
12811C
12811C
12811D
12811E
12811E
12811F
12811F
128120
128120
128121
128122
128122
128123
128123
127D24
127D24
127D25
127D25
127D26
127D27
127D27
127D28
127D28
128017
128018
128018
128019
128019
12801A
12801B
12801B
12801C
12801C
12801D
12801D
12801E
12801E
12801F
12801F
128420
128421
128421
128422
128422
128423
128423
128424
128425
128425
128426
128427
128427
128428
128428
128429
12842A
12842A
12842B
12842C
12842C
12882D
12882E
12882E
12882F
128830
128830
128831
128832
128832
128833
128834
128834
128835
128836
128837
128837
128838
128839
128839
12883A
12883B
12883C
12883C
128C3D
128C3E
128C3F
128C40
128C40
128C41
128C42
128C43
128C44
128C44
128C45
128C46
128C47
128C48
128C48
128C49
128C4A
128C4B
128C4C
128C4D
128C4E
128C4E
128C4F
129050
129051
129052
129053
129054
129055
129056
129056
129057
129058
129059
12905A
12905B
12905C
12905D
12905E
12905F
129060
129061
129062
129063
129064
129065
129066
129067
129068
129069
12906A
12906B
12946C
12946D
12946E
12946F
129470
129471
129472
129473
129474
129475
129476
129477
129478
129479
12947A
12947B
12947C
12947D
12947E
12947F
129480
129481
129483
129484
129485
129486
129487
129488
129489
12948A
12948B
12948C
12948D
12948F
129490
129491
129492
129493
129494
129495
129496
129497
129498
12949A
12949B
12949C
12949D
12949E
12949F
1294A0
1294A1
1294A2
1294A4
1294A5
1294A6
1294A7
1294A8
1294A9
1294AA
1294AB
1294AC
1294AE
1294AF
1294B0
1294B1
1294B2
1294B3
1294B4
1294B5
1294B6
1294B8
1294B9
1294BA
1294BB
1294BC
1294BD
1294BE
1294BF
1294C0
1294C1
1294C2
1294C3
1294C4
1294C6
1294C7
1294C8
1294C9
1294CA
1294CB
1294CC
1294CD
1294CE
1294CF
1294D0
1294D1
1294D2
1294D3
1294D4
1294D5
1294D6
1290D7
1290D8
1290D9
1290DA
1290DB
1290DC
1290DD
1290DE
1290DF
1290E0
1290E1
1290E2
1290E3
1290E4
1290E5
1290E6
1290E7
1290E8
1290E8
1290E9
1290EA
1290EB
1290EC
1290ED
1290EE
1290EF
1290F0
1290F1
128CF1
128CF2
128CF3
128CF4
128CF5
128CF6
128CF7
128CF7
128CF8
128CF9
128CFA
128CFB
128CFC
128CFC
128CFD
128CFE
128CFF
128D00
128D00
128D01
128D02
128D03
128D04
128D04
128905
128906
128907
128907
128908
128909
12890A
12890A
12890B
12890C
12890D
12890D
12890E
12890F
12890F
128910
128911
128911
128912
128913
128913
128914
128515
128515
128516
128517
128517
128518
128519
128519
12851A
12851A
12851B
12851C
12851C
12851D
12851E
12851E
12851F
12851F
128520
128520
128521
128522
128122
128123
128123
128124
128124
128125
128125
128126
128127
128127
128128
128128
128417
128418
128418
128419
12841A
12841A
12841B
12841B
12841C
12841C
12841D
12841D
12841E
12841E
12841F
12841F
128420
128421
128821
128822
128822
128823
128824
128824
128825
128825
128826
128827
128827
128828
128828
128829
12882A
12882A
12882B
12882C
12882C
12882D
12882E
128C2E
128C2F
128C30
128C30
128C31
128C32
128C32
128C33
128C34
128C34
128C35
128C36
128C37
128C37
128C38
128C39
128C3A
128C3A
128C3B
128C3C
128C3D
12903D
12903E
12903F
129040
129040
129041
129042
129043
129044
129044
129045
129046
129047
129048
129048
129049
12904A
12904B
12904C
12904D
12904E
12904E
12904F
129450
129451
129452
129453
129454
129455
129456
129456
129457
129458
129459
12945A
12945B
12945C
12945D
12945E
12945F
129460
129461
129462
129463
129464
129465
129466
129467
129468
129469
12986A
12986B
12986C
12986D
12986E
12986F
129870
129871
129872
129873
129874
129875
129876
129877
129878
129879
12987A
12987B
12987C
12987D
12987E
12987F
129880
129881
129883
129884
129885
129886
129887
129888
129889
12988A
12988B
12988C
12988D
12988F
129890
129891
129892
129893
129894
129895
129896
129897
129898
12989A
12989B
12989C
12989D
12989E
12989F
1298A0
1298A1
1298A2
1298A4
1298A5
1298A6
1298A7
1298A8
1298A9
1298AA
1298AB
1298AC
1298AE
1298AF
1298B0
1298B1
1298B2
1298B3
1298B4
1298B5
1298B6
1298B8
1298B9
1298BA
1298BB
1298BC
1298BD
1298BE
1298BF
1298C0
1298C1
1298C2
1298C3
1298C4
1298C6
1298C7
1298C8
1298C9
1298CA
1298CB
1298CC
1298CD
1298CE
1298CF
1298D0
1298D1
1298D2
1298D3
1298D4
1298D5
1298D6
1298D7
1298D8
1294D9
1294DA
1294DB
1294DC
1294DD
1294DE
1294DF
1294E0
1294E1
1294E2
1294E3
1294E4
1294E5
1294E6
1294E7
1294E7
1294E8
1294E9
1294EA
1294EB
1294EC
1294ED
1294EE
1294EF
1294F0
1294F1
1294F1
1290F2
1290F3
1290F4
1290F5
1290F6
1290F7
1290F7
1290F8
1290F9
1290FA
1290FB
1290FC
1290FC
1290FD
1290FE
1290FF
129100
129100
129101
129102
129103
129104
129104
128D05
128D06
128D07
128D07
128D08
128D09
128D0A
128D0A
128D0B
128D0C
128D0C
128D0D
128D0E
128D0F
128D0F
128D10
128D11
128D11
128D12
128D13
128D13
128914
128915
128915
128916
128917
128917
128918
128919
128919
12891A
12891A
12891B
12891C
12891C
12891D
12891D
12891E
12891F
12891F
128920
128920
128521
128522
128522
128523
128523
128524
128524
128525
128525
128526
128526
128527
128528
128528
128817
128818
128819
128819
12881A
12881A
12881B
12881B
12881C
12881C
12881D
12881D
12881E
12881E
12881F
128820
128820
128821
128821
128822
128822
128C23
128C24
128C24
128C25
128C25
128C26
128C27
128C27
128C28
128C28
128C29
128C2A
128C2A
128C2B
128C2C
128C2C
128C2D
128C2E
128C2E
128C2F
129030
129030
129031
129032
129032
129033
129034
129034
129035
129036
129037
129037
129038
129039
12903A
12903A
12903B
12903C
12903D
12903D
12943E
12943F
129440
129440
129441
129442
129443
129444
129444
129445
129446
129447
129448
129449
129449
12944A
12944B
12944C
12944D
12944E
12944E
12944F
129850
129851
129852
129853
129854
129855
129856
129857
129857
129858
129859
12985A
12985B
12985C
12985D
12985E
12985F
129860
129861
129862
129863
129864
129865
129866
129867
129C68
129C69
129C6A
129C6B
129C6C
129C6D
129C6E
129C6F
129C70
129C71
129C72
129C73
129C74
129C75
129C76
129C77
129C78
129C79
129C7A
129C7B
129C7C
129C7D
129C7E
129C7F
129C80
129C81
129C83
129C84
129C85
129C86
129C87
129C88
129C89
129C8A
129C8B
129C8C
129C8D
129C8F
129C90
129C91
129C92
129C93
129C94
129C95
129C96
129C97
129C98
129C9A
129C9B
12A09C
12A09D
12A09E
12A09F
12A0A0
12A0A1
12A0A2
12A0A4
12A0A5
12A0A6
129CA7
129CA8
129CA9
129CAA
129CAB
129CAC
129CAE
129CAF
129CB0
129CB1
129CB2
129CB3
129CB4
129CB5
129CB6
129CB7
129CB9
129CBA
129CBB
129CBC
129CBD
129CBE
129CBF
129CC0
129CC1
129CC2
129CC3
129CC4
129CC5
129CC7
129CC8
129CC9
129CCA
129CCB
129CCC
129CCD
129CCE
129CCF
129CD0
129CD1
129CD2
129CD3
129CD4
129CD5
129CD6
129CD7
129CD8
129CD9
129CDA
1298DB
1298DC
1298DD
1298DE
1298DF
1298E0
1298E1
1298E2
1298E3
1298E4
1298E5
1298E6
1298E7
1298E7
1298E8
1298E9
1298EA
1298EB
1298EC
1298ED
1298EE
1298EF
1298F0
1298F0
1298F1
1294F2
1294F3
1294F4
1294F5
1294F6
1294F7
1294F7
1294F8
1294F9
1294FA
1294FB
1294FC
1294FC
1294FD
1294FE
1294FF
129500
129500
129501
129502
129503
129504
129104
129105
129106
129107
129107
129108
129109
12910A
12910A
12910B
12910C
12910C
12910D
12910E
12910F
12910F
129110
129111
129111
129112
128D13
128D13
128D14
128D15
128D15
128D16
128D17
128D17
128D18
128D19
128D19
128D1A
128D1A
128D1B
128D1C
128D1C
128D1D
128D1D
128D1E
128D1F
12891F
128920
128920
128921
128922
128922
128923
128923
128924
128924
128925
128925
128926
128926
128927
128928
128928
128818
128818
128819
128C19
128C1A
128C1A
128C1B
128C1B
128C1C
128C1C
128C1D
128C1D
128C1E
128C1E
128C1F
128C20
128C20
128C21
128C21
128C22
128C22
128C23
128C24
129024
129025
129025
129026
129027
129027
129028
129028
129029
12902A
12902A
12902B
12902C
12902C
12902D
12902E
12902E
12902F
129030
129430
129431
129432
129432
129433
129434
129435
129435
129436
129437
129437
129438
129439
12943A
12943A
12943B
12943C
12943D
12943D
12983E
12983F
129840
129840
129841
129842
129843
129844
129844
129845
129846
129847
129848
129849
129849
12984A
12984B
12984C
12984D
12984E
12984F
129C4F
129C50
129C51
129C52
129C53
129C54
129C55
129C56
129C57
129C57
129C58
129C59
129C5A
129C5B
129C5C
129C5D
129C5E
129C5F
129C60
129C61
129C62
129C63
129C64
129C65
129C66
12A067
12A068
12A069
12A06A
12A06B
12A06C
12A06D
12A06E
12A06F
12A070
12A071
12A072
12A073
12A074
12A075
12A076
12A077
12A078
12A079
12A07A
12A07B
12A07C
12A07D
12A07E
12A07F
12A080
12A081
12A083
12A084
12A085
12A086
12A087
12A088
12A089
12A08A
12A08B
12A08C
12A08D
12A48F
12A490
12A491
12A492
12A493
12A494
12A495
12A496
12A497
12A498
12A49A
12A49B
12A49C
12A49D
12A49E
12A49F
12A4A0
12A4A1
12A4A2
12A4A4
12A4A5
12A4A6
12A4A7
12A4A8
12A4A9
12A4AA
12A4AB
12A4AC
12A4AE
12A4AF
12A4B0
12A4B1
12A4B2
12A0B3
12A0B4
12A0B5
12A0B6
12A0B7
12A0B9
12A0BA
12A0BB
12A0BC
12A0BD
12A0BE
12A0BF
12A0C0
12A0C1
12A0C2
12A0C3
12A0C4
12A0C5
12A0C7
12A0C8
12A0C9
12A0CA
12A0CB
12A0CC
12A0CD
12A0CE
12A0CF
12A0D0
12A0D1
12A0D2
12A0D3
12A0D4
12A0D5
12A0D6
12A0D7
12A0D8
12A0D9
12A0DA
12A0DB
129CDC
129CDD
129CDE
129CDF
129CE0
129CE1
129CE2
129CE3
129CE4
129CE5
129CE6
129CE6
129CE7
129CE8
129CE9
129CEA
129CEB
129CEC
129CED
129CEE
129CEF
129CF0
129CF0
129CF1
129CF2
1298F3
1298F4
1298F5
1298F6
1298F7
1298F7
1298F8
1298F9
1298FA
1298FB
1298FC
1298FC
1298FD
1298FE
1298FF
129900
129900
129901
129902
129903
129503
129504
129505
129506
129507
129507
129508
129509
129509
12950A
12950B
12950C
12950C
12950D
12950E
12950F
12950F
129510
129511
129511
129112
129113
129113
129114
129115
129115
129116
129117
129117
129118
129118
129119
12911A
12911A
12911B
12911C
12911C
12911D
12911D
128D1E
128D1F
128D1F
128D20
128D20
128D21
128D21
128D22
128D23
128D23
128D24
128D24
128D25
128D25
128D26
128D26
128D27
128D27
128D28
128C18
128C18
128C19
128C19
128C1A
128C1A
12901B
12901B
12901C
12901C
12901D
12901D
12901E
12901E
12901F
129020
129020
129021
129021
129022
129022
129023
129024
129024
129025
129425
129426
129427
129427
129428
129429
129429
12942A
12942A
12942B
12942C
12942C
12942D
12942E
12942E
12942F
129430
129430
129831
129832
129832
129833
129834
129835
129835
129836
129837
129837
129838
129839
12983A
12983A
12983B
12983C
12983D
12983D
12983E
129C3F
129C40
129C41
129C41
129C42
129C43
129C44
129C45
129C45
129C46
129C47
129C48
129C49
129C49
129C4A
129C4B
129C4C
129C4D
129C4E
129C4F
12A04F
12A050
12A051
12A052
12A053
12A054
12A055
12A056
12A057
12A057
12A058
12A059
12A05A
12A05B
12A05C
12A05D
12A05E
12A05F
12A060
12A061
12A062
12A063
12A064
12A465
12A466
12A467
12A468
12A469
12A46A
12A46B
12A46C
12A46D
12A46E
12A46F
12A470
12A471
12A472
12A473
12A474
12A475
12A476
12A477
12A478
12A479
12A47A
12A47B
12A47C
12A47D
12A47E
12A47F
12A480
12A482
12A483
12A484
12A485
12A486
12A487
12A488
12A889
12A88A
12A88B
12A88C
12A88D
12A88F
12A890
12A891
12A892
12A893
12A894
12A895
12A896
12A897
12A898
12A89A
12A89B
12A89C
12A89D
12A89E
12A89F
12A8A0
12A8A1
12A8A2
12A8A4
12A8A5
12A8A6
12A8A7
12A8A8
12A8A9
12A8AA
12A8AB
12A8AC
12A8AE
12A8AF
12A8B0
12A8B1
12A8B2
12A8B3
12A8B4
12A8B5
12A8B6
12A8B7
12A8B9
12A4BA
12A4BB
12A4BC
12A4BD
12A4BE
12A4BF
12A4C0
12A4C1
12A4C2
12A4C3
12A4C4
12A4C5
12A4C7
12A4C8
12A4C9
12A4CA
12A4CB
12A4CC
12A4CD
12A4CE
12A4CF
12A4D0
12A4D1
12A4D2
12A4D3
12A4D4
12A4D5
12A4D6
12A4D7
12A4D8
12A4D9
12A4DA
12A4DB
12A4DC
12A4DD
12A0DE
12A0DF
12A0E0
12A0E1
12A0E2
12A0E3
12A0E4
12A0E5
12A0E6
12A0E6
12A0E7
12A0E8
12A0E9
12A0EA
12A0EB
12A0EC
12A0ED
12A0EE
12A0EF
12A0F0
12A0F0
12A0F1
12A0F2
129CF3
129CF4
129CF5
129CF6
129CF6
129CF7
129CF8
129CF9
129CFA
129CFB
129CFB
129CFC
129CFD
129CFE
129CFF
129D00
129D00
129D01
129D02
129D03
129903
129904
129905
129906
129906
129907
129908
129909
129909
12990A
12990B
12990C
12990C
12990D
12990E
12990E
12990F
129910
129911
129511
129512
129513
129513
129514
129515
129515
129516
129517
129517
129518
129518
129519
12951A
12951A
12951B
12951C
12951C
12911D
12911D
12911E
12911F
12911F
129120
129120
129121
129121
129122
129123
129123
129124
129124
129125
129125
129126
129126
129127
128D27
128D28
129018
129018
129019
129019
12901A
12901A
12901B
12901B
12901C
12941C
12941D
12941D
12941E
12941F
12941F
129420
129420
129421
129421
129422
129423
129423
129424
129424
129425
129425
129426
129827
129827
129828
129829
129829
12982A
12982A
12982B
12982C
12982C
12982D
12982E
12982E
12982F
129830
129830
129831
129C32
129C32
129C33
129C34
129C35
129C35
129C36
129C37
129C37
129C38
129C39
129C3A
129C3A
129C3B
129C3C
129C3D
129C3D
129C3E
129C3F
12A040
12A041
12A041
12A042
12A043
12A044
12A045
12A045
12A046
12A047
12A048
12A049
12A049
12A04A
12A04B
12A04C
12A04D
12A04E
12A04F
12A44F
12A450
12A451
12A452
12A453
12A454
12A455
12A456
12A457
12A458
12A458
12A459
12A45A
12A45B
12A45C
12A45D
12A45E
12A45F
12A460
12A461
12A462
12A463
12A864
12A865
12A866
12A867
12A868
12A869
12A86A
12A86B
12A86C
12A86D
12A86E
12A86F
12A870
12A871
12A872
12A873
12A874
12A875
12A876
12A877
12A878
12A879
12A87A
12A87B
12A87C
12A87D
12A87E
12A87F
12A880
12A882
12A883
12AC84
12AC85
12AC86
12AC87
12AC88
12AC89
12AC8A
12AC8B
12AC8C
12AC8D
12AC8F
12AC90
12AC91
12AC92
12AC93
12AC94
12AC95
12AC96
12AC97
12AC98
12AC9A
12AC9B
12AC9C
12AC9D
12AC9E
12AC9F
12ACA0
12ACA1
12ACA2
12ACA4
12ACA5
12ACA6
12ACA7
12ACA8
12ACA9
12ACAA
12ACAB
12ACAC
12ACAE
12ACAF
12ACB0
12ACB1
12ACB2
12ACB3
12ACB4
12ACB5
12ACB6
12ACB7
12ACB9
12ACBA
12ACBB
12ACBC
12ACBD
12ACBE
12A8BF
12A8C0
12A8C1
12A8C2
12A8C3
12A8C4
12A8C5
12A8C6
12A8C8
12A8C9
12A8CA
12A8CB
12A8CC
12A8CD
12A8CE
12A8CF
12A8D0
12A8D1
12A8D2
12A8D3
12A8D4
12A8D5
12A8D6
12A8D7
12A8D8
12A8D9
12A8DA
12A8DB
12A8DC
12A8DD
12A8DE
12A4DF
12A4E0
12A4E1
12A4E2
12A4E3
12A4E4
12A4E5
12A4E5
12A4E6
12A4E7
12A4E8
12A4E9
12A4EA
12A4EB
12A4EC
12A4ED
12A4EE
12A4EF
12A4EF
12A4F0
12A4F1
12A4F2
12A0F3
12A0F4
12A0F5
12A0F6
12A0F6
12A0F7
12A0F8
12A0F9
12A0FA
12A0FB
12A0FB
12A0FC
12A0FD
12A0FE
12A0FF
12A0FF
12A100
12A101
12A102
129D03
129D03
129D04
129D05
129D06
129D06
129D07
129D08
129D09
129D09
129D0A
129D0B
129D0C
129D0C
129D0D
129D0E
129D0E
129D0F
129D10
129910
129911
129912
129913
129913
129914
129915
129915
129916
129916
129917
129918
129918
129919
12991A
12991A
12991B
12951B
12951C
12951D
12951D
12951E
12951E
12951F
129520
129520
129521
129521
129522
129522
129523
129524
129524
129525
129525
129126
129126
129127
129127
129128
129418
129418
129419
129419
12941A
12941A
12941B
12941B
12941C
12941C
12941D
12981D
12981E
12981F
12981F
129820
129820
129821
129821
129822
129823
129823
129824
129824
129825
129826
129826
129827
129C27
129C28
129C29
129C29
129C2A
129C2B
129C2B
129C2C
129C2C
129C2D
129C2E
129C2E
129C2F
129C30
129C30
129C31
129C32
129C33
12A033
12A034
12A035
12A035
12A036
12A037
12A038
12A038
12A039
12A03A
12A03A
12A03B
12A03C
12A03D
12A03D
12A03E
12A03F
12A440
12A441
12A441
12A442
12A443
12A444
12A445
12A445
12A446
12A447
12A448
12A449
12A44A
12A44A
12A44B
12A44C
12A44D
12A44E
12A44F
12A850
12A850
12A851
12A852
12A853
12A854
12A855
12A856
12A857
12A858
12A858
12A859
12A85A
12A85B
12A85C
12A85D
12A85E
12A85F
12A860
12A861
12A862
12AC63
12AC64
12AC65
12AC66
12AC67
12AC68
12AC69
12AC6A
12AC6B
12AC6C
12AC6D
12AC6E
12AC6F
12AC70
12AC71
12AC72
12AC73
12AC74
12AC75
12AC76
12AC77
12AC78
12AC79
12AC7A
12AC7B
12AC7C
12AC7D
12AC7E
12AC7F
12B080
12B082
12B083
12B084
12B085
12B086
12B087
12B088
12B089
12B08A
12B08B
12B08C
12B08D
12B08F
12B090
12B091
12B092
12B093
12B094
12B095
12B096
12B097
12B099
12B09A
12B09B
12B09C
12B09D
12B09E
12B09F
12B0A0
12B0A1
12B0A2
12B0A4
12B0A5
12B0A6
12B0A7
12B0A8
12B0A9
12B0AA
12B0AB
12B0AC
12B0AE
12B0AF
12B0B0
12B0B1
12B0B2
12B0B3
12B0B4
12B0B5
12B0B6
12B0B7
12B0B9
12B0BA
12B0BB
12B0BC
12B0BD
12B0BE
12B0BF
12B0C0
12B0C1
12ACC2
12ACC3
12ACC4
12ACC5
12ACC6
12ACC8
12ACC9
12ACCA
12ACCB
12ACCC
12ACCD
12ACCE
12ACCF
12ACD0
12ACD1
12ACD2
12ACD3
12ACD4
12ACD5
12ACD6
12ACD7
12ACD8
12ACD9
12ACDA
12ACDB
12ACDC
12ACDD
12ACDE
12ACDF
12A8E0
12A8E1
12A8E2
12A8E3
12A8E4
12A8E4
12A8E5
12A8E6
12A8E7
12A8E8
12A8E9
12A8EA
12A8EB
12A8EC
12A8ED
12A8EE
12A8EF
12A8EF
12A8F0
12A8F1
12A8F2
12A4F3
12A4F4
12A4F5
12A4F6
12A4F6
12A4F7
12A4F8
12A4F9
12A4FA
12A4FB
12A4FB
12A4FC
12A4FD
12A4FE
12A4FF
12A4FF
12A500
12A501
12A502
12A103
12A103
12A104
12A105
12A106
12A106
12A107
12A108
12A109
12A109
12A10A
12A10B
12A10C
12A10C
12A10D
12A10E
12A10E
129D0F
129D10
129D10
129D11
129D12
129D12
129D13
129D14
129D14
129D15
129D16
129D16
129D17
129D18
129D18
129D19
129D1A
129D1A
12991B
12991B
12991C
12991D
12991D
12991E
12991E
12991F
129920
129920
129921
129921
129922
129922
129923
129924
129924
129525
129525
129526
129526
129527
129527
129528
129818
129818
129819
129819
12981A
12981A
12981B
12981B
12981C
12981C
12981D
12981E
12981E
12981F
129C1F
129C20
129C20
129C21
129C21
129C22
129C23
129C23
129C24
129C24
129C25
129C26
129C26
129C27
129C27
129C28
12A029
12A029
12A02A
12A02B
12A02B
12A02C
12A02D
12A02D
12A02E
12A02F
12A02F
12A030
12A031
12A031
12A032
12A033
12A033
12A434
12A435
12A435
12A436
12A437
12A438
12A438
12A439
12A43A
12A43B
12A43B
12A43C
12A43D
12A43E
12A43E
12A43F
12A440
12A841
12A841
12A842
12A843
12A844
12A845
12A845
12A846
12A847
12A848
12A849
12A84A
12A84A
12A84B
12A84C
12A84D
12A84E
12A84F
12AC50
12AC50
12AC51
12AC52
12AC53
12AC54
12AC55
12AC56
12AC57
12AC58
12AC59
12AC59
12AC5A
12AC5B
12AC5C
12AC5D
12AC5E
12AC5F
12AC60
12AC61
12B062
12B063
12B064
12B065
12B066
12B067
12B068
12B069
12B06A
12B06B
12B06C
12B06D
12B06E
12B06F
12B070
12B071
12B072
12B073
12B074
12B075
12B076
12B077
12B078
12B079
12B07A
12B07B
12B07C
12B47D
12B47E
12B47F
12B481
12B482
12B483
12B484
12B485
12B486
12B487
12B488
12B489
12B48A
12B48B
12B48C
12B48D
12B48F
12B490
12B491
12B492
12B493
12B494
12B495
12B496
12B497
12B499
12B49A
12B49B
12B49C
12B49D
12B49E
12B49F
12B4A0
12B4A1
12B4A2
12B4A4
12B4A5
12B4A6
12B4A7
12B4A8
12B4A9
12B4AA
12B4AB
12B4AC
12B4AE
12B4AF
12B4B0
12B4B1
12B4B2
12B4B3
12B4B4
12B4B5
12B4B6
12B4B7
12B4B9
12B4BA
12B4BB
12B4BC
12B4BD
12B4BE
12B4BF
12B4C0
12B4C1
12B4C2
12B4C3
12B4C4
12B0C5
12B0C6
12B0C7
12B0C9
12B0CA
12B0CB
12B0CC
12B0CD
12B0CE
12B0CF
12B0D0
12B0D1
12B0D2
12B0D3
12B0D4
12B0D5
12B0D6
12B0D7
12B0D8
12B0D9
12B0DA
12B0DB
12B0DC
12B0DD
12B0DE
12B0DF
12B0E0
12ACE1
12ACE2
12ACE3
12ACE4
12ACE4
12ACE5
12ACE6
12ACE7
12ACE8
12ACE9
12ACEA
12ACEB
12ACEC
12ACED
12ACEE
12ACEF
12ACEF
12ACF0
12ACF1
12ACF2
12A8F3
12A8F4
12A8F5
12A8F5
12A8F6
12A8F7
12A8F8
12A8F9
12A8FA
12A8FB
12A8FB
12A8FC
12A8FD
12A8FE
12A8FF
12A8FF
12A900
12A901
12A502
12A503
12A503
12A504
12A505
12A506
12A506
12A507
12A508
12A509
12A509
12A50A
12A50B
12A50B
12A50C
12A50D
12A50E
12A10E
12A10F
12A110
12A110
12A111
12A112
12A112
12A113
12A114
12A114
12A115
12A116
12A116
12A117
12A118
12A118
12A119
129D1A
129D1A
129D1B
129D1B
129D1C
129D1D
129D1D
129D1E
129D1E
129D1F
129D20
129D20
129D21
129D21
129D22
129D22
129923
129924
129924
129925
129925
129926
129926
129927
129927
129928
129C18
129C18
129C19
129C19
129C1A
129C1A
129C1B
129C1B
129C1C
129C1C
129C1D
129C1E
129C1E
129C1F
129C1F
129C20
12A020
12A021
12A022
12A022
12A023
12A023
12A024
12A024
12A025
12A026
12A026
12A027
12A027
12A028
12A029
12A029
12A42A
12A42B
12A42B
12A42C
12A42D
12A42D
12A42E
12A42F
12A42F
12A430
12A431
12A431
12A432
12A433
12A433
12A434
12A835
12A835
12A836
12A837
12A838
12A838
12A839
12A83A
12A83B
12A83B
12A83C
12A83D
12A83E
12A83E
12A83F
12A840
12AC41
12AC41
12AC42
12AC43
12AC44
12AC45
12AC45
12AC46
12AC47
12AC48
12AC49
12AC4A
12AC4A
12AC4B
12AC4C
12AC4D
12AC4E
12AC4F
12B050
12B050
12B051
12B052
12B053
12B054
12B055
12B056
12B057
12B058
12B059
12B059
12B05A
12B05B
12B05C
12B05D
12B05E
12B05F
12B060
12B461
12B462
12B463
12B464
12B465
12B466
12B467
12B468
12B469
12B46A
12B46B
12B46C
12B46D
12B46E
12B46F
12B470
12B471
12B472
12B473
12B474
12B475
12B476
12B477
12B478
12B479
12B47A
12B87B
12B87C
12B87D
12B87E
12B87F
12B881
12B882
12B883
12B884
12B885
12B886
12B887
12B888
12B889
12B88A
12B88B
12B88C
12B88E
12B88F
12B890
12B891
12B892
12B893
12B894
12B895
12B896
12B897
12B899
12B89A
12B89B
12B89C
12B89D
12B89E
12B89F
12B8A0
12B8A1
12B8A2
12B8A4
12B8A5
12B8A6
12B8A7
12B8A8
12B8A9
12B8AA
12B8AB
12B8AC
12B8AE
12B8AF
12B8B0
12B8B1
12B8B2
12B8B3
12B8B4
12B8B5
12B8B6
12B8B7
12B8B8
12B8BA
12B8BB
12B8BC
12B8BD
12B8BE
12B8BF
12B8C0
12B8C1
12B8C2
12B8C3
12B8C4
12B8C5
12B8C6
12B4C7
12B4C9
12B4CA
12B4CB
12B4CC
12B4CD
12B4CE
12B4CF
12B4D0
12B4D1
12B4D2
12B4D3
12B4D4
12B4D5
12B4D6
12B4D7
12B4D8
12B4D9
12B4DA
12B4DB
12B4DC
12B4DD
12B4DE
12B4DF
12B4E0
12B4E1
12B0E2
12B0E3
12B0E3
12B0E4
12B0E5
12B0E6
12B0E7
12B0E8
12B0E9
12B0EA
12B0EB
12B0EC
12B0ED
12B0EE
12B0EE
12B0EF
12B0F0
12B0F1
12B0F2
12ACF3
12ACF4
12ACF5
12ACF5
12ACF6
12ACF7
12ACF8
12ACF9
12ACFA
12ACFA
12ACFB
12ACFC
12ACFD
12ACFE
12ACFF
12ACFF
12AD00
12AD01
12A902
12A902
12A903
12A904
12A905
12A906
12A906
12A907
12A908
12A909
12A909
12A90A
12A90B
12A90B
12A90C
12A90D
12A50E
12A50E
12A50F
12A510
12A510
12A511
12A512
12A512
12A513
12A514
12A514
12A515
12A516
12A516
12A517
12A518
12A118
12A119
12A119
12A11A
12A11B
12A11B
12A11C
12A11D
12A11D
12A11E
12A11E
12A11F
12A11F
12A120
12A121
12A121
129D22
129D22
129D23
129D23
129D24
129D25
129D25
129D26
129D26
129D27
129D27
129D28
129C18
129C18
12A019
12A019
12A01A
12A01A
12A01B
12A01B
12A01C
12A01D
12A01D
12A01E
12A01E
12A01F
12A01F
12A020
12A020
12A021
12A422
12A422
12A423
12A423
12A424
12A424
12A425
12A426
12A426
12A427
12A428
12A428
12A429
12A429
12A42A
12A82B
12A82B
12A82C
12A82D
12A82D
12A82E
12A82F
12A82F
12A830
12A831
12A831
12A832
12A833
12A833
12A834
12A835
12AC36
12AC36
12AC37
12AC38
12AC38
12AC39
12AC3A
12AC3B
12AC3B
12AC3C
12AC3D
12AC3E
12AC3E
12AC3F
12AC40
12AC41
12B042
12B042
12B043
12B044
12B045
12B046
12B046
12B047
12B048
12B049
12B04A
12B04B
12B04B
12B04C
12B04D
12B04E
12B04F
12B450
12B451
12B451
12B452
12B453
12B454
12B455
12B456
12B457
12B458
12B459
12B45A
12B45A
12B45B
12B45C
12B45D
12B45E
12B45F
12B860
12B861
12B862
12B863
12B864
12B865
12B866
12B867
12B868
12B869
12B86A
12B86B
12B86C
12B86D
12B86E
12B86F
12B870
12B871
12B872
12B873
12B874
12B875
12B876
12B877
12B878
12BC79
12BC7A
12BC7B
12BC7C
12BC7D
12BC7E
12BC7F
12BC81
12BC82
12BC83
12BC84
12BC85
12BC86
12BC87
12BC88
12BC89
12BC8A
12BC8B
12BC8C
12BC8E
12BC8F
12BC90
12BC91
12BC92
12BC93
12BC94
12BC95
12BC96
12BC97
12BC99
12BC9A
12BC9B
12BC9C
12BC9D
12BC9E
12BC9F
12BCA0
12BCA1
12BCA2
12BCA4
12BCA5
12BCA6
12BCA7
12BCA8
12BCA9
12BCAA
12BCAB
12BCAC
12BCAE
12BCAF
12BCB0
12BCB1
12BCB2
12BCB3
12BCB4
12BCB5
12BCB6
12BCB7
12BCB8
12BCBA
12BCBB
12BCBC
12BCBD
12BCBE
12BCBF
12BCC0
12BCC1
12BCC2
12BCC3
12BCC4
12BCC5
12BCC6
12BCC7
12BCC8
12B8CA
12B8CB
12B8CC
12B8CD
12B8CE
12B8CF
12B8D0
12B8D1
12B8D2
12B8D3
12B8D4
12B8D5
12B8D6
12B8D7
12B8D8
12B8D9
12B8DA
12B8DB
12B8DC
12B8DD
12B8DE
12B8DF
12B8E0
12B8E1
12B4E2
12B4E2
12B4E3
12B4E4
12B4E5
12B4E6
12B4E7
12B4E8
12B4E9
12B4EA
12B4EB
12B4EC
12B4ED
12B4EE
12B4EE
12B4EF
12B4F0
12B4F1
12B4F2
12B0F3
12B0F4
12B0F5
12B0F5
12B0F6
12B0F7
12B0F8
12B0F9
12B0FA
12B0FA
12B0FB
12B0FC
12B0FD
12B0FE
12B0FE
12B0FF
12B100
12AD01
12AD02
12AD02
12AD03
12AD04
12AD05
12AD05
12AD06
12AD07
12AD08
12AD08
12AD09
12AD0A
12AD0B
12AD0B
12AD0C
12A90D
12A90E
12A90E
12A90F
12A910
12A910
12A911
12A912
12A912
12A913
12A914
12A914
12A915
12A916
12A916
12A917
12A518
12A518
12A519
12A519
12A51A
12A51B
12A51B
12A51C
12A51C
12A51D
12A51E
12A51E
12A51F
12A51F
12A520
12A121
12A121
12A122
12A122
12A123
12A123
12A124
12A125
12A125
12A126
12A126
12A127
12A127
12A128
12A018
12A018
12A019
12A019
12A41A
12A41A
12A41B
12A41C
12A41C
12A41D
12A41D
12A41E
12A41E
12A41F
12A41F
12A420
12A420
12A421
12A422
12A422
12A823
12A823
12A824
12A825
12A825
12A826
12A826
12A827
12A828
12A828
12A829
12A829
12A82A
12A82B
12A82B
12AC2C
12AC2D
12AC2D
12AC2E
12AC2F
12AC2F
12AC30
12AC31
12AC31
12AC32
12AC33
12AC33
12AC34
12AC35
12AC36
12B036
12B037
12B038
12B038
12B039
12B03A
12B03B
12B03B
12B03C
12B03D
12B03E
12B03E
12B03F
12B040
12B041
12B442
12B442
12B443
12B444
12B445
12B446
12B446
12B447
12B448
12B449
12B44A
12B44B
12B44B
12B44C
12B44D
12B44E
12B44F
12B850
12B851
12B851
12B852
12B853
12B854
12B855
12B856
12B857
12B858
12B859
12B85A
12B85A
12B85B
12B85C
12B85D
12B85E
12B85F
12BC60
12BC61
12BC62
12BC63
12BC64
12BC65
12BC66
12BC67
12BC68
12BC69
12BC6A
12BC6B
12BC6C
12BC6D
12BC6E
12BC6F
12BC70
12BC71
12BC72
12BC73
12BC74
12BC75
12BC76
12C077
12C078
12C079
12C07A
12C07B
12C07C
12C07D
12C07E
12C080
12C081
12C082
12C083
12C084
12C085
12C086
12C087
12C088
12C089
12C08A
12C08B
12C08C
12C08E
12C08F
12C090
12C091
12C092
12C093
12C094
12C095
12C096
12C097
12C099
12C09A
12C09B
12C09C
12C09D
12C09E
12C09F
12C0A0
12C0A1
12C0A2
12C0A4
12C0A5
12C0A6
12C0A7
12C0A8
12C0A9
12C0AA
12C0AB
12C0AC
12C0AE
12C0AF
12C0B0
12C0B1
12C0B2
12C0B3
12C0B4
12C0B5
12C0B6
12C0B7
12C0B8
12C0BA
12C0BB
12C0BC
12C0BD
12C0BE
12C0BF
12C0C0
12C0C1
12C0C2
12C0C3
12C0C4
12C0C5
12C0C6
12C0C7
12C0C8
12C0CA
12C0CB
12BCCC
12BCCD
12BCCE
12BCCF
12BCD0
12BCD1
12BCD2
12BCD3
12BCD4
12BCD5
12BCD6
12BCD7
12BCD8
12BCD9
12BCDA
12BCDB
12BCDC
12BCDD
12BCDE
12BCDF
12BCE0
12BCE1
12BCE1
12B8E2
12B8E3
12B8E4
12B8E5
12B8E6
12B8E7
12B8E8
12B8E9
12B8EA
12B8EB
12B8EC
12B8ED
12B8ED
12B8EE
12B8EF
12B8F0
12B8F1
12B8F2
12B4F3
12B4F4
12B4F4
12B4F5
12B4F6
12B4F7
12B4F8
12B4F9
12B4FA
12B4FA
12B4FB
12B4FC
12B4FD
12B4FE
12B4FE
12B4FF
12B500
12B101
12B102
12B102
12B103
12B104
12B105
12B105
12B106
12B107
12B108
12B108
12B109
12B10A
12B10B
12B10B
12AD0C
12AD0D
12AD0D
12AD0E
12AD0F
12AD10
12AD10
12AD11
12AD12
12AD12
12AD13
12AD14
12AD14
12AD15
12AD16
12A916
12A917
12A917
12A918
12A919
12A919
12A91A
12A91B
12A91B
12A91C
12A91C
12A91D
12A91E
12A91E
12A91F
12A51F
12A520
12A521
12A521
12A522
12A522
12A523
12A523
12A524
12A524
12A525
12A526
12A526
12A527
12A527
12A128
12A418
12A418
12A419
12A419
12A41A
12A41B
12A41B
12A81C
12A81C
12A81D
12A81D
12A81E
12A81E
12A81F
12A81F
12A820
12A821
12A821
12A822
12A822
12A823
12AC23
12AC24
12AC25
12AC25
12AC26
12AC26
12AC27
12AC28
12AC28
12AC29
12AC2A
12AC2A
12AC2B
12AC2B
12AC2C
12B02D
12B02D
12B02E
12B02F
12B02F
12B030
12B031
12B031
12B032
12B033
12B034
12B034
12B035
12B036
12B036
12B437
12B438
12B439
12B439
12B43A
12B43B
12B43B
12B43C
12B43D
12B43E
12B43F
12B43F
12B440
12B441
12B442
12B842
12B843
12B844
12B845
12B846
12B846
12B847
12B848
12B849
12B84A
12B84B
12B84B
12B84C
12B84D
12B84E
12B84F
12BC50
12BC51
12BC52
12BC52
12BC53
12BC54
12BC55
12BC56
12BC57
12BC58
12BC59
12BC5A
12BC5B
12BC5B
12BC5C
12BC5D
12BC5E
12C05F
12C060
12C061
12C062
12C063
12C064
12C065
12C066
12C067
12C068
12C069
12C06A
12C06B
12C06C
12C06D
12C06E
12C06F
12C070
12C071
12C072
12C073
12C074
12C475
12C476
12C477
12C478
12C479
12C47A
12C47B
12C47C
12C47D
12C47E
12C480
12C481
12C482
12C483
12C484
12C485
12C486
12C487
12C488
12C489
12C48A
12C48B
12C48C
12C48E
12C48F
12C490
12C491
12C492
12C493
12C494
12C495
12C496
12C497
12C499
12C49A
12C49B
12C49C
12C49D
12C49E
12C49F
12C4A0
12C4A1
12C4A2
12C4A4
12C4A5
12C4A6
12C4A7
12C4A8
12C4A9
12C4AA
12C4AB
12C4AC
12C4AE
12C4AF
12C4B0
12C4B1
12C4B2
12C4B3
12C4B4
12C4B5
12C4B6
12C4B7
12C4B8
12C4BA
12C4BB
12C4BC
12C4BD
12C4BE
12C4BF
12C4C0
12C4C1
12C4C2
12C4C3
12C4C4
12C4C5
12C4C6
12C4C7
12C4C8
12C4C9
12C4CB
12C4CC
12C4CD
12C0CE
12C0CF
12C0D0
12C0D1
12C0D2
12C0D3
12C0D4
12C0D5
12C0D6
12C0D7
12C0D8
12C0D9
12C0DA
12C0DB
12C0DC
12C0DD
12C0DE
12C0DF
12C0E0
12C0E1
12C0E1
12C0E2
12BCE3
12BCE4
12BCE5
12BCE6
12BCE7
12BCE8
12BCE9
12BCEA
12BCEB
12BCEC
12BCED
12BCED
12BCEE
12BCEF
12BCF0
12BCF1
12BCF2
12B8F3
12B8F4
12B8F4
12B8F5
12B8F6
12B8F7
12B8F8
12B8F9
12B8F9
12B8FA
12B8FB
12B8FC
12B8FD
12B8FE
12B8FE
12B8FF
12B500
12B501
12B502
12B502
12B503
12B504
12B505
12B505
12B506
12B507
12B508
12B508
12B509
12B50A
12B50B
12B10B
12B10C
12B10D
12B10D
12B10E
12B10F
12B10F
12B110
12B111
12B112
12B112
12B113
12B114
12B114
12B115
12AD16
12AD16
12AD17
12AD17
12AD18
12AD19
12AD19
12AD1A
12AD1B
12AD1B
12AD1C
12AD1C
12AD1D
12AD1E
12AD1E
12A91F
12A91F
12A920
12A920
12A921
12A922
12A922
12A923
12A923
12A924
12A924
12A925
12A925
12A926
12A527
12A527
12A528
12A818
12A818
12A819
12A81A
12A81A
12A81B
12A81B
12A81C
12A81C
12AC1D
12AC1D
12AC1E
12AC1E
12AC1F
12AC1F
12AC20
12AC21
12AC21
12AC22
12AC22
12AC23
12AC23
12AC24
12B025
12B025
12B026
12B026
12B027
12B028
12B028
12B029
12B02A
12B02A
12B02B
12B02B
12B02C
12B02D
12B42D
12B42E
12B42F
12B42F
12B430
12B431
12B431
12B432
12B433
12B434
12B434
12B435
12B436
12B436
12B837
12B838
12B839
12B839
12B83A
12B83B
12B83C
12B83C
12B83D
12B83E
12B83F
12B83F
12B840
12B841
12B842
12BC42
12BC43
12BC44
12BC45
12BC46
12BC47
12BC47
12BC48
12BC49
12BC4A
12BC4B
12BC4C
12BC4C
12BC4D
12BC4E
12BC4F
12C050
12C051
12C052
12C052
12C053
12C054
12C055
12C056
12C057
12C058
12C059
12C05A
12C05B
12C05C
12C05C
12C05D
12C05E
12C45F
12C460
12C461
12C462
12C463
12C464
12C465
12C466
12C467
12C468
12C469
12C46A
12C46B
12C46C
12C46D
12C46E
12C46F
12C470
12C471
12C472
12C473
12C874
12C875
12C876
12C877
12C878
12C879
12C87A
12C87B
12C87C
12C87D
12C87E
12C880
12C881
12C882
12C883
12C884
12C885
12C886
12C887
12C888
12C889
12C88A
12C88B
12C88C
12C88E
12C88F
12C890
12C891
12C892
12C893
12C894
12C895
12C896
12C897
12C899
12C89A
12C89B
12C89C
12C89D
12C89E
12C89F
12C8A0
12C8A1
12C8A2
12C8A4
12C8A5
12C8A6
12C8A7
12C8A8
12C8A9
12C8AA
12C8AB
12C8AC
12C8AE
12C8AF
12C8B0
12C8B1
12C8B2
12C8B3
12C8B4
12C8B5
12C8B6
12C8B7
12C8B8
12C8BA
12C8BB
12C8BC
12C8BD
12C8BE
12C8BF
12C8C0
12C8C1
12C8C2
12C8C3
12C8C4
12C8C5
12C8C6
12C8C7
12C8C8
12C8C9
12C8CA
12C8CC
12C8CD
12C8CE
12C4CF
12C4D0
12C4D1
12C4D2
12C4D3
12C4D4
12C4D5
12C4D6
12C4D7
12C4D8
12C4D9
12C4DA
12C4DB
12C4DC
12C4DD
12C4DE
12C4DF
12C4E0
12C4E0
12C4E1
12C4E2
12C0E3
12C0E4
12C0E5
12C0E6
12C0E7
12C0E8
12C0E9
12C0EA
12C0EB
12C0EC
12C0ED
12C0ED
12C0EE
12C0EF
12C0F0
12C0F1
12C0F2
12BCF3
12BCF4
12BCF4
12BCF5
12BCF6
12BCF7
12BCF8
12BCF9
12BCF9
12BCFA
12BCFB
12BCFC
12BCFD
12BCFE
12BCFE
12BCFF
12B900
12B901
12B901
12B902
12B903
12B904
12B905
12B905
12B906
12B907
12B908
12B908
12B909
12B90A
12B50A
12B50B
12B50C
12B50D
12B50D
12B50E
12B50F
12B50F
12B510
12B511
12B511
12B512
12B513
12B513
12B514
12B115
12B115
12B116
12B117
12B117
12B118
12B119
12B119
12B11A
12B11B
12B11B
12B11C
12B11C
12B11D
12AD1E
12AD1E
12AD1F
12AD1F
12AD20
12AD20
12AD21
12AD22
12AD22
12AD23
12AD23
12AD24
12AD24
12AD25
12A925
12A926
12A926
12A927
12A928
12AC18
12AC19
12AC19
12AC1A
12AC1A
12AC1B
12AC1B
12AC1C
12AC1C
12AC1D
12AC1D
12B01E
12B01E
12B01F
12B020
12B020
12B021
12B021
12B022
12B022
12B023
12B024
12B024
12B025
12B025
12B426
12B427
12B427
12B428
12B428
12B429
12B42A
12B42A
12B42B
12B42C
12B42C
12B42D
12B42E
12B82E
12B82F
12B830
12B830
12B831
12B832
12B832
12B833
12B834
12B834
12B835
12B836
12B836
12B837
12BC38
12BC39
12BC39
12BC3A
12BC3B
12BC3C
12BC3C
12BC3D
12BC3E
12BC3F
12BC3F
12BC40
12BC41
12BC42
12BC43
12C043
12C044
12C045
12C046
12C047
12C047
12C048
12C049
12C04A
12C04B
12C04C
12C04C
12C04D
12C04E
12C04F
12C450
12C451
12C452
12C452
12C453
12C454
12C455
12C456
12C457
12C458
12C459
12C45A
12C45B
12C45C
12C45C
12C45D
12C85E
12C85F
12C860
12C861
12C862
12C863
12C864
12C865
12C866
12C867
12C868
12C869
12C86A
12C86B
12C86C
12C86D
12C86E
12C86F
12C870
12C871
12C872
12CC73
12CC74
12CC75
12CC76
12CC77
12CC78
12CC79
12CC7A
12CC7B
12CC7C
12CC7D
12CC7F
12CC80
12CC81
12CC82
12CC83
12CC84
12CC85
12CC86
12CC87
12CC88
12CC89
12CC8A
12CC8B
12CC8C
12CC8E
12CC8F
12CC90
12CC91
12CC92
12CC93
12CC94
12CC95
12CC96
12CC97
12CC99
12CC9A
12CC9B
12CC9C
12CC9D
12CC9E
12CC9F
12CCA0
12CCA1
12CCA2
12CCA4
12CCA5
12CCA6
12CCA7
12CCA8
12CCA9
12CCAA
12CCAB
12CCAC
12CCAD
12CCAF
12CCB0
12CCB1
12CCB2
12CCB3
12CCB4
12CCB5
12CCB6
12CCB7
12CCB8
12CCB9
12CCBB
12CCBC
12CCBD
12CCBE
12CCBF
12CCC0
12CCC1
12CCC2
12CCC3
12CCC4
12CCC5
12CCC6
12CCC7
12CCC8
12CCC9
12CCCA
12CCCB
12CCCD
12CCCE
12CCCF
12C8D0
12C8D1
12C8D2
12C8D3
12C8D4
12C8D5
12C8D6
12C8D7
12C8D8
12C8D9
12C8DA
12C8DB
12C8DC
12C8DD
12C8DE
12C8DE
12C8DF
12C8E0
12C8E1
12C8E2
12C8E3
12C4E4
12C4E5
12C4E6
12C4E7
12C4E8
12C4E9
12C4EA
12C4EB
12C4EC
12C4EC
12C4ED
12C4EE
12C4EF
12C4F0
12C4F1
12C4F2
12C0F3
12C0F3
12C0F4
12C0F5
12C0F6
12C0F7
12C0F8
12C0F9
12C0F9
12C0FA
12C0FB
12C0FC
12C0FD
12C0FD
12C0FE
12BCFF
12BD00
12BD01
12BD01
12BD02
12BD03
12BD04
12BD05
12BD05
12BD06
12BD07
12BD08
12BD08
12BD09
12BD0A
12B90A
12B90B
12B90C
12B90D
12B90D
12B90E
12B90F
12B90F
12B910
12B911
12B911
12B912
12B913
12B513
12B514
12B515
12B515
12B516
12B517
12B517
12B518
12B519
12B519
12B51A
12B51A
12B51B
12B51C
12B11C
12B11D
12B11D
12B11E
12B11F
12B11F
12B120
12B120
12B121
12B122
12B122
12B123
12B123
12B124
12AD24
12AD25
12AD25
12AD26
12AD26
12AD27
12AD27
12B018
12B019
12B019
12B01A
12B01A
12B01B
12B01B
12B01C
12B01C
12B01D
12B01D
12B01E
12B01E
12B41F
12B420
12B420
12B421
12B421
12B422
12B422
12B423
12B424
12B424
12B425
12B425
12B426
12B827
12B827
12B828
12B828
12B829
12B82A
12B82A
12B82B
12B82C
12B82C
12B82D
12B82E
12B82E
12B82F
12BC30
12BC30
12BC31
12BC32
12BC32
12BC33
12BC34
12BC34
12BC35
12BC36
12BC37
12BC37
12BC38
12C039
12C039
12C03A
12C03B
12C03C
12C03C
12C03D
12C03E
12C03F
12C03F
12C040
12C041
12C042
12C043
12C443
12C444
12C445
12C446
12C447
12C447
12C448
12C449
12C44A
12C44B
12C44C
12C44C
12C44D
12C44E
12C44F
12C850
12C851
12C852
12C853
12C853
12C854
12C855
12C856
12C857
12C858
12C859
12C85A
12C85B
12C85C
12C85D
12C85D
12CC5E
12CC5F
12CC60
12CC61
12CC62
12CC63
12CC64
12CC65
12CC66
12CC67
12CC68
12CC69
12CC6A
12CC6B
12CC6C
12CC6D
12CC6E
12CC6F
12CC70
12CC71
12D072
12D073
12D074
12D075
12D076
12D077
12D078
12D079
12D07A
12D07B
12D07C
12D07D
12D07F
12D080
12D081
12D082
12D083
12D084
12D085
12D086
12D087
12D088
12D089
12D08A
12D08B
12D08D
12D08E
12D08F
12D090
12D091
12D092
12D093
12D094
12D095
12D096
12D097
12D499
12D49A
12D49B
12D49C
12D49D
12D49E
12D49F
12D4A0
12D4A1
12D4A2
12D4A4
12D4A5
12D4A6
12D4A7
12D4A8
12D4A9
12D0AA
12D0AB
12D0AC
12D0AD
12D0AF
12D0B0
12D0B1
12D0B2
12D0B3
12D0B4
12D0B5
12D0B6
12D0B7
12D0B8
12D0B9
12D0BB
12D0BC
12D0BD
12D0BE
12D0BF
12D0C0
12D0C1
12D0C2
12D0C3
12D0C4
12D0C5
12D0C6
12D0C7
12D0C8
12D0C9
12D0CA
12D0CB
12D0CC
12D0CE
12D0CF
12D0D0
12CCD1
12CCD2
12CCD3
12CCD4
12CCD5
12CCD6
12CCD7
12CCD8
12CCD9
12CCDA
12CCDB
12CCDC
12CCDD
12CCDD
12CCDE
12CCDF
12CCE0
12CCE1
12CCE2
12CCE3
12C8E4
12C8E5
12C8E6
12C8E7
12C8E8
12C8E9
12C8EA
12C8EB
12C8EC
12C8EC
12C8ED
12C8EE
12C8EF
12C8F0
12C8F1
12C8F2
12C4F3
12C4F3
12C4F4
12C4F5
12C4F6
12C4F7
12C4F8
12C4F9
12C4F9
12C4FA
12C4FB
12C4FC
12C4FD
12C4FD
12C4FE
12C0FF
12C100
12C101
12C101
12C102
12C103
12C104
12C104
12C105
12C106
12C107
12C107
12C108
12C109
12BD0A
12BD0A
12BD0B
12BD0C
12BD0D
12BD0D
12BD0E
12BD0F
12BD0F
12BD10
12BD11
12BD11
12BD12
12B913
12B913
12B914
12B915
12B915
12B916
12B917
12B917
12B918
12B919
12B919
12B91A
12B91A
12B91B
12B51C
12B51C
12B51D
12B51D
12B51E
12B51F
12B51F
12B520
12B520
12B521
12B521
12B522
12B523
12B123
12B124
12B124
12B125
12B125
12B126
12B126
12B127
12B127
12B018
12B019
12B419
12B41A
12B41A
12B41B
12B41B
12B41C
12B41C
12B41D
12B41D
12B41E
12B41F
12B41F
12B420
12B820
12B821
12B821
12B822
12B822
12B823
12B824
12B824
12B825
12B825
12B826
12B827
12B827
12BC28
12BC29
12BC29
12BC2A
12BC2A
12BC2B
12BC2C
12BC2C
12BC2D
12BC2E
12BC2E
12BC2F
12BC30
12C030
12C031
12C032
12C032
12C033
12C034
12C034
12C035
12C036
12C037
12C037
12C038
12C039
12C439
12C43A
12C43B
12C43C
12C43C
12C43D
12C43E
12C43F
12C440
12C440
12C441
12C442
12C443
12C443
12C844
12C845
12C846
12C847
12C848
12C848
12C849
12C84A
12C84B
12C84C
12C84D
12C84D
12C84E
12C84F
12CC50
12CC51
12CC52
12CC53
12CC53
12CC54
12CC55
12CC56
12CC57
12CC58
12CC59
12CC5A
12CC5B
12CC5C
12CC5D
12CC5E
12D05E
12D05F
12D060
12D061
12D062
12D063
12D064
12D065
12D066
12D067
12D068
12D069
12D06A
12D06B
12D06C
12D06D
12D06E
12D06F
12D070
12D471
12D472
12D473
12D474
12D475
12D476
12D477
12D478
12D479
12D47A
12D47B
12D47C
12D47E
12D47F
12D480
12D481
12D482
12D483
12D484
12D485
12D486
12D487
12D488
12D489
12D48A
12D48B
12D48D
12D48E
12D48F
12D490
12D491
12D892
12D893
12D894
12D895
12D896
12D897
12D899
12D89A
12D89B
12D89C
12D89D
12D89E
12D89F
12D8A0
12D8A1
12D8A2
12D8A4
12D8A5
12D8A6
12D8A7
12D8A8
12D8A9
12D8AA
12D8AB
12D8AC
12D8AD
12D8AF
12D8B0
12D4B1
12D4B2
12D4B3
12D4B4
12D4B5
12D4B6
12D4B7
12D4B8
12D4B9
12D4BB
12D4BC
12D4BD
12D4BE
12D4BF
12D4C0
12D4C1
12D4C2
12D4C3
12D4C4
12D4C5
12D4C6
12D4C7
12D4C8
12D4C9
12D4CA
12D4CB
12D4CC
12D4CD
12D4CF
12D4D0
12D4D1
12D0D2
12D0D3
12D0D4
12D0D5
12D0D6
12D0D7
12D0D8
12D0D9
12D0DA
12D0DB
12D0DC
12D0DC
12D0DD
12D0DE
12D0DF
12D0E0
12D0E1
12D0E2
12D0E3
12CCE4
12CCE5
12CCE6
12CCE7
12CCE8
12CCE9
12CCEA
12CCEB
12CCEB
12CCEC
12CCED
12CCEE
12CCEF
12CCF0
12CCF1
12CCF2
12C8F3
12C8F3
12C8F4
12C8F5
12C8F6
12C8F7
12C8F8
12C8F8
12C8F9
12C8FA
12C8FB
12C8FC
12C8FD
12C8FD
12C4FE
12C4FF
12C500
12C501
12C501
12C502
12C503
12C504
12C504
12C505
12C506
12C507
12C507
12C508
12C109
12C10A
12C10A
12C10B
12C10C
12C10C
12C10D
12C10E
12C10F
12C10F
12C110
12C111
12C111
12BD12
12BD13
12BD13
12BD14
12BD15
12BD15
12BD16
12BD17
12BD17
12BD18
12BD18
12BD19
12BD1A
12B91A
12B91B
12B91C
12B91C
12B91D
12B91D
12B91E
12B91F
12B91F
12B920
12B920
12B921
12B921
12B522
12B523
12B523
12B524
12B524
12B525
12B525
12B526
12B526
12B527
12B527
12B418
12B419
12B419
12B41A
12B81A
12B81B
12B81B
12B81C
12B81C
12B81D
12B81D
12B81E
12B81F
12B81F
12B820
12B820
12B821
12BC21
12BC22
12BC23
12BC23
12BC24
12BC24
12BC25
12BC26
12BC26
12BC27
12BC27
12BC28
12C029
12C029
12C02A
12C02A
12C02B
12C02C
12C02C
12C02D
12C02E
12C02E
12C02F
12C030
12C030
12C431
12C432
12C432
12C433
12C434
12C435
12C435
12C436
12C437
12C437
12C438
12C439
12C43A
12C83A
12C83B
12C83C
12C83D
12C83D
12C83E
12C83F
12C840
12C840
12C841
12C842
12C843
12C844
12CC44
12CC45
12CC46
12CC47
12CC48
12CC48
12CC49
12CC4A
12CC4B
12CC4C
12CC4D
12CC4D
12CC4E
12CC4F
12D050
12D051
12D052
12D053
12D054
12D054
12D055
12D056
12D057
12D058
12D059
12D05A
12D05B
12D05C
12D05D
12D45E
12D45F
12D45F
12D460
12D461
12D462
12D463
12D464
12D465
12D466
12D467
12D468
12D469
12D46A
12D46B
12D46C
12D46D
12D46E
12D46F
12D870
12D871
12D872
12D873
12D874
12D875
12D876
12D877
12D878
12D879
12D87A
12D87B
12D87C
12D87E
12D87F
12D880
12D881
12D882
12D883
12D884
12D885
12D886
12D887
12D888
12D889
12D88A
12D88B
12D88D
12D88E
12DC8F
12DC90
12DC91
12DC92
12DC93
12DC94
12DC95
12DC96
12DC97
12DC99
12DC9A
12DC9B
12DC9C
12DC9D
12DC9E
12DC9F
12DCA0
12DCA1
12DCA2
12DCA4
12DCA5
12DCA6
12DCA7
12DCA8
12DCA9
12DCAA
12DCAB
12DCAC
12DCAD
12DCAF
12DCB0
12DCB1
12DCB2
12DCB3
12D8B4
12D8B5
12D8B6
12D8B7
12D8B8
12D8B9
12D8BB
12D8BC
12D8BD
12D8BE
12D8BF
12D8C0
12D8C1
12D8C2
12D8C3
12D8C4
12D8C5
12D8C6
12D8C7
12D8C8
12D8C9
12D8CA
12D8CB
12D8CC
12D8CD
12D8CE
12D8CF
12D8D1
12D8D2
12D4D3
12D4D4
12D4D5
12D4D6
12D4D7
12D4D8
12D4D9
12D4DA
12D4DA
12D4DB
12D4DC
12D4DD
12D4DE
12D4DF
12D4E0
12D4E1
12D4E2
12D4E3
12D0E4
12D0E5
12D0E6
12D0E7
12D0E8
12D0E9
12D0EA
12D0EA
12D0EB
12D0EC
12D0ED
12D0EE
12D0EF
12D0F0
12D0F1
12D0F2
12CCF2
12CCF3
12CCF4
12CCF5
12CCF6
12CCF7
12CCF8
12CCF8
12CCF9
12CCFA
12CCFB
12CCFC
12CCFC
12CCFD
12C8FE
12C8FF
12C900
12C900
12C901
12C902
12C903
12C904
12C904
12C905
12C906
12C907
12C907
12C508
12C509
12C50A
12C50A
12C50B
12C50C
12C50C
12C50D
12C50E
12C50E
12C50F
12C510
12C511
12C111
12C112
12C113
12C113
12C114
12C115
12C115
12C116
12C116
12C117
12C118
12C118
12C119
12BD1A
12BD1A
12BD1B
12BD1B
12BD1C
12BD1D
12BD1D
12BD1E
12BD1E
12BD1F
12BD20
12BD20
12B921
12B921
12B922
12B922
12B923
12B924
12B924
12B925
12B925
12B926
12B926
12B927
12B927
12B818
12B819
12B819
12B81A
12B81A
12B81B
12BC1B
12BC1C
12BC1C
12BC1D
12BC1E
12BC1E
12BC1F
12BC1F
12BC20
12BC20
12BC21
12BC21
12C022
12C023
12C023
12C024
12C024
12C025
12C026
12C026
12C027
12C027
12C028
12C029
12C029
12C42A
12C42B
12C42B
12C42C
12C42C
12C42D
12C42E
12C42E
12C42F
12C430
12C430
12C431
12C832
12C832
12C833
12C834
12C835
12C835
12C836
12C837
12C837
12C838
12C839
12C83A
12C83A
12CC3B
12CC3C
12CC3D
12CC3D
12CC3E
12CC3F
12CC40
12CC40
12CC41
12CC42
12CC43
12CC44
12D044
12D045
12D046
12D047
12D048
12D048
12D049
12D04A
12D04B
12D04C
12D04D
12D04D
12D04E
12D04F
12D450
12D451
12D452
12D453
12D454
12D454
12D455
12D456
12D457
12D458
12D459
12D45A
12D45B
12D45C
12D45D
12D85E
12D85F
12D860
12D860
12D861
12D862
12D863
12D864
12D865
12D866
12D867
12D868
12D869
12D86A
12D86B
12D86C
12D86D
12D86E
12DC6F
12DC70
12DC71
12DC72
12DC73
12DC74
12DC75
12DC76
12DC77
12DC78
12DC79
12DC7A
12DC7B
12DC7D
12DC7E
12DC7F
12DC80
12DC81
12DC82
12DC83
12DC84
12DC85
12DC86
12DC87
12DC88
12DC89
12DC8A
12E08B
12E08D
12E08E
12E08F
12E090
12E091
12E092
12E093
12E094
12E095
12E096
12E097
12E099
12E09A
12E09B
12E09C
12E09D
12E09E
12E09F
12E0A0
12E0A1
12E0A2
12E0A4
12E0A5
12E0A6
12E0A7
12E0A8
12E0A9
12E0AA
12E0AB
12E0AC
12E0AD
12E0AF
12E0B0
12E0B1
12E0B2
12E0B3
12E0B4
12E0B5
12E0B6
12DCB7
12DCB8
12DCB9
12DCBA
12DCBC
12DCBD
12DCBE
12DCBF
12DCC0
12DCC1
12DCC2
12DCC3
12DCC4
12DCC5
12DCC6
12DCC7
12DCC8
12DCC9
12DCCA
12DCCB
12DCCC
12DCCD
12DCCE
12DCCF
12DCD0
12DCD1
12DCD2
12D8D3
12D8D5
12D8D5
12D8D6
12D8D7
12D8D8
12D8D9
12D8DA
12D8DB
12D8DC
12D8DD
12D8DE
12D8DF
12D8E0
12D8E1
12D8E2
12D8E3
12D8E4
12D4E5
12D4E6
12D4E7
12D4E8
12D4E9
12D4EA
12D4EA
12D4EB
12D4EC
12D4ED
12D4EE
12D4EF
12D4F0
12D4F1
12D4F2
12D0F2
12D0F3
12D0F4
12D0F5
12D0F6
12D0F7
12D0F7
12D0F8
12D0F9
12D0FA
12D0FB
12D0FC
12D0FC
12CCFD
12CCFE
12CCFF
12CD00
12CD00
12CD01
12CD02
12CD03
12CD03
12CD04
12CD05
12CD06
12CD07
12C907
12C908
12C909
12C909
12C90A
12C90B
12C90C
12C90C
12C90D
12C90E
12C90E
12C90F
12C910
12C510
12C511
12C512
12C513
12C513
12C514
12C514
12C515
12C516
12C516
12C517
12C518
12C118
12C119
12C11A
12C11A
12C11B
12C11B
12C11C
12C11D
12C11D
12C11E
12C11E
12C11F
12C120
12BD20
12BD21
12BD21
12BD22
12BD22
12BD23
12BD23
12BD24
12BD25
12BD25
12BD26
12BD26
12B927
12B927
12BC18
12BC19
12BC19
12BC1A
12BC1A
12BC1B
12BC1B
12BC1C
12C01D
12C01D
12C01E
12C01E
12C01F
12C01F
12C020
12C020
12C021
12C022
12C022
12C023
12C423
12C424
12C424
12C425
12C426
12C426
12C427
12C427
12C428
12C429
12C429
12C42A
12C82B
12C82B
12C82C
12C82D
12C82D
12C82E
12C82E
12C82F
12C830
12C831
12C831
12C832
12CC33
12CC33
12CC34
12CC35
12CC35
12CC36
12CC37
12CC37
12CC38
12CC39
12CC3A
12CC3A
12D03B
12D03C
12D03D
12D03D
12D03E
12D03F
12D040
12D040
12D041
12D042
12D043
12D044
12D044
12D445
12D446
12D447
12D448
12D449
12D449
12D44A
12D44B
12D44C
12D44D
12D44E
12D44E
12D44F
12D850
12D851
12D852
12D853
12D854
12D855
12D855
12D856
12D857
12D858
12D859
12D85A
12D85B
12D85C
12D85D
12DC5E
12DC5F
12DC60
12DC60
12DC61
12DC62
12DC63
12DC64
12DC65
12DC66
12DC67
12DC68
12DC69
12DC6A
12DC6B
12DC6C
12DC6D
12E06E
12E06F
12E070
12E071
12E072
12E073
12E074
12E075
12E076
12E077
12E078
12E079
12E07A
12E07C
12E07D
12E07E
12E07F
12E080
12E081
12E082
12E083
12E084
12E085
12E086
12E087
12E088
12E489
12E48A
12E48B
12E48D
12E48E
12E48F
12E490
12E491
12E492
12E493
12E494
12E495
12E496
12E497
12E499
12E49A
12E49B
12E49C
12E49D
12E49E
12E49F
12E4A0
12E4A1
12E4A2
12E4A4
12E4A5
12E4A6
12E4A7
12E4A8
12E4A9
12E4AA
12E4AB
12E4AC
12E4AD
12E4AF
12E4B0
12E4B1
12E4B2
12E4B3
12E4B4
12E4B5
12E4B6
12E4B7
12E4B8
12E0B9
12E0BA
12E0BC
12E0BD
12E0BE
12E0BF
12E0C0
12E0C1
12E0C2
12E0C3
12E0C4
12E0C5
12E0C6
12E0C7
12E0C8
12E0C9
12E0CA
12E0CB
12E0CC
12E0CD
12E0CE
12E0CF
12E0D0
12E0D1
12E0D2
12DCD3
12DCD4
12DCD5
12DCD6
12DCD7
12DCD8
12DCD9
12DCDA
12DCDB
12DCDC
12DCDD
12DCDE
12DCDF
12DCE0
12DCE1
12DCE2
12DCE3
12DCE4
12D8E5
12D8E6
12D8E7
12D8E8
12D8E9
12D8E9
12D8EA
12D8EB
12D8EC
12D8ED
12D8EE
12D8EF
12D8F0
12D8F1
12D4F1
12D4F2
12D4F3
12D4F4
12D4F5
12D4F6
12D4F7
12D4F7
12D4F8
12D4F9
12D4FA
12D4FB
12D4FC
12D4FC
12D0FD
12D0FE
12D0FF
12D100
12D100
12D101
12D102
12D103
12D103
12D104
12D105
12D106
12D106
12CD07
12CD08
12CD09
12CD09
12CD0A
12CD0B
12CD0C
12CD0C
12CD0D
12CD0E
12CD0E
12CD0F
12C910
12C910
12C911
12C912
12C912
12C913
12C914
12C914
12C915
12C916
12C916
12C917
12C518
12C518
12C519
12C519
12C51A
12C51B
12C51B
12C51C
12C51D
12C51D
12C51E
12C51E
12C11F
12C11F
12C120
12C121
12C121
12C122
12C122
12C123
12C123
12C124
12C124
12C125
12BD26
12BD26
12BD27
12BD27
12C018
12C019
12C019
12C01A
12C01A
12C01B
12C01C
12C01C
12C01D
12C01D
12C41E
12C41E
12C41F
12C41F
12C420
12C420
12C421
12C422
12C422
12C423
12C423
12C824
12C825
12C825
12C826
12C826
12C827
12C828
12C828
12C829
12C829
12C82A
12C82B
12CC2B
12CC2C
12CC2D
12CC2D
12CC2E
12CC2F
12CC2F
12CC30
12CC31
12CC31
12CC32
12CC33
12D033
12D034
12D035
12D035
12D036
12D037
12D038
12D038
12D039
12D03A
12D03A
12D03B
12D43C
12D43D
12D43D
12D43E
12D43F
12D440
12D441
12D441
12D442
12D443
12D444
12D445
12D845
12D846
12D847
12D848
12D849
12D849
12D84A
12D84B
12D84C
12D84D
12D84E
12D84E
12D84F
12D850
12DC51
12DC52
12DC53
12DC54
12DC55
12DC55
12DC56
12DC57
12DC58
12DC59
12DC5A
12DC5B
12DC5C
12DC5D
12E05E
12E05F
12E060
12E061
12E062
12E062
12E063
12E064
12E065
12E066
12E067
12E068
12E069
12E06A
12E06B
12E06C
12E06D
12E46E
12E46F
12E470
12E471
12E472
12E473
12E474
12E475
12E476
12E477
12E478
12E479
12E47A
12E47C
12E47D
12E47E
12E47F
12E480
12E481
12E482
12E483
12E484
12E485
12E486
12E887
12E888
12E889
12E88A
12E88C
12E88D
12E88E
12E88F
12E890
12E891
12E892
12E893
12E894
12E895
12E896
12E897
12E899
12E89A
12E89B
12E89C
12E89D
12E89E
12E89F
12E8A0
12E8A1
12E8A2
12E8A4
12E8A5
12E8A6
12E8A7
12E8A8
12E8A9
12E8AA
12E8AB
12E8AC
12E8AD
12E8AF
12E8B0
12E8B1
12E8B2
12E8B3
12E8B4
12E8B5
12E8B6
12E8B7
12E8B8
12E8B9
12E8BA
12E4BC
12E4BD
12E4BE
12E4BF
12E4C0
12E4C1
12E4C2
12E4C3
12E4C4
12E4C5
12E4C6
12E4C7
12E4C8
12E4C9
12E4CA
12E4CB
12E4CC
12E4CD
12E4CE
12E4CF
12E4D0
12E4D1
12E4D2
12E4D3
12E0D4
12E0D5
12E0D6
12E0D7
12E0D8
12E0D9
12E0DA
12E0DB
12E0DC
12E0DD
12E0DE
12E0DF
12E0E0
12E0E1
12E0E2
12E0E3
12E0E4
12DCE5
12DCE6
12DCE7
12DCE8
12DCE9
12DCE9
12DCEA
12DCEB
12DCEC
12DCED
12DCEE
12DCEF
12DCF0
12DCF1
12D8F1
12D8F2
12D8F3
12D8F4
12D8F5
12D8F6
12D8F7
12D8F7
12D8F8
12D8F9
12D8FA
12D8FB
12D8FB
12D4FC
12D4FD
12D4FE
12D4FF
12D4FF
12D500
12D501
12D502
12D503
12D503
12D504
12D505
12D506
12D106
12D107
12D108
12D109
12D109
12D10A
12D10B
12D10B
12D10C
12D10D
12D10E
12D10E
12CD0F
12CD10
12CD10
12CD11
12CD12
12CD12
12CD13
12CD14
12CD14
12CD15
12CD16
12CD16
12C917
12C918
12C918
12C919
12C919
12C91A
12C91B
12C91B
12C91C
12C91C
12C91D
12C51E
12C51E
12C51F
12C51F
12C520
12C521
12C521
12C522
12C522
12C523
12C523
12C524
12C124
12C125
12C126
12C126
12C127
12C127
12C418
12C419
12C41A
12C41A
12C41B
12C41B
12C41C
12C41C
12C41D
12C41D
12C41E
12C81E
12C81F
12C81F
12C820
12C821
12C821
12C822
12C822
12C823
12C823
12C824
12C825
12CC25
12CC26
12CC26
12CC27
12CC28
12CC28
12CC29
12CC29
12CC2A
12CC2B
12CC2B
12D02C
12D02D
12D02D
12D02E
12D02F
12D02F
12D030
12D031
12D031
12D032
12D033
12D033
12D434
12D435
12D435
12D436
12D437
12D438
12D438
12D439
12D43A
12D43B
12D43B
12D43C
12D83D
12D83E
12D83E
12D83F
12D840
12D841
12D841
12D842
12D843
12D844
12D845
12D845
12DC46
12DC47
12DC48
12DC49
12DC49
12DC4A
12DC4B
12DC4C
12DC4D
12DC4E
12DC4F
12DC4F
12DC50
12E051
12E052
12E053
12E054
12E055
12E056
12E056
12E057
12E058
12E059
12E05A
12E05B
12E05C
12E05D
12E45E
12E45F
12E460
12E461
12E462
12E463
12E463
12E464
12E465
12E466
12E467
12E468
12E469
12E46A
12E46B
12E46C
12E86D
12E86E
12E86F
12E870
12E871
12E872
12E873
12E874
12E875
12E876
12E877
12E878
12E879
12E87B
12E87C
12E87D
12E87E
12E87F
12E880
12E881
12E882
12E883
12E884
12EC85
12EC86
12EC87
12EC88
12EC89
12EC8A
12EC8C
12EC8D
12EC8E
12EC8F
12EC90
12EC91
12EC92
12EC93
12EC94
12EC95
12EC96
12EC98
12EC99
12EC9A
12EC9B
12EC9C
12EC9D
12EC9E
12EC9F
12ECA0
12ECA1
12ECA2
12ECA4
12ECA5
12ECA6
12ECA7
12ECA8
12ECA9
12ECAA
12ECAB
12ECAC
12ECAD
12ECAF
12ECB0
12ECB1
12ECB2
12ECB3
12ECB4
12ECB5
12ECB6
12ECB7
12ECB8
12ECB9
12ECBA
12ECBB
12ECBD
12E8BE
12E8BF
12E8C0
12E8C1
12E8C2
12E8C3
12E8C4
12E8C5
12E8C6
12E8C7
12E8C8
12E8C9
12E8CA
12E8CB
12E8CC
12E8CD
12E8CE
12E8CF
12E8D0
12E8D1
12E8D2
12E8D3
12E8D4
12E4D5
12E4D6
12E4D7
12E4D8
12E4D9
12E4DA
12E4DB
12E4DC
12E4DD
12E4DE
12E4DF
12E4E0
12E4E1
12E4E2
12E4E3
12E4E4
12E0E5
12E0E6
12E0E7
12E0E8
12E0E8
12E0E9
12E0EA
12E0EB
12E0EC
12E0ED
12E0EE
12E0EF
12E0F0
12E0F0
12DCF1
12DCF2
12DCF3
12DCF4
12DCF5
12DCF6
12DCF6
12DCF7
12DCF8
12DCF9
12DCFA
12DCFB
12DCFB
12D8FC
12D8FD
12D8FE
12D8FF
12D8FF
12D900
12D901
12D902
12D903
12D903
12D904
12D905
12D506
12D506
12D507
12D508
12D509
12D509
12D50A
12D50B
12D50B
12D50C
12D50D
12D50E
12D10E
12D10F
12D110
12D110
12D111
12D112
12D112
12D113
12D114
12D114
12D115
12CD16
12CD16
12CD17
12CD17
12CD18
12CD19
12CD19
12CD1A
12CD1B
12CD1B
12CD1C
12CD1C
12C91D
12C91E
12C91E
12C91F
12C91F
12C920
12C920
12C921
12C922
12C922
12C923
12C523
12C524
12C524
12C525
12C525
12C526
12C526
12C527
12C419
12C419
12C81A
12C81A
12C81B
12C81B
12C81C
12C81C
12C81D
12C81D
12C81E
12C81E
12C81F
12CC1F
12CC20
12CC21
12CC21
12CC22
12CC22
12CC23
12CC23
12CC24
12CC25
12CC25
12D026
12D026
12D027
12D028
12D028
12D029
12D02A
12D02A
12D02B
12D02B
12D02C
12D02D
12D42D
12D42E
12D42F
12D42F
12D430
12D431
12D431
12D432
12D433
12D433
12D434
12D835
12D836
12D836
12D837
12D838
12D838
12D839
12D83A
12D83B
12D83B
12D83C
12D83D
12DC3E
12DC3E
12DC3F
12DC40
12DC41
12DC41
12DC42
12DC43
12DC44
12DC45
12DC45
12E046
12E047
12E048
12E049
12E04A
12E04A
12E04B
12E04C
12E04D
12E04E
12E04F
12E04F
12E050
12E451
12E452
12E453
12E454
12E455
12E456
12E457
12E457
12E458
12E459
12E45A
12E45B
12E45C
12E45D
12E85E
12E85F
12E860
12E861
12E862
12E863
12E864
12E864
12E865
12E866
12E867
12E868
12E869
12E86A
12E86B
12E86C
12EC6D
12EC6E
12EC6F
12EC70
12EC71
12EC72
12EC73
12EC74
12EC75
12EC76
12EC77
12EC78
12EC7A
12EC7B
12EC7C
12EC7D
12EC7E
12EC7F
12EC80
12EC81
12EC82
12EC83
12F084
12F085
12F086
12F087
12F088
12F089
12F08A
12F08C
12F08D
12F08E
12F08F
12F090
12F091
12F092
12F093
12F094
12F095
12F096
12F098
12F099
12F09A
12F09B
12F09C
12F09D
12F09E
12F09F
12F0A0
12F0A1
12F0A2
12F0A4
12F0A5
12F0A6
12F0A7
12F0A8
12F0A9
12F0AA
12F0AB
12F0AC
12F0AD
12F0AE
12F0B0
12F0B1
12F0B2
12F0B3
12F0B4
12F0B5
12F0B6
12F0B7
12F0B8
12F0B9
12F0BA
12F0BB
12F0BD
12F0BE
12ECBF
12ECC0
12ECC1
12ECC2
12ECC3
12ECC4
12ECC5
12ECC6
12ECC7
12ECC8
12ECC9
12ECCA
12ECCB
12ECCC
12ECCD
12ECCE
12ECCF
12ECD0
12ECD1
12ECD2
12ECD3
12ECD4
12E8D5
12E8D6
12E8D7
12E8D8
12E8D9
12E8DA
12E8DB
12E8DC
12E8DD
12E8DE
12E8DF
12E8E0
12E8E1
12E8E2
12E8E3
12E8E4
12E4E5
12E4E6
12E4E7
12E4E7
12E4E8
12E4E9
12E4EA
12E4EB
12E4EC
12E4ED
12E4EE
12E4EF
12E4F0
12E4F0
12E0F1
12E0F2
12E0F3
12E0F4
12E0F5
12E0F6
12E0F6
12E0F7
12E0F8
12E0F9
12E0FA
12E0FB
12DCFB
12DCFC
12DCFD
12DCFE
12DCFF
12DCFF
12DD00
12DD01
12DD02
12DD02
12DD03
12DD04
12D905
12D905
12D906
12D907
12D908
12D908
12D909
12D90A
12D90B
12D90B
12D90C
12D90D
12D50D
12D50E
12D50F
12D510
12D510
12D511
12D512
12D512
12D513
12D514
12D514
12D115
12D115
12D116
12D117
12D117
12D118
12D119
12D119
12D11A
12D11B
12D11B
12CD1C
12CD1C
12CD1D
12CD1E
12CD1E
12CD1F
12CD1F
12CD20
12CD20
12CD21
12CD22
12CD22
12C923
12C923
12C924
12C924
12C925
12C925
12C926
12C926
12C927
12C819
12C819
12C81A
12C81A
12CC1B
12CC1B
12CC1C
12CC1C
12CC1D
12CC1D
12CC1E
12CC1E
12CC1F
12CC20
12CC20
12D021
12D021
12D022
12D022
12D023
12D024
12D024
12D025
12D025
12D026
12D027
12D427
12D428
12D428
12D429
12D42A
12D42A
12D42B
12D42C
12D42C
12D42D
12D42D
12D82E
12D82F
12D82F
12D830
12D831
12D831
12D832
12D833
12D834
12D834
12D835
12DC36
12DC36
12DC37
12DC38
12DC38
12DC39
12DC3A
12DC3B
12DC3B
12DC3C
12DC3D
12E03E
12E03E
12E03F
12E040
12E041
12E042
12E042
12E043
12E044
12E045
12E046
12E046
12E447
12E448
12E449
12E44A
12E44A
12E44B
12E44C
12E44D
12E44E
12E44F
12E450
12E450
12E851
12E852
12E853
12E854
12E855
12E856
12E857
12E857
12E858
12E859
12E85A
12E85B
12E85C
12E85D
12EC5E
12EC5F
12EC60
12EC61
12EC62
12EC63
12EC64
12EC65
12EC65
12EC66
12EC67
12EC68
12EC69
12EC6A
12EC6B
12EC6C
12F06D
12F06E
12F06F
12F070
12F071
12F072
12F073
12F074
12F075
12F076
12F077
12F079
12F07A
12F07B
12F07C
12F07D
12F07E
12F07F
12F080
12F081
12F082
12F483
12F484
12F485
12F486
12F487
12F488
12F489
12F48A
12F48C
12F48D
12F48E
12F48F
12F490
12F491
12F492
12F493
12F494
12F495
12F496
12F498
12F499
12F49A
12F49B
12F49C
12F49D
12F49E
12F49F
12F4A0
12F4A1
12F4A2
12F4A4
12F4A5
12F4A6
12F4A7
12F4A8
12F4A9
12F4AA
12F4AB
12F4AC
12F4AD
12F4AE
12F4B0
12F4B1
12F4B2
12F4B3
12F4B4
12F4B5
12F4B6
12F4B7
12F4B8
12F4B9
12F4BA
12F4BB
12F4BC
12F4BE
12F4BF
12F0C0
12F0C1
12F0C2
12F0C3
12F0C4
12F0C5
12F0C6
12F0C7
12F0C8
12F0C9
12F0CA
12F0CB
12F0CC
12F0CD
12F0CE
12F0CF
12F0D0
12F0D1
12F0D2
12F0D3
12F0D4
12ECD5
12ECD6
12ECD7
12ECD8
12ECD9
12ECDA
12ECDB
12ECDC
12ECDD
12ECDE
12ECDF
12ECE0
12ECE1
12ECE2
12ECE3
12ECE4
12E8E5
12E8E6
12E8E7
12E8E7
12E8E8
12E8E9
12E8EA
12E8EB
12E8EC
12E8ED
12E8EE
12E8EF
12E8EF
12E8F0
12E4F1
12E4F2
12E4F3
12E4F4
12E4F5
12E4F5
12E4F6
12E4F7
12E4F8
12E4F9
12E4FA
12E4FA
12E0FB
12E0FC
12E0FD
12E0FE
12E0FE
12E0FF
12E100
12E101
12E102
12E102
12E103
12E104
12DD05
12DD05
12DD06
12DD07
12DD08
12DD08
12DD09
12DD0A
12DD0B
12DD0B
12DD0C
12D90D
12D90D
12D90E
12D90F
12D90F
12D910
12D911
12D911
12D912
12D913
12D913
12D514
12D515
12D515
12D516
12D517
12D517
12D518
12D519
12D519
12D51A
12D51A
12D11B
12D11C
12D11C
12D11D
12D11D
12D11E
12D11F
12D11F
12D120
12D120
12D121
12CD21
12CD22
12CD23
12CD23
12CD24
12CD24
12CD25
12CD25
12CD26
12CD26
12CD27
12CC19
12CC19
12CC1A
12CC1A
12CC1B
12CC1B
12D01C
12D01C
12D01D
12D01D
12D01E
12D01F
12D01F
12D020
12D020
12D021
12D421
12D422
12D422
12D423
12D424
12D424
12D425
12D425
12D426
12D427
12D427
12D828
12D828
12D829
12D82A
12D82A
12D82B
12D82C
12D82C
12D82D
12D82E
12D82E
12DC2F
12DC30
12DC30
12DC31
12DC32
12DC32
12DC33
12DC34
12DC34
12DC35
12DC36
12E036
12E037
12E038
12E039
12E039
12E03A
12E03B
12E03C
12E03C
12E03D
12E03E
12E43F
12E43F
12E440
12E441
12E442
12E442
12E443
12E444
12E445
12E446
12E446
12E447
12E848
12E849
12E84A
12E84B
12E84B
12E84C
12E84D
12E84E
12E84F
12E850
12E850
12E851
12EC52
12EC53
12EC54
12EC55
12EC56
12EC57
12EC58
12EC58
12EC59
12EC5A
12EC5B
12EC5C
12EC5D
12F05E
12F05F
12F060
12F061
12F062
12F063
12F064
12F065
12F066
12F067
12F067
12F068
12F069
12F06A
12F06B
12F46C
12F46D
12F46E
12F46F
12F470
12F471
12F472
12F473
12F474
12F475
12F477
12F478
12F479
12F47A
12F47B
12F47C
12F47D
12F47E
12F47F
12F480
12F481
12F882
12F883
12F884
12F885
12F886
12F887
12F888
12F889
12F88B
12F88C
12F88D
12F88E
12F88F
12F890
12F891
12F892
12F893
12F894
12F895
12F896
12F898
12F899
12F89A
12F89B
12F89C
12F89D
12F89E
12F89F
12F8A0
12F8A1
12F8A2
12F8A4
12F8A5
12F8A6
12F8A7
12F8A8
12F8A9
12F8AA
12F8AB
12F8AC
12F8AD
12F8AE
12F8B0
12F8B1
12F8B2
12F8B3
12F8B4
12F8B5
12F8B6
12F8B7
12F8B8
12F8B9
12F8BA
12F8BB
12F8BC
12F8BE
12F8BF
12F8C0
12F4C1
12F4C2
12F4C3
12F4C4
12F4C5
12F4C6
12F4C7
12F4C8
12F4C9
12F4CA
12F4CB
12F4CC
12F4CD
12F4CE
12F4CF
12F4D0
12F4D1
12F4D2
12F4D3
12F4D4
12F4D5
12F0D6
12F0D7
12F0D8
12F0D9
12F0DA
12F0DB
12F0DC
12F0DD
12F0DE
12F0DF
12F0E0
12F0E1
12F0E2
12F0E3
12F0E4
12ECE5
12ECE6
12ECE6
12ECE7
12ECE8
12ECE9
12ECEA
12ECEB
12ECEC
12ECED
12ECEE
12ECEF
12ECEF
12E8F0
12E8F1
12E8F2
12E8F3
12E8F4
12E8F5
12E8F5
12E8F6
12E8F7
12E8F8
12E8F9
12E8FA
12E4FA
12E4FB
12E4FC
12E4FD
12E4FE
12E4FE
12E4FF
12E500
12E501
12E502
12E502
12E503
12E104
12E105
12E105
12E106
12E107
12E108
12E108
12E109
12E10A
12E10A
12E10B
12DD0C
12DD0D
12DD0D
12DD0E
12DD0F
12DD0F
12DD10
12DD11
12DD11
12DD12
12DD13
12D913
12D914
12D915
12D915
12D916
12D917
12D917
12D918
12D919
12D919
12D91A
12D51A
12D51B
12D51C
12D51C
12D51D
12D51D
12D51E
12D51F
12D51F
12D520
12D120
12D121
12D121
12D122
12D122
12D123
12D124
12D124
12D125
12D125
12D126
12CD26
12CD27
12D019
12D019
12D01A
12D01A
12D01B
12D01B
12D01C
12D41C
12D41D
12D41E
12D41E
12D41F
12D41F
12D420
12D420
12D421
12D421
12D422
12D823
12D823
12D824
12D824
12D825
12D826
12D826
12D827
12D827
12D828
12D829
12DC29
12DC2A
12DC2A
12DC2B
12DC2C
12DC2C
12DC2D
12DC2E
12DC2E
12DC2F
12E030
12E030
12E031
12E032
12E032
12E033
12E034
12E034
12E035
12E036
12E036
12E437
12E438
12E439
12E439
12E43A
12E43B
12E43C
12E43C
12E43D
12E43E
12E43F
12E83F
12E840
12E841
12E842
12E842
12E843
12E844
12E845
12E846
12E846
12E847
12EC48
12EC49
12EC4A
12EC4B
12EC4B
12EC4C
12EC4D
12EC4E
12EC4F
12EC50
12EC51
12EC51
12F052
12F053
12F054
12F055
12F056
12F057
12F058
12F058
12F059
12F05A
12F05B
12F05C
12F05D
12F45E
12F45F
12F460
12F461
12F462
12F463
12F464
12F465
12F466
12F467
12F468
12F469
12F469
12F46A
12F46B
12F86C
12F86D
12F86E
12F86F
12F870
12F871
12F872
12F873
12F875
12F876
12F877
12F878
12F879
12F87A
12F87B
12F87C
12F87D
12F87E
12F87F
12F880
12FC81
12FC82
12FC83
12FC84
12FC85
12FC86
12FC87
12FC88
12FC89
12FC8B
12FC8C
12FC8D
12FC8E
12FC8F
12FC90
12FC91
12FC92
12FC93
12FC94
12FC95
12FC96
12FC98
12FC99
12FC9A
12FC9B
12FC9C
12FC9D
12FC9E
12FC9F
12FCA0
12FCA1
12FCA2
12FCA4
12FCA5
12FCA6
12FCA7
12FCA8
12FCA9
12FCAA
12FCAB
12FCAC
12FCAD
12FCAE
12FCB0
12FCB1
12FCB2
12FCB3
12FCB4
12FCB5
12FCB6
12FCB7
12FCB8
12FCB9
12FCBA
12FCBB
12FCBC
12FCBE
12FCBF
12FCC0
12FCC1
12F8C2
12F8C3
12F8C4
12F8C5
12F8C6
12F8C7
12F8C8
12F8C9
12F8CA
12F8CB
12F8CC
12F8CD
12F8CE
12F8CF
12F8D0
12F8D1
12F8D2
12F8D3
12F8D4
12F8D5
12F4D6
12F4D7
12F4D8
12F4D9
12F4DA
12F4DB
12F4DC
12F4DD
12F4DE
12F4DF
12F4E0
12F4E1
12F4E2
12F4E3
12F4E4
12F0E5
12F0E5
12F0E6
12F0E7
12F0E8
12F0E9
12F0EA
12F0EB
12F0EC
12F0ED
12F0EE
12F0EE
12F0EF
12ECF0
12ECF1
12ECF2
12ECF3
12ECF4
12ECF5
12ECF5
12ECF6
12ECF7
12ECF8
12ECF9
12ECFA
12E8FA
12E8FB
12E8FC
12E8FD
12E8FE
12E8FE
12E8FF
12E900
12E901
12E901
12E902
12E503
12E504
12E505
12E505
12E506
12E507
12E507
12E508
12E509
12E50A
12E50A
12E10B
12E10C
12E10D
12E10D
12E10E
12E10F
12E10F
12E110
12E111
12E111
12E112
12DD13
12DD13
12DD14
12DD15
12DD15
12DD16
12DD17
12DD17
12DD18
12DD18
12D919
12D91A
12D91A
12D91B
12D91B
12D91C
12D91D
12D91D
12D91E
12D91E
12D91F
12D520
12D520
12D521
12D521
12D522
12D522
12D523
12D524
12D524
12D525
12D125
12D126
12D126
12D127
12D419
12D419
12D41A
12D41A
12D41B
12D41B
12D41C
12D41D
12D41D
12D81E
12D81E
12D81F
12D81F
12D820
12D820
12D821
12D821
12D822
12D823
12D823
12DC24
12DC24
12DC25
12DC26
12DC26
12DC27
12DC27
12DC28
12DC29
12DC29
12E02A
12E02A
12E02B
12E02C
12E02C
12E02D
12E02E
12E02E
12E02F
12E030
12E430
12E431
12E432
12E432
12E433
12E434
12E434
12E435
12E436
12E437
12E437
12E838
12E839
12E839
12E83A
12E83B
12E83C
12E83C
12E83D
12E83E
12E83F
12EC3F
12EC40
12EC41
12EC42
12EC43
12EC43
12EC44
12EC45
12EC46
12EC47
12EC47
12EC48
12F049
12F04A
12F04B
12F04B
12F04C
12F04D
12F04E
12F04F
12F050
12F051
12F051
12F452
12F453
12F454
12F455
12F456
12F457
12F458
12F459
12F459
12F45A
12F45B
12F45C
12F45D
12F85E
12F85F
12F860
12F861
12F862
12F863
12F864
12F865
12F866
12F867
12F868
12F869
12F86A
12F86B
12F86C
12FC6D
12FC6D
12FC6E
12FC6F
12FC70
12FC72
12FC73
12FC74
12FC75
12FC76
12FC77
12FC78
12FC79
12FC7A
12FC7B
12FC7C
12FC7D
12FC7E
12FC7F
130080
130081
130082
130083
130084
130085
130086
130087
130088
130089
13008B
13008C
13008D
13008E
13008F
130090
130091
130092
130093
130094
130095
130096
130098
130099
13009A
13009B
13009C
13009D
13009E
13009F
1300A0
1300A1
1300A2
1300A4
1300A5
1300A6
1300A7
1300A8
1300A9
1300AA
1300AB
1300AC
1300AD
1300AE
1300B0
1300B1
1300B2
1300B3
1300B4
1300B5
1300B6
1300B7
1300B8
1300B9
1300BA
1300BB
1300BC
1300BD
1300BF
1300C0
1300C1
1300C2
12FCC3
12FCC4
12FCC5
12FCC6
12FCC7
12FCC8
12FCC9
12FCCA
12FCCB
12FCCC
12FCCD
12FCCE
12FCCF
12FCD0
12FCD1
12FCD2
12FCD3
12FCD4
12FCD5
12F8D6
12F8D7
12F8D8
12F8D9
12F8DA
12F8DB
12F8DC
12F8DD
12F8DE
12F8DF
12F8E0
12F8E1
12F8E2
12F8E3
12F8E4
12F4E4
12F4E5
12F4E6
12F4E7
12F4E8
12F4E9
12F4EA
12F4EB
12F4EC
12F4ED
12F4EE
12F4EE
12F4EF
12F0F0
12F0F1
12F0F2
12F0F3
12F0F4
12F0F4
12F0F5
12F0F6
12F0F7
12F0F8
12F0F9
12ECF9
12ECFA
12ECFB
12ECFC
12ECFD
12ECFD
12ECFE
12ECFF
12ED00
12ED01
12ED01
12E902
12E903
12E904
12E904
12E905
12E906
12E907
12E907
12E908
12E909
12E90A
12E50A
12E50B
12E50C
12E50C
12E50D
12E50E
12E50F
12E50F
12E510
12E511
12E511
12E112
12E113
12E113
12E114
12E115
12E115
12E116
12E116
12E117
12E118
12DD18
12DD19
12DD1A
12DD1A
12DD1B
12DD1B
12DD1C
12DD1D
12DD1D
12DD1E
12D91E
12D91F
12D920
12D920
12D921
12D921
12D922
12D922
12D923
12D923
12D924
12D525
12D525
12D526
12D526
12D527
12D419
12D819
12D81A
12D81A
12D81B
12D81C
12D81C
12D81D
12D81D
12D81E
12D81E
12DC1F
12DC1F
12DC20
12DC20
12DC21
12DC22
12DC22
12DC23
12DC23
12DC24
12E024
12E025
12E026
12E026
12E027
12E027
12E028
12E029
12E029
12E02A
12E42B
12E42B
12E42C
12E42C
12E42D
12E42E
12E42E
12E42F
12E430
12E430
12E831
12E832
12E832
12E833
12E834
12E835
12E835
12E836
12E837
12E837
12E838
12EC39
12EC3A
12EC3A
12EC3B
12EC3C
12EC3C
12EC3D
12EC3E
12EC3F
12EC40
12F040
12F041
12F042
12F043
12F043
12F044
12F045
12F046
12F047
12F047
12F048
12F449
12F44A
12F44B
12F44C
12F44C
12F44D
12F44E
12F44F
12F450
12F451
12F452
12F452
12F853
12F854
12F855
12F856
12F857
12F858
12F859
12F85A
12F85A
12F85B
12F85C
12F85D
12FC5E
12FC5F
12FC60
12FC61
12FC62
12FC63
12FC64
12FC65
12FC66
12FC67
12FC68
12FC69
12FC6A
12FC6B
12FC6C
13006D
13006E
13006F
130070
130071
130072
130073
130074
130075
130076
130077
130078
130079
13007A
13007B
13007C
13007D
13007E
13007F
130480
130481
130482
130483
130484
130485
130486
130487
130488
13048A
13048B
13048C
13048D
13048E
13048F
130490
130491
130492
130493
130494
130495
130496
130498
130499
13049A
13049B
13049C
13049D
13049E
13049F
1304A0
1304A1
1304A2
1304A4
1304A5
1304A6
1304A7
1304A8
1304A9
1304AA
1304AB
1304AC
1304AD
1304AE
1304B0
1304B1
1304B2
1304B3
1304B4
1304B5
1304B6
1304B7
1304B8
1304B9
1304BA
1304BB
1304BC
1304BD
1304BE
1304C0
1304C1
1304C2
1300C3
1300C4
1300C5
1300C6
1300C7
1300C8
1300C9
1300CA
1300CB
1300CC
1300CD
1300CE
1300CF
1300D0
1300D1
1300D2
1300D3
1300D4
1300D5
12FCD6
12FCD7
12FCD8
12FCD9
12FCDA
12FCDB
12FCDC
12FCDD
12FCDE
12FCDF
12FCE0
12FCE1
12FCE2
12FCE3
12FCE3
12F8E4
12F8E5
12F8E6
12F8E7
12F8E8
12F8E9
12F8EA
12F8EB
12F8EC
12F8ED
12F8ED
12F8EE
12F4EF
12F4F0
12F4F1
12F4F2
12F4F3
12F4F4
12F4F4
12F4F5
12F4F6
12F4F7
12F4F8
12F4F9
12F0F9
12F0FA
12F0FB
12F0FC
12F0FD
12F0FD
12F0FE
12F0FF
12F100
12F101
12F101
12ED02
12ED03
12ED04
12ED04
12ED05
12ED06
12ED07
12ED07
12ED08
12ED09
12E90A
12E90A
12E90B
12E90C
12E90C
12E90D
12E90E
12E90E
12E90F
12E910
12E910
12E511
12E512
12E512
12E513
12E514
12E514
12E515
12E516
12E516
12E517
12E118
12E118
12E119
12E11A
12E11A
12E11B
12E11B
12E11C
12E11D
12E11D
12DD1E
12DD1E
12DD1F
12DD1F
12DD20
12DD21
12DD21
12DD22
12DD22
12DD23
12D923
12D924
12D924
12D925
12D926
12D926
12D927
12D819
12D81A
12DC1A
12DC1B
12DC1B
12DC1C
12DC1C
12DC1D
12DC1D
12DC1E
12DC1E
12DC1F
12DC1F
12E020
12E021
12E021
12E022
12E022
12E023
12E023
12E024
12E025
12E425
12E426
12E426
12E427
12E428
12E428
12E429
12E429
12E42A
12E42B
12E82B
12E82C
12E82D
12E82D
12E82E
12E82F
12E82F
12E830
12E831
12E831
12EC32
12EC33
12EC33
12EC34
12EC35
12EC35
12EC36
12EC37
12EC37
12EC38
12EC39
12F03A
12F03A
12F03B
12F03C
12F03D
12F03D
12F03E
12F03F
12F040
12F040
12F441
12F442
12F443
12F443
12F444
12F445
12F446
12F447
12F448
12F448
12F449
12F84A
12F84B
12F84C
12F84C
12F84D
12F84E
12F84F
12F850
12F851
12F852
12F852
12FC53
12FC54
12FC55
12FC56
12FC57
12FC58
12FC59
12FC5A
12FC5B
12FC5B
12FC5C
12FC5D
13005E
13005F
130060
130061
130062
130063
130064
130065
130066
130067
130068
130069
13006A
13006B
13006C
13046D
13046E
13046F
130470
130471
130472
130473
130474
130475
130476
130477
130478
130479
13047A
13047B
13047C
13047D
13047E
13087F
130880
130881
130882
130883
130884
130885
130886
130887
130888
13088A
13088B
13088C
13088D
13088E
13088F
130890
130891
130892
130893
130894
130895
130896
130898
130899
13089A
13089B
13089C
13089D
13089E
13089F
1308A0
1308A1
1308A2
1308A4
1308A5
1308A6
1308A7
1308A8
1308A9
1308AA
1308AB
1308AC
1308AD
1308AE
1308AF
1308B1
1308B2
1308B3
1308B4
1308B5
1308B6
1308B7
1308B8
1308B9
1308BA
1308BB
1308BC
1308BD
1308BE
1308C0
1308C1
1308C2
1308C3
1304C4
1304C5
1304C6
1304C7
1304C8
1304C9
1304CA
1304CB
1304CC
1304CD
1304CE
1304CF
1304D0
1304D1
1304D2
1304D3
1304D4
1304D5
1300D6
1300D7
1300D8
1300D9
1300DA
1300DB
1300DC
1300DD
1300DE
1300DF
1300E0
1300E1
1300E2
1300E2
12FCE3
12FCE4
12FCE5
12FCE6
12FCE7
12FCE8
12FCE9
12FCEA
12FCEB
12FCEC
12FCED
12FCED
12FCEE
12F8EF
12F8F0
12F8F1
12F8F2
12F8F3
12F8F3
12F8F4
12F8F5
12F8F6
12F8F7
12F8F8
12F4F8
12F4F9
12F4FA
12F4FB
12F4FC
12F4FD
12F4FD
12F4FE
12F4FF
12F500
12F500
12F101
12F102
12F103
12F104
12F104
12F105
12F106
12F107
12F107
12F108
12ED09
12ED09
12ED0A
12ED0B
12ED0C
12ED0C
12ED0D
12ED0E
12ED0E
12ED0F
12E910
12E910
12E911
12E912
12E912
12E913
12E914
12E914
12E915
12E916
12E516
12E517
12E518
12E518
12E519
12E519
12E51A
12E51B
12E51B
12E51C
12E11C
12E11D
12E11E
12E11E
12E11F
12E11F
12E120
12E120
12E121
12E122
12DD22
12DD23
12DD23
12DD24
12DD24
12DD25
12DD25
12DD26
12DD26
12DC19
12DC1A
12DC1A
12DC1B
12E01B
12E01C
12E01C
12E01D
12E01D
12E01E
12E01E
12E01F
12E01F
12E020
12E421
12E421
12E422
12E422
12E423
12E423
12E424
12E425
12E425
12E426
12E826
12E827
12E828
12E828
12E829
12E829
12E82A
12E82B
12E82B
12E82C
12EC2D
12EC2D
12EC2E
12EC2F
12EC2F
12EC30
12EC31
12EC31
12EC32
12F033
12F033
12F034
12F035
12F035
12F036
12F037
12F038
12F038
12F039
12F43A
12F43A
12F43B
12F43C
12F43D
12F43D
12F43E
12F43F
12F440
12F440
12F441
12F842
12F843
12F844
12F844
12F845
12F846
12F847
12F848
12F848
12F849
12FC4A
12FC4B
12FC4C
12FC4D
12FC4D
12FC4E
12FC4F
12FC50
12FC51
12FC52
12FC53
130053
130054
130055
130056
130057
130058
130059
13005A
13005B
13005B
13005C
13005D
13005E
13045F
130460
130461
130462
130463
130464
130465
130466
130467
130468
130469
13046A
13046B
13046C
13086D
13086E
13086F
130870
130871
130872
130873
130874
130875
130876
130877
130878
130879
13087A
13087B
13087C
13087D
13087E
130C7F
130C80
130C81
130C82
130C83
130C84
130C85
130C86
130C87
130C89
130C8A
130C8B
130C8C
130C8D
130C8E
130C8F
130C90
130C91
130C92
130C93
130C94
130C95
130C96
130C98
130C99
130C9A
130C9B
130C9C
130C9D
130C9E
130C9F
130CA0
130CA1
130CA2
130CA4
130CA5
130CA6
130CA7
130CA8
130CA9
130CAA
130CAB
130CAC
130CAD
130CAE
130CAF
130CB1
130CB2
130CB3
130CB4
130CB5
130CB6
130CB7
130CB8
130CB9
130CBA
130CBB
130CBC
130CBD
130CBE
130CBF
130CC1
130CC2
130CC3
1308C4
1308C5
1308C6
1308C7
1308C8
1308C9
1308CA
1308CB
1308CC
1308CD
1308CE
1308CF
1308D0
1308D1
1308D2
1308D3
1308D4
1308D5
1304D6
1304D7
1304D8
1304D9
1304DA
1304DB
1304DC
1304DD
1304DE
1304DF
1304E0
1304E1
1304E1
1304E2
1300E3
1300E4
1300E5
1300E6
1300E7
1300E8
1300E9
1300EA
1300EB
1300EC
1300EC
1300ED
12FCEE
12FCEF
12FCF0
12FCF1
12FCF2
12FCF3
12FCF3
12FCF4
12FCF5
12FCF6
12FCF7
12FCF8
12F8F8
12F8F9
12F8FA
12F8FB
12F8FC
12F8FC
12F8FD
12F8FE
12F8FF
12F900
12F500
12F501
12F502
12F503
12F503
12F504
12F505
12F506
12F506
12F507
12F108
12F109
12F109
12F10A
12F10B
12F10B
12F10C
12F10D
12F10E
12F10E
12ED0F
12ED10
12ED10
12ED11
12ED12
12ED12
12ED13
12ED14
12ED14
12ED15
12E916
12E916
12E917
12E917
12E918
12E919
12E919
12E91A
12E91B
12E91B
12E51C
12E51C
12E51D
12E51E
12E51E
12E51F
12E51F
12E520
12E520
12E521
12E122
12E122
12E123
12E123
12E124
12E124
12E125
12E125
12E126
12E126
12E019
12E01A
12E01A
12E01B
12E01B
12E01C
12E41C
12E41D
12E41D
12E41E
12E41E
12E41F
12E420
12E420
12E421
12E421
12E822
12E822
12E823
12E824
12E824
12E825
12E825
12E826
12E827
12EC27
12EC28
12EC28
12EC29
12EC2A
12EC2A
12EC2B
12EC2B
12EC2C
12EC2D
12F02D
12F02E
12F02F
12F02F
12F030
12F031
12F031
12F032
12F033
12F033
12F434
12F435
12F435
12F436
12F437
12F438
12F438
12F439
12F43A
12F83B
12F83B
12F83C
12F83D
12F83D
12F83E
12F83F
12F840
12F841
12F841
12FC42
12FC43
12FC44
12FC44
12FC45
12FC46
12FC47
12FC48
12FC48
12FC49
12FC4A
13004B
13004C
13004D
13004D
13004E
13004F
130050
130051
130052
130053
130053
130454
130455
130456
130457
130458
130459
13045A
13045B
13045C
13045C
13045D
13045E
13085F
130860
130861
130862
130863
130864
130865
130866
130867
130868
130869
13086A
13086B
13086C
130C6D
130C6E
130C6F
130C70
130C71
130C72
130C73
130C74
130C75
130C76
130C77
130C78
130C79
130C7A
130C7B
130C7C
130C7D
13107E
13107F
131080
131081
131082
131083
131084
131085
131086
131087
131089
13108A
13108B
13108C
13108D
13108E
13108F
131090
131091
131092
131093
131094
131095
131097
131098
131099
13109A
13109B
13109C
13109D
13109E
13109F
1310A0
1310A1
1310A2
1310A4
1310A5
1310A6
1310A7
1310A8
1310A9
1310AA
1310AB
1310AC
1310AD
1310AE
1310AF
1310B1
1310B2
1310B3
1310B4
1310B5
1310B6
1310B7
1310B8
1310B9
1310BA
1310BB
1310BC
1310BD
1310BE
1310BF
1310C1
1310C2
1310C3
130CC4
130CC5
130CC6
130CC7
130CC8
130CC9
130CCA
130CCB
130CCC
130CCD
130CCE
130CCF
130CD0
130CD1
130CD2
130CD3
130CD4
130CD5
1308D6
1308D7
1308D8
1308D9
1308DA
1308DB
1308DC
1308DD
1308DE
1308DF
1308E0
1308E0
1308E1
1308E2
1304E3
1304E4
1304E5
1304E6
1304E7
1304E8
1304E9
1304EA
1304EB
1304EB
1304EC
1304ED
1300EE
1300EF
1300F0
1300F1
1300F2
1300F2
1300F3
1300F4
1300F5
1300F6
1300F7
12FCF7
12FCF8
12FCF9
12FCFA
12FCFB
12FCFC
12FCFC
12FCFD
12FCFE
12FCFF
12FD00
12F900
12F901
12F902
12F903
12F903
12F904
12F905
12F906
12F906
12F907
12F508
12F509
12F509
12F50A
12F50B
12F50B
12F50C
12F50D
12F50E
12F10E
12F10F
12F110
12F110
12F111
12F112
12F112
12F113
12F114
12F114
12ED15
12ED15
12ED16
12ED17
12ED17
12ED18
12ED19
12ED19
12ED1A
12ED1A
12E91B
12E91C
12E91C
12E91D
12E91D
12E91E
12E91F
12E91F
12E920
12E520
12E521
12E521
12E522
12E523
12E523
12E524
12E524
12E525
12E525
12E126
12E126
12E419
12E41A
12E41A
12E41B
12E41B
12E41C
12E41C
12E41D
12E81D
12E81E
12E81F
12E81F
12E820
12E820
12E821
12E821
12E822
12EC22
12EC23
12EC24
12EC24
12EC25
12EC25
12EC26
12EC27
12EC27
12EC28
12F028
12F029
12F02A
12F02A
12F02B
12F02C
12F02C
12F02D
12F02D
12F42E
12F42F
12F42F
12F430
12F431
12F431
12F432
12F433
12F433
12F434
12F835
12F836
12F836
12F837
12F838
12F838
12F839
12F83A
12F83B
12FC3B
12FC3C
12FC3D
12FC3E
12FC3E
12FC3F
12FC40
12FC41
12FC41
12FC42
130043
130044
130045
130045
130046
130047
130048
130049
130049
13004A
13044B
13044C
13044D
13044E
13044E
13044F
130450
130451
130452
130453
130454
130854
130855
130856
130857
130858
130859
13085A
13085B
13085C
13085D
13085D
13085E
130C5F
130C60
130C61
130C62
130C63
130C64
130C65
130C66
130C67
130C68
130C69
130C6A
130C6B
130C6C
13106D
13106E
13106F
131070
131071
131072
131073
131074
131075
131076
131077
131078
131079
13107A
13107B
13107C
13107D
13147E
13147F
131480
131481
131482
131483
131484
131485
131486
131487
131489
13148A
13148B
13148C
13148D
13148E
13148F
131490
131491
131492
131493
131494
131495
131497
131498
131499
13149A
13149B
13149C
13149D
13149E
13149F
1314A0
1314A1
1314A2
1314A4
1314A5
1314A6
1314A7
1314A8
1314A9
1314AA
1314AB
1314AC
1314AD
1314AE
1314AF
1314B1
1314B2
1314B3
1314B4
1314B5
1314B6
1314B7
1314B8
1314B9
1314BA
1314BB
1314BC
1314BD
1314BE
1314BF
1314C0
1314C2
1314C3
1314C4
1310C5
1310C6
1310C7
1310C8
1310C9
1310CA
1310CB
1310CC
1310CD
1310CE
1310CF
1310D0
1310D1
1310D2
1310D3
1310D4
1310D5
130CD6
130CD7
130CD8
130CD9
130CDA
130CDB
130CDC
130CDD
130CDE
130CDF
130CDF
130CE0
130CE1
130CE2
1308E3
1308E4
1308E5
1308E6
1308E7
1308E8
1308E9
1308EA
1308EB
1308EB
1308EC
1308ED
1304EE
1304EF
1304F0
1304F1
1304F2
1304F2
1304F3
1304F4
1304F5
1304F6
1304F7
1300F7
1300F8
1300F9
1300FA
1300FB
1300FB
1300FC
1300FD
1300FE
1300FF
12FCFF
12FD00
12FD01
12FD02
12FD03
12FD03
12FD04
12FD05
12FD06
12FD06
12F907
12F908
12F908
12F909
12F90A
12F90B
12F90B
12F90C
12F90D
12F50D
12F50E
12F50F
12F50F
12F510
12F511
12F511
12F512
12F513
12F513
12F114
12F115
12F115
12F116
12F117
12F117
12F118
12F119
12F119
12ED1A
12ED1A
12ED1B
12ED1C
12ED1C
12ED1D
12ED1D
12ED1E
12ED1F
12ED1F
12E920
12E920
12E921
12E921
12E922
12E922
12E923
12E924
12E924
12E525
12E525
12E526
12E526
12E819
12E81A
12E81A
12E81B
12E81B
12E81C
12E81C
12E81D
12E81E
12EC1E
12EC1F
12EC1F
12EC20
12EC20
12EC21
12EC21
12EC22
12EC23
12EC23
12F024
12F024
12F025
12F025
12F026
12F027
12F027
12F028
12F029
12F429
12F42A
12F42A
12F42B
12F42C
12F42C
12F42D
12F42E
12F42E
12F82F
12F830
12F830
12F831
12F832
12F832
12F833
12F834
12F834
12F835
12FC36
12FC36
12FC37
12FC38
12FC39
12FC39
12FC3A
12FC3B
12FC3B
13003C
13003D
13003E
13003E
13003F
130040
130041
130041
130042
130043
130444
130445
130445
130446
130447
130448
130449
130449
13044A
13044B
13084C
13084D
13084E
13084E
13084F
130850
130851
130852
130853
130854
130855
130C55
130C56
130C57
130C58
130C59
130C5A
130C5B
130C5C
130C5D
130C5E
130C5E
13105F
131060
131061
131062
131063
131064
131065
131066
131067
131068
131069
13106A
13106B
13106C
13146D
13146E
13146F
131470
131471
131472
131473
131474
131475
131476
131477
131478
131479
13147A
13147B
13147C
13147D
13187E
13187F
131880
131881
131882
131883
131884
131885
131886
131888
131889
13188A
13188B
13188C
13188D
13188E
13188F
131890
131891
131892
131893
131894
131895
131897
131898
131899
13189A
13189B
13189C
13189D
13189E
13189F
1318A0
1318A1
1318A2
1318A4
1318A5
1318A6
1318A7
1318A8
1318A9
1318AA
1318AB
1318AC
1318AD
1318AE
1318AF
1318B0
1318B2
1318B3
1318B4
1318B5
1318B6
1318B7
1318B8
1318B9
1318BA
1318BB
1318BC
1318BD
1318BE
1318BF
1318C0
1318C1
1318C3
1318C4
1314C5
1314C6
1314C7
1314C8
1314C9
1314CA
1314CB
1314CC
1314CD
1314CE
1314CF
1314D0
1314D1
1314D2
1314D3
1314D4
1314D5
1310D6
1310D7
1310D8
1310D9
1310DA
1310DB
1310DC
1310DD
1310DE
1310DE
1310DF
1310E0
1310E1
130CE2
130CE3
130CE4
130CE5
130CE6
130CE7
130CE8
130CE9
130CEA
130CEA
130CEB
130CEC
1308ED
1308EE
1308EF
1308F0
1308F1
1308F1
1308F2
1308F3
1308F4
1308F5
1308F6
1304F7
1304F7
1304F8
1304F9
1304FA
1304FB
1304FB
1304FC
1304FD
1304FE
1300FF
1300FF
130100
130101
130102
130102
130103
130104
130105
130105
12FD06
12FD07
12FD08
12FD08
12FD09
12FD0A
12FD0B
12FD0B
12FD0C
12F90D
12F90D
12F90E
12F90F
12F90F
12F910
12F911
12F911
12F912
12F913
12F513
12F514
12F515
12F515
12F516
12F517
12F517
12F518
12F518
12F119
12F11A
12F11A
12F11B
12F11B
12F11C
12F11D
12F11D
12F11E
12ED1E
12ED1F
12ED20
12ED20
12ED21
12ED21
12ED22
12ED22
12ED23
12ED23
12E924
12E925
12E925
12E926
12E926
12E819
12E81A
12EC1A
12EC1B
12EC1C
12EC1C
12EC1D
12EC1D
12EC1E
12EC1E
12EC1F
12F01F
12F020
12F020
12F021
12F022
12F022
12F023
12F023
12F024
12F424
12F425
12F426
12F426
12F427
12F427
12F428
12F429
12F429
12F82A
12F82A
12F82B
12F82C
12F82C
12F82D
12F82E
12F82E
12F82F
12FC30
12FC30
12FC31
12FC32
12FC32
12FC33
12FC34
12FC34
12FC35
12FC36
130036
130037
130038
130039
130039
13003A
13003B
13003C
13003C
13043D
13043E
13043E
13043F
130440
130441
130442
130442
130443
130444
130845
130845
130846
130847
130848
130849
13084A
13084A
13084B
13084C
130C4D
130C4E
130C4F
130C4F
130C50
130C51
130C52
130C53
130C54
130C55
131055
131056
131057
131058
131059
13105A
13105B
13105C
13105D
13105E
13105F
13105F
131460
131461
131462
131463
131464
131465
131466
131467
131468
131469
13146A
13146B
13146C
13186D
13186E
13186F
131870
131871
131872
131873
131874
131875
131876
131877
131878
131879
13187A
13187B
13187C
13187D
131C7E
131C7F
131C80
131C81
131C82
131C83
131C84
131C85
131C86
131C88
131C89
131C8A
131C8B
131C8C
131C8D
131C8E
131C8F
131C90
131C91
131C92
131C93
131C94
131C95
131C97
131C98
131C99
131C9A
131C9B
131C9C
131C9D
131C9E
131C9F
131CA0
131CA1
131CA2
131CA4
131CA5
131CA6
131CA7
131CA8
131CA9
131CAA
131CAB
131CAC
131CAD
131CAE
131CAF
131CB0
131CB2
131CB3
131CB4
131CB5
131CB6
131CB7
131CB8
131CB9
131CBA
131CBB
131CBC
131CBD
131CBE
131CBF
131CC0
131CC1
131CC2
131CC4
1318C5
1318C6
1318C7
1318C8
1318C9
1318CA
1318CB
1318CC
1318CD
1318CE
1318CF
1318D0
1318D1
1318D2
1318D3
1318D4
1318D5
1314D6
1314D7
1314D8
1314D9
1314DA
1314DB
1314DC
1314DD
1314DD
1314DE
1314DF
1314E0
1314E1
1310E2
1310E3
1310E4
1310E5
1310E6
1310E7
1310E8
1310E9
1310E9
1310EA
1310EB
1310EC
130CED
130CEE
130CEF
130CF0
130CF1
130CF1
130CF2
130CF3
130CF4
130CF5
1308F6
1308F6
1308F7
1308F8
1308F9
1308FA
1308FB
1308FB
1308FC
1308FD
1304FE
1304FE
1304FF
130500
130501
130502
130502
130503
130504
130505
130105
130106
130107
130108
130108
130109
13010A
13010A
13010B
12FD0C
12FD0D
12FD0D
12FD0E
12FD0F
12FD0F
12FD10
12FD11
12FD11
12FD12
12F913
12F913
12F914
12F915
12F915
12F916
12F916
12F917
12F918
12F518
12F519
12F51A
12F51A
12F51B
12F51B
12F51C
12F51D
12F51D
12F11E
12F11E
12F11F
12F11F
12F120
12F121
12F121
12F122
12F122
12ED23
12ED23
12ED24
12ED24
12ED25
12ED26
12ED26
12EC1A
12EC1A
12EC1B
12F01B
12F01C
12F01C
12F01D
12F01D
12F01E
12F01E
12F01F
12F01F
12F420
12F420
12F421
12F422
12F422
12F423
12F423
12F424
12F425
12F825
12F826
12F826
12F827
12F827
12F828
12F829
12F829
12F82A
12FC2B
12FC2B
12FC2C
12FC2C
12FC2D
12FC2E
12FC2E
12FC2F
12FC30
130030
130031
130032
130032
130033
130034
130034
130035
130036
130037
130437
130438
130439
130439
13043A
13043B
13043C
13043C
13043D
13083E
13083F
13083F
130840
130841
130842
130842
130843
130844
130C45
130C46
130C46
130C47
130C48
130C49
130C4A
130C4A
130C4B
130C4C
13104D
13104E
13104F
13104F
131050
131051
131052
131053
131054
131055
131056
131456
131457
131458
131459
13145A
13145B
13145C
13145D
13145E
13145F
131460
131860
131861
131862
131863
131864
131865
131866
131867
131868
131869
13186A
13186B
13186C
131C6D
131C6E
131C6F
131C70
131C71
131C72
131C73
131C74
131C75
131C76
131C77
131C78
131C79
131C7A
131C7B
131C7C
131C7D
13207E
13207F
132080
132081
132082
132083
132084
132085
132087
132088
132089
13208A
13208B
13208C
13208D
13208E
13208F
132090
132091
132092
132093
132094
132095
132097
132098
132099
13209A
13209B
13209C
13209D
13209E
13209F
1320A0
1320A1
1320A2
1320A4
1320A5
1320A6
1320A7
1320A8
1320A9
1320AA
1320AB
1320AC
1320AD
1320AE
1320AF
1320B0
1320B2
1320B3
1320B4
1320B5
1320B6
1320B7
1320B8
1320B9
1320BA
1320BB
1320BC
1320BD
1320BE
1320BF
1320C0
1320C1
1320C2
1320C3
131CC5
131CC6
131CC7
131CC8
131CC9
131CCA
131CCB
131CCC
131CCD
131CCE
131CCF
131CD0
131CD1
131CD2
131CD3
131CD4
131CD5
1318D6
1318D7
1318D8
1318D9
1318DA
1318DB
1318DB
1318DC
1318DD
1318DE
1318DF
1318E0
1318E1
1314E2
1314E3
1314E4
1314E5
1314E6
1314E7
1314E8
1314E8
1314E9
1314EA
1314EB
1310EC
1310ED
1310EE
1310EF
1310F0
1310F0
1310F1
1310F2
1310F3
1310F4
1310F5
130CF6
130CF6
130CF7
130CF8
130CF9
130CFA
130CFA
130CFB
130CFC
130CFD
1308FE
1308FE
1308FF
130900
130901
130901
130902
130903
130904
130505
130505
130506
130507
130507
130508
130509
13050A
13050A
13010B
13010C
13010C
13010D
13010E
13010F
13010F
130110
130111
12FD11
12FD12
12FD13
12FD13
12FD14
12FD14
12FD15
12FD16
12FD16
12F917
12F918
12F918
12F919
12F91A
12F91A
12F91B
12F91B
12F91C
12F51C
12F51D
12F51E
12F51E
12F51F
12F51F
12F520
12F521
12F521
12F122
12F122
12F123
12F123
12F124
12F124
12F125
12F125
12F126
12F01A
12F01A
12F01B
12F01B
12F01C
12F41C
12F41D
12F41D
12F41E
12F41E
12F41F
12F41F
12F420
12F421
12F821
12F822
12F822
12F823
12F823
12F824
12F825
12F825
12F826
12FC26
12FC27
12FC28
12FC28
12FC29
12FC29
12FC2A
12FC2B
12FC2B
13002C
13002D
13002D
13002E
13002E
13002F
130030
130030
130031
130432
130432
130433
130434
130435
130435
130436
130437
130837
130838
130839
130839
13083A
13083B
13083C
13083C
13083D
13083E
130C3F
130C3F
130C40
130C41
130C42
130C43
130C43
130C44
130C45
131046
131046
131047
131048
131049
13104A
13104B
13104B
13104C
13104D
13144E
13144F
131450
131450
131451
131452
131453
131454
131455
131456
131857
131857
131858
131859
13185A
13185B
13185C
13185D
13185E
13185F
131860
131861
131C61
131C62
131C63
131C64
131C65
131C66
131C67
131C68
131C69
131C6A
131C6B
131C6C
131C6D
13206E
13206F
132070
132071
132072
132073
132074
132075
132076
132077
132078
132079
13207A
13207B
13207C
13207D
13247E
13247F
132480
132481
132482
132483
132484
132486
132487
132488
132489
13248A
13248B
13248C
13248D
13248E
13248F
132490
132491
132492
132493
132494
132495
132497
132498
132499
13249A
13249B
13249C
13249D
13249E
13249F
1324A0
1324A1
1324A2
1324A4
1324A5
1324A6
1324A7
1324A8
1324A9
1324AA
1324AB
1324AC
1324AD
1324AE
1324AF
1324B0
1324B2
1324B3
1324B4
1324B5
1324B6
1324B7
1324B8
1324B9
1324BA
1324BB
1324BC
1324BD
1324BE
1324BF
1324C0
1324C1
1324C2
1324C3
1320C4
1320C6
1320C7
1320C8
1320C9
1320CA
1320CB
1320CC
1320CD
1320CE
1320CF
1320D0
1320D1
1320D2
1320D3
1320D4
131CD5
131CD6
131CD7
131CD8
131CD9
131CD9
131CDA
131CDB
131CDC
131CDD
131CDE
131CDF
131CE0
1318E1
1318E2
1318E3
1318E4
1318E5
1318E6
1318E7
1318E8
1318E8
1318E9
1318EA
1318EB
1314EC
1314ED
1314EE
1314EF
1314EF
1314F0
1314F1
1314F2
1314F3
1314F4
1310F5
1310F5
1310F6
1310F7
1310F8
1310F9
1310FA
1310FA
1310FB
1310FC
130CFD
130CFE
130CFE
130CFF
130D00
130D01
130D01
130D02
130D03
130904
130904
130905
130906
130907
130907
130908
130909
13090A
13050A
13050B
13050C
13050C
13050D
13050E
13050E
13050F
130510
130110
130111
130112
130112
130113
130114
130114
130115
130116
12FD16
12FD17
12FD18
12FD18
12FD19
12FD19
12FD1A
12FD1B
12FD1B
12F91C
12F91C
12F91D
12F91E
12F91E
12F91F
12F91F
12F920
12F920
12F521
12F522
12F522
12F523
12F523
12F524
12F524
12F525
12F525
12F126
12F41A
12F41A
12F41B
12F41B
12F41C
12F41C
12F41D
12F81D
12F81E
12F81E
12F81F
12F820
12F820
12F821
12F821
12F822
12FC22
12FC23
12FC24
12FC24
12FC25
12FC25
12FC26
12FC26
130027
130028
130028
130029
13002A
13002A
13002B
13002B
13002C
13042D
13042D
13042E
13042F
13042F
130430
130431
130431
130432
130833
130833
130834
130835
130835
130836
130837
130837
130C38
130C39
130C3A
130C3A
130C3B
130C3C
130C3D
130C3D
130C3E
13103F
131040
131040
131041
131042
131043
131043
131044
131045
131046
131447
131447
131448
131449
13144A
13144B
13144B
13144C
13144D
13184E
13184F
131850
131850
131851
131852
131853
131854
131855
131856
131857
131C57
131C58
131C59
131C5A
131C5B
131C5C
131C5D
131C5E
131C5F
131C60
131C61
132062
132062
132063
132064
132065
132066
132067
132068
132069
13206A
13206B
13206C
13206D
13246E
13246F
132470
132471
132472
132473
132474
132475
132476
132477
132478
132479
13247A
13247B
13247C
13247D
13287E
13287F
132880
132881
132882
132883
132884
132886
132887
132888
132889
13288A
13288B
13288C
13288D
13288E
13288F
132890
132891
132892
132893
132894
132896
132897
132898
132899
13289A
13289B
13289C
13289D
13289E
13289F
1328A0
1328A1
1328A2
1328A4
1328A5
1328A6
1328A7
1328A8
1328A9
1328AA
1328AB
1328AC
1328AD
1328AE
1328AF
1328B0
1328B1
1328B3
1328B4
1328B5
1328B6
1328B7
1328B8
1328B9
1328BA
1328BB
1328BC
1328BD
1328BE
1328BF
1328C0
1328C1
1328C2
1328C3
1324C4
1324C5
1324C6
1324C8
1324C9
1324CA
1324CB
1324CC
1324CD
1324CE
1324CF
1324D0
1324D1
1324D2
1324D3
1324D4
1320D5
1320D6
1320D7
1320D7
1320D8
1320D9
1320DA
1320DB
1320DC
1320DD
1320DE
1320DF
1320E0
131CE1
131CE2
131CE3
131CE4
131CE5
131CE6
131CE7
131CE7
131CE8
131CE9
131CEA
1318EB
1318EC
1318ED
1318EE
1318EF
1318EF
1318F0
1318F1
1318F2
1318F3
1314F4
1314F5
1314F5
1314F6
1314F7
1314F8
1314F9
1314F9
1314FA
1314FB
1310FC
1310FD
1310FD
1310FE
1310FF
131100
131101
131101
131102
130D03
130D04
130D04
130D05
130D06
130D07
130D07
130D08
130D09
130909
13090A
13090B
13090C
13090C
13090D
13090E
13090E
13090F
130510
130510
130511
130512
130512
130513
130514
130514
130515
130116
130116
130117
130117
130118
130119
130119
13011A
13011B
12FD1B
12FD1C
12FD1C
12FD1D
12FD1D
12FD1E
12FD1F
12FD1F
12F920
12F920
12F921
12F921
12F922
12F923
12F923
12F924
12F924
12F525
12F525
12F526
12F81A
12F81A
12F81B
12F81B
12F81C
12F81C
12F81D
12F81D
12FC1E
12FC1F
12FC1F
12FC20
12FC20
12FC21
12FC21
12FC22
12FC22
130023
130024
130024
130025
130025
130026
130027
130027
130028
130428
130429
13042A
13042A
13042B
13042B
13042C
13042D
13082D
13082E
13082F
13082F
130830
130831
130831
130832
130833
130C33
130C34
130C35
130C35
130C36
130C37
130C38
130C38
131039
13103A
13103A
13103B
13103C
13103D
13103D
13103E
13103F
131440
131440
131441
131442
131443
131443
131444
131445
131446
131847
131847
131848
131849
13184A
13184B
13184C
13184C
13184D
13184E
131C4F
131C50
131C51
131C51
131C52
131C53
131C54
131C55
131C56
131C57
132058
132058
132059
13205A
13205B
13205C
13205D
13205E
13205F
132060
132061
132462
132463
132463
132464
132465
132466
132467
132468
132469
13246A
13246B
13246C
13246D
13286E
13286F
132870
132871
132872
132873
132874
132875
132876
132877
132878
132879
13287A
13287B
13287C
13287D
132C7E
132C7F
132C80
132C81
132C82
132C83
132C85
132C86
132C87
132C88
132C89
132C8A
132C8B
132C8C
132C8D
132C8E
132C8F
132C90
132C91
132C92
132C93
132C94
132C96
132C97
132C98
132C99
132C9A
132C9B
132C9C
132C9D
132C9E
132C9F
132CA0
132CA1
132CA2
132CA4
132CA5
132CA6
132CA7
132CA8
132CA9
132CAA
132CAB
132CAC
132CAD
132CAE
132CAF
132CB0
132CB1
132CB3
132CB4
132CB5
132CB6
132CB7
132CB8
132CB9
132CBA
132CBB
132CBC
132CBD
132CBE
132CBF
132CC0
132CC1
132CC2
132CC3
1328C4
1328C5
1328C6
1328C7
1328C8
1328CA
1328CB
1328CC
1328CD
1328CE
1328CF
1328D0
1328D1
1328D2
1328D3
1328D4
1324D5
1324D5
1324D6
1324D7
1324D8
1324D9
1324DA
1324DB
1324DC
1324DD
1324DE
1324DF
1324E0
1320E1
1320E2
1320E3
1320E4
1320E5
1320E6
1320E6
1320E7
1320E8
1320E9
1320EA
131CEB
131CEC
131CED
131CEE
131CEE
131CEF
131CF0
131CF1
131CF2
131CF3
1318F4
1318F4
1318F5
1318F6
1318F7
1318F8
1318F9
1318F9
1318FA
1314FB
1314FC
1314FD
1314FD
1314FE
1314FF
131500
131500
131501
131502
131103
131103
131104
131105
131106
131106
131107
131108
130D09
130D09
130D0A
130D0B
130D0B
130D0C
130D0D
130D0E
130D0E
13090F
130910
130910
130911
130912
130912
130913
130914
130914
130515
130515
130516
130517
130517
130518
130519
130519
13011A
13011A
13011B
13011C
13011C
13011D
13011D
13011E
13011F
12FD1F
12FD20
12FD20
12FD21
12FD21
12FD22
12FD22
12FD23
12FD24
12F924
12F925
12F925
12F926
12F81A
12FC1A
12FC1B
12FC1B
12FC1C
12FC1D
12FC1D
12FC1E
12FC1E
12FC1F
13001F
130020
130020
130021
130021
130022
130023
130023
130424
130424
130425
130425
130426
130427
130427
130428
130428
130829
13082A
13082A
13082B
13082C
13082C
13082D
13082D
130C2E
130C2F
130C2F
130C30
130C31
130C31
130C32
130C33
130C33
131034
131035
131036
131036
131037
131038
131038
131039
13143A
13143B
13143B
13143C
13143D
13143D
13143E
13143F
131440
131840
131841
131842
131843
131844
131844
131845
131846
131847
131C48
131C48
131C49
131C4A
131C4B
131C4C
131C4C
131C4D
131C4E
131C4F
132050
132051
132052
132052
132053
132054
132055
132056
132057
132058
132459
132459
13245A
13245B
13245C
13245D
13245E
13245F
132460
132461
132462
132863
132864
132865
132865
132866
132867
132868
132869
13286A
13286B
13286C
13286D
132C6E
132C6F
132C70
132C71
132C72
132C73
132C74
132C75
132C76
132C77
132C78
132C79
132C7A
132C7B
132C7C
132C7D
132C7E
13307F
133080
133081
133082
133084
133085
133086
133087
133088
133089
13308A
13308B
13308C
13308D
13308E
13308F
133090
133091
133092
133093
133094
133096
133097
133098
133099
13309A
13309B
13309C
13309D
13309E
13309F
1330A0
1330A1
1330A2
1330A4
1330A5
1330A6
1330A7
1330A8
1330A9
1330AA
1330AB
1330AC
1330AD
1330AE
1330AF
1330B0
1330B1
1330B3
1330B4
1330B5
1330B6
1330B7
1330B8
1330B9
1330BA
1330BB
1330BC
1330BD
1330BE
1330BF
1330C0
1330C1
1330C2
132CC3
132CC4
132CC5
132CC6
132CC7
132CC8
132CC9
132CCA
132CCB
132CCC
132CCE
132CCF
132CD0
132CD0
132CD1
132CD2
1328D3
1328D4
1328D5
1328D6
1328D7
1328D8
1328D9
1328DA
1328DB
1328DC
1328DD
1328DE
1328DF
1324E0
1324E1
1324E2
1324E3
1324E4
1324E5
1324E5
1324E6
1324E7
1324E8
1324E9
1320EA
1320EB
1320EC
1320ED
1320EE
1320EE
1320EF
1320F0
1320F1
1320F2
131CF3
131CF3
131CF4
131CF5
131CF6
131CF7
131CF8
131CF8
131CF9
131CFA
1318FB
1318FC
1318FC
1318FD
1318FE
1318FF
131900
131900
131901
131502
131503
131503
131504
131505
131506
131506
131507
131508
131109
131109
13110A
13110B
13110B
13110C
13110D
13110D
130D0E
130D0F
130D0F
130D10
130D11
130D11
130D12
130D13
130D13
130914
130915
130915
130916
130917
130917
130918
130919
130519
13051A
13051A
13051B
13051C
13051C
13051D
13051D
13011E
13011E
13011F
130120
130120
130121
130121
130122
130122
12FD23
12FD23
12FD24
12FD25
12FD25
12FD26
12FC1A
12FC1B
12FC1B
13001C
13001C
13001D
13001D
13001E
13001E
13001F
13001F
130420
130420
130421
130422
130422
130423
130423
130424
130424
130825
130826
130826
130827
130827
130828
130829
130829
130C2A
130C2A
130C2B
130C2C
130C2C
130C2D
130C2E
130C2E
13102F
131030
131030
131031
131032
131032
131033
131034
131034
131435
131436
131436
131437
131438
131438
131439
13143A
13183B
13183B
13183C
13183D
13183E
13183E
13183F
131840
131841
131C41
131C42
131C43
131C44
131C44
131C45
131C46
131C47
131C48
132048
132049
13204A
13204B
13204C
13204D
13204D
13204E
13204F
132450
132451
132452
132452
132453
132454
132455
132456
132457
132458
132859
13285A
13285A
13285B
13285C
13285D
13285E
13285F
132860
132861
132862
132C63
132C64
132C65
132C66
132C66
132C67
132C68
132C69
132C6A
132C6B
132C6C
132C6D
132C6E
13306F
133070
133071
133072
133073
133074
133075
133076
133077
133078
133079
13307A
13307B
13307C
13307D
13307E
13347F
133480
133481
133483
133484
133485
133486
133487
133488
133489
13348A
13348B
13348C
13348D
13348E
13348F
133490
133491
133492
133493
133494
133496
133497
133498
133499
13349A
13349B
13349C
13349D
13349E
13349F
1334A0
1334A1
1334A2
1334A4
1334A5
1334A6
1334A7
1334A8
1334A9
1334AA
1334AB
1334AC
1334AD
1334AE
1334AF
1334B0
1334B1
1334B2
1334B4
1334B5
1334B6
1334B7
1334B8
1334B9
1334BA
1334BB
1334BC
1334BD
1334BE
1334BF
1334C0
1334C1
1334C2
1330C3
1330C4
1330C5
1330C6
1330C7
1330C8
1330C9
1330CA
1330CB
1330CC
1330CD
1330CE
1330CF
1330D0
1330D1
1330D2
132CD3
132CD4
132CD5
132CD6
132CD7
132CD8
132CD9
132CDA
132CDB
132CDC
132CDD
132CDE
132CDF
1328E0
1328E1
1328E2
1328E3
1328E4
1328E4
1328E5
1328E6
1328E7
1328E8
1328E9
1324EA
1324EB
1324EC
1324ED
1324ED
1324EE
1324EF
1324F0
1324F1
1324F2
1320F3
1320F3
1320F4
1320F5
1320F6
1320F7
1320F8
1320F8
1320F9
131CFA
131CFB
131CFC
131CFC
131CFD
131CFE
131CFF
131D00
131D00
131901
131902
131903
131903
131904
131905
131906
131906
131907
131508
131508
131509
13150A
13150B
13150B
13150C
13150D
13110D
13110E
13110F
13110F
131110
131111
131111
131112
130D13
130D13
130D14
130D15
130D15
130D16
130D17
130D17
130D18
130918
130919
13091A
13091A
13091B
13091B
13091C
13091D
13051D
13051E
13051E
13051F
13051F
130520
130521
130521
130122
130122
130123
130123
130124
130124
130125
130125
13001A
13001B
13001B
13001C
13001C
13041D
13041D
13041E
13041E
13041F
13041F
130420
130421
130821
130822
130822
130823
130823
130824
130825
130825
130C26
130C26
130C27
130C27
130C28
130C29
130C29
130C2A
13102B
13102B
13102C
13102C
13102D
13102E
13102E
13102F
131030
131430
131431
131432
131432
131433
131434
131434
131435
131836
131836
131837
131838
131839
131839
13183A
13183B
131C3B
131C3C
131C3D
131C3E
131C3E
131C3F
131C40
131C41
131C41
132042
132043
132044
132045
132045
132046
132047
132048
132049
132449
13244A
13244B
13244C
13244D
13244D
13244E
13244F
132450
132851
132852
132853
132853
132854
132855
132856
132857
132858
132859
132C5A
132C5A
132C5B
132C5C
132C5D
132C5E
132C5F
132C60
132C61
132C62
132C63
133064
133065
133066
133067
133067
133068
133069
13306A
13306B
13306C
13306D
13306E
13346F
133470
133471
133472
133473
133474
133475
133476
133477
133478
133479
13347A
13347B
13347C
13347D
13347E
13387F
133880
133882
133883
133884
133885
133886
133887
133888
133889
13388A
13388B
13388C
13388D
13388E
13388F
133890
133891
133892
133893
133894
133896
133897
133898
133899
13389A
13389B
13389C
13389D
13389E
13389F
1338A0
1338A1
1338A2
1338A4
1338A5
1338A6
1338A7
1338A8
1338A9
1338AA
1338AB
1338AC
1338AD
1338AE
1338AF
1338B0
1338B1
1338B2
1338B4
1338B5
1338B6
1338B7
1338B8
1338B9
1338BA
1338BB
1338BC
1338BD
1338BE
1338BF
1338C0
1338C1
1338C2
1334C3
1334C4
1334C5
1334C6
1334C7
1334C8
1334C9
1334CA
1334CB
1334CC
1334CD
1334CE
1334CF
1334D0
1334D1
1334D2
1330D3
1330D4
1330D5
1330D6
1330D7
1330D8
1330D9
1330DA
1330DB
1330DC
1330DD
1330DE
132CDF
132CE0
132CE1
132CE2
132CE3
132CE3
132CE4
132CE5
132CE6
132CE7
132CE8
1328E9
1328EA
1328EB
1328EC
1328EC
1328ED
1328EE
1328EF
1328F0
1328F1
1324F2
1324F2
1324F3
1324F4
1324F5
1324F6
1324F7
1324F7
1324F8
1320F9
1320FA
1320FB
1320FB
1320FC
1320FD
1320FE
1320FF
1320FF
131D00
131D01
131D02
131D02
131D03
131D04
131D05
131D05
131D06
131907
131908
131908
131909
13190A
13190A
13190B
13190C
13150D
13150D
13150E
13150F
13150F
131510
131511
131511
131112
131113
131113
131114
131115
131115
131116
131116
131117
130D18
130D18
130D19
130D1A
130D1A
130D1B
130D1B
130D1C
13091D
13091D
13091E
13091E
13091F
13091F
130920
130921
130521
130522
130522
130523
130523
130524
130524
130525
130125
13041A
13041B
13041B
13041C
13041C
13041D
13081D
13081E
13081E
13081F
130820
130820
130821
130821
130C22
130C22
130C23
130C23
130C24
130C25
130C25
130C26
130C26
131027
131028
131028
131029
131029
13102A
13102B
13102B
13142C
13142D
13142D
13142E
13142E
13142F
131430
131430
131831
131832
131832
131833
131834
131834
131835
131836
131C37
131C37
131C38
131C39
131C39
131C3A
131C3B
131C3C
13203C
13203D
13203E
13203E
13203F
132040
132041
132042
132042
132443
132444
132445
132445
132446
132447
132448
132449
132449
13284A
13284B
13284C
13284D
13284E
13284E
13284F
132850
132851
132C52
132C53
132C53
132C54
132C55
132C56
132C57
132C58
132C59
132C5A
13305B
13305B
13305C
13305D
13305E
13305F
133060
133061
133062
133063
133464
133465
133466
133467
133468
133469
133469
13346A
13346B
13346C
13346D
13346E
13346F
133870
133871
133872
133873
133874
133875
133876
133877
133878
133879
13387A
13387B
13387C
13387D
13387E
13387F
133C81
133C82
133C83
133C84
133C85
133C86
133C87
133C88
133C89
133C8A
133C8B
133C8C
133C8D
133C8E
133C8F
133C90
133C91
133C92
133C93
133C95
133C96
133C97
133C98
133C99
133C9A
133C9B
133C9C
133C9D
133C9E
133C9F
133CA0
133CA1
133CA2
133CA3
133CA5
133CA6
133CA7
133CA8
133CA9
133CAA
133CAB
133CAC
133CAD
133CAE
133CAF
133CB0
133CB1
133CB2
133CB4
133CB5
133CB6
133CB7
133CB8
133CB9
133CBA
133CBB
133CBC
133CBD
133CBE
133CBF
133CC0
133CC1
1338C2
1338C3
1338C4
1338C5
1338C6
1338C7
1338C8
1338C9
1338CA
1338CB
1338CC
1338CD
1338CE
1338CF
1338D0
1338D1
1334D2
1334D3
1334D4
1334D5
1334D6
1334D7
1334D8
1334D9
1334DA
1334DB
1334DC
1334DD
1334DE
1330DF
1330E0
1330E1
1330E2
1330E3
1330E3
1330E4
1330E5
1330E6
1330E7
132CE8
132CE9
132CEA
132CEB
132CEB
132CEC
132CED
132CEE
132CEF
132CF0
1328F1
1328F2
1328F2
1328F3
1328F4
1328F5
1328F6
1328F7
1328F7
1324F8
1324F9
1324FA
1324FB
1324FB
1324FC
1324FD
1324FE
1324FF
1320FF
132100
132101
132102
132102
132103
132104
132105
132105
131D06
131D07
131D08
131D08
131D09
131D0A
131D0A
131D0B
13190C
13190C
13190D
13190E
13190F
13190F
131910
131911
131511
131512
131513
131513
131514
131514
131515
131516
131116
131117
131118
131118
131119
131119
13111A
13111B
130D1B
130D1C
130D1C
130D1D
130D1E
130D1E
130D1F
130D1F
130920
130920
130921
130922
130922
130923
130923
130924
130924
130525
130525
13081A
13081B
13081B
13081C
13081C
13081D
13081D
13081E
130C1F
130C1F
130C20
130C20
130C21
130C21
130C22
130C22
131023
131024
131024
131025
131025
131026
131026
131027
131428
131428
131429
131429
13142A
13142B
13142B
13142C
13182D
13182D
13182E
13182F
13182F
131830
131831
131831
131C32
131C33
131C33
131C34
131C35
131C35
131C36
131C37
132037
132038
132039
132039
13203A
13203B
13203C
13203C
13243D
13243E
13243F
13243F
132440
132441
132442
132442
132443
132844
132845
132846
132846
132847
132848
132849
13284A
132C4A
132C4B
132C4C
132C4D
132C4E
132C4E
132C4F
132C50
132C51
133052
133053
133054
133054
133055
133056
133057
133058
133059
13305A
13345B
13345C
13345C
13345D
13345E
13345F
133460
133461
133462
133463
133464
133865
133866
133867
133868
133869
13386A
13386B
13386B
13386C
13386D
13386E
13386F
133C70
133C71
133C72
133C73
133C74
133C75
133C76
133C77
133C78
133C79
133C7A
133C7B
133C7C
133C7D
133C7E
133C80
134081
134082
134083
134084
134085
134086
134087
134088
134089
13408A
13408B
13408C
13408D
13408E
13408F
134090
134091
134092
134093
134095
134096
134097
134098
134099
13409A
13409B
13409C
13409D
13409E
13409F
1340A0
1340A1
1340A2
1340A3
1340A5
1340A6
1340A7
1340A8
1340A9
1340AA
1340AB
1340AC
1340AD
1340AE
1340AF
1340B0
1340B1
1340B2
1340B3
1340B5
1340B6
1340B7
1340B8
1340B9
1340BA
1340BB
1340BC
1340BD
1340BE
1340BF
1340C0
1340C1
133CC2
133CC3
133CC4
133CC5
133CC6
133CC7
133CC8
133CC9
133CCA
133CCB
133CCC
133CCD
133CCE
133CCF
133CD0
133CD1
1338D2
1338D3
1338D4
1338D5
1338D6
1338D7
1338D8
1338D9
1338DA
1338DB
1338DC
1338DD
1334DE
1334DF
1334E0
1334E1
1334E2
1334E2
1334E3
1334E4
1334E5
1334E6
1334E7
1330E8
1330E9
1330EA
1330EB
1330EB
1330EC
1330ED
1330EE
1330EF
132CF0
132CF1
132CF1
132CF2
132CF3
132CF4
132CF5
132CF6
132CF6
132CF7
1328F8
1328F9
1328FA
1328FB
1328FB
1328FC
1328FD
1328FE
1324FE
1324FF
132500
132501
132502
132502
132503
132504
132505
132105
132106
132107
132107
132108
132109
13210A
13210A
131D0B
131D0C
131D0C
131D0D
131D0E
131D0E
131D0F
131D10
131910
131911
131912
131912
131913
131914
131914
131915
131516
131516
131517
131517
131518
131519
131519
13151A
13111B
13111B
13111C
13111C
13111D
13111D
13111E
13111F
130D1F
130D20
130D20
130D21
130D21
130D22
130D23
130D23
130924
130924
130925
130925
13081A
130C1B
130C1B
130C1C
130C1D
130C1D
130C1E
130C1E
130C1F
13101F
131020
131020
131021
131021
131022
131023
131023
131424
131424
131425
131425
131426
131427
131427
131428
131828
131829
13182A
13182A
13182B
13182B
13182C
13182D
131C2D
131C2E
131C2F
131C2F
131C30
131C31
131C31
131C32
132033
132033
132034
132035
132035
132036
132037
132037
132438
132439
13243A
13243A
13243B
13243C
13243C
13243D
13283E
13283F
13283F
132840
132841
132842
132842
132843
132C44
132C45
132C46
132C46
132C47
132C48
132C49
132C4A
132C4A
13304B
13304C
13304D
13304E
13304F
13304F
133050
133051
133052
133453
133454
133455
133455
133456
133457
133458
133459
13345A
13345B
13385C
13385D
13385D
13385E
13385F
133860
133861
133862
133863
133864
133865
133C66
133C67
133C68
133C69
133C6A
133C6B
133C6C
133C6D
133C6D
133C6E
133C6F
133C70
134071
134072
134073
134074
134075
134076
134077
134078
134079
13407A
13407B
13407C
13407E
13407F
134080
134081
134482
134483
134484
134485
134486
134487
134488
134489
13448A
13448B
13448C
13448D
13448E
13448F
134490
134491
134492
134493
134495
134496
134497
134498
134499
13449A
13449B
13449C
13449D
13449E
13449F
1344A0
1344A1
1344A2
1344A3
1344A5
1344A6
1344A7
1344A8
1344A9
1344AA
1344AB
1344AC
1344AD
1344AE
1344AF
1344B0
1344B1
1344B2
1344B3
1344B5
1344B6
1344B7
1344B8
1344B9
1344BA
1344BB
1344BC
1344BD
1344BE
1344BF
1344C0
1340C1
1340C2
1340C3
1340C4
1340C5
1340C6
1340C7
1340C8
1340C9
1340CA
1340CB
1340CC
1340CD
1340CE
1340CF
1340D0
133CD1
133CD2
133CD3
133CD4
133CD5
133CD6
133CD7
133CD8
133CD9
133CDA
133CDB
133CDC
1338DD
1338DE
1338DF
1338E0
1338E1
1338E1
1338E2
1338E3
1338E4
1338E5
1338E6
1334E7
1334E8
1334E9
1334EA
1334EA
1334EB
1334EC
1334ED
1334EE
1334EF
1330F0
1330F1
1330F1
1330F2
1330F3
1330F4
1330F5
1330F6
1330F6
132CF7
132CF8
132CF9
132CFA
132CFA
132CFB
132CFC
132CFD
1328FE
1328FE
1328FF
132900
132901
132901
132902
132903
132904
132504
132505
132506
132507
132507
132508
132509
132509
13210A
13210B
13210C
13210C
13210D
13210E
13210E
13210F
131D10
131D10
131D11
131D12
131D12
131D13
131D14
131D14
131915
131916
131916
131917
131917
131918
131919
131919
13151A
13151A
13151B
13151C
13151C
13151D
13151D
13151E
13111F
13111F
131120
131120
131121
131121
131122
130D22
130D23
130D23
130D24
130D25
130D25
130C1B
130C1B
130C1C
13101C
13101D
13101D
13101E
13101E
13101F
13101F
131020
131420
131421
131421
131422
131423
131423
131424
131424
131825
131826
131826
131827
131827
131828
131828
131829
131C2A
131C2A
131C2B
131C2C
131C2C
131C2D
131C2D
13202E
13202F
13202F
132030
132031
132031
132032
132033
132433
132434
132435
132435
132436
132437
132438
132438
132839
13283A
13283A
13283B
13283C
13283D
13283D
13283E
132C3F
132C40
132C40
132C41
132C42
132C43
132C43
132C44
133045
133046
133047
133047
133048
133049
13304A
13304B
13304B
13344C
13344D
13344E
13344F
13344F
133450
133451
133452
133453
133854
133855
133856
133856
133857
133858
133859
13385A
13385B
13385C
133C5D
133C5E
133C5E
133C5F
133C60
133C61
133C62
133C63
133C64
133C65
134066
134067
134068
134069
13406A
13406B
13406C
13406D
13406E
13406F
134070
134071
134471
134472
134473
134474
134475
134476
134477
134478
134479
13447B
13447C
13447D
13447E
13447F
134480
134481
134482
134883
134884
134885
134886
134887
134888
134889
13488A
13488B
13488C
13488D
13488E
13488F
134890
134891
134892
134893
134895
134896
134897
134898
134899
13489A
13489B
13489C
13489D
13489E
13489F
1348A0
1348A1
1348A2
1348A3
1348A5
1348A6
1348A7
1348A8
1348A9
1348AA
1348AB
1348AC
1348AD
1348AE
1348AF
1348B0
1348B1
1348B2
1348B3
1348B4
1348B6
1348B7
1348B8
1348B9
1348BA
1348BB
1348BC
1348BD
1348BE
1348BF
1344C0
1344C1
1344C2
1344C3
1344C4
1344C5
1344C6
1344C7
1344C8
1344C9
1344CA
1344CB
1344CC
1344CD
1344CE
1344CF
1340D0
1340D1
1340D2
1340D3
1340D4
1340D5
1340D6
1340D7
1340D8
1340D9
1340DA
1340DB
1340DC
133CDD
133CDE
133CDF
133CDF
133CE0
133CE1
133CE2
133CE3
133CE4
133CE5
1338E6
1338E7
1338E8
1338E9
1338E9
1338EA
1338EB
1338EC
1338ED
1338EE
1334EF
1334F0
1334F0
1334F1
1334F2
1334F3
1334F4
1334F5
1334F5
1330F6
1330F7
1330F8
1330F9
1330FA
1330FA
1330FB
1330FC
1330FD
132CFD
132CFE
132CFF
132D00
132D01
132D01
132D02
132D03
132904
132904
132905
132906
132906
132907
132908
132909
132509
13250A
13250B
13250B
13250C
13250D
13250E
13250E
13210F
132110
132110
132111
132112
132112
132113
132113
131D14
131D15
131D15
131D16
131D17
131D17
131D18
131918
131919
13191A
13191A
13191B
13191B
13191C
13191D
13151D
13151E
13151E
13151F
131520
131520
131521
131521
131122
131122
131123
131123
131124
131124
131125
13101B
13101B
13101C
13101C
13101D
13141D
13141E
13141E
13141F
13141F
131420
131420
131821
131822
131822
131823
131823
131824
131824
131825
131C26
131C26
131C27
131C27
131C28
131C29
131C29
131C2A
13202A
13202B
13202C
13202C
13202D
13202E
13202E
13202F
132430
132430
132431
132431
132432
132433
132433
132834
132835
132836
132836
132837
132838
132838
132839
132C3A
132C3A
132C3B
132C3C
132C3D
132C3D
132C3E
132C3F
133040
133040
133041
133042
133043
133043
133044
133045
133446
133447
133447
133448
133449
13344A
13344B
13344B
13344C
13384D
13384E
13384F
133850
133850
133851
133852
133853
133854
133C55
133C56
133C56
133C57
133C58
133C59
133C5A
133C5B
133C5C
13405D
13405E
13405F
13405F
134060
134061
134062
134063
134064
134065
134066
134467
134468
134469
13446A
13446B
13446C
13446D
13446E
13446F
134470
134471
134472
134873
134874
134875
134876
134877
134878
134879
13487A
13487B
13487C
13487D
13487E
13487F
134880
134881
134882
134C83
134C84
134C85
134C86
134C87
134C88
134C89
134C8A
134C8B
134C8C
134C8D
134C8E
134C8F
134C90
134C91
134C92
134C94
134C95
134C96
134C97
134C98
134C99
134C9A
134C9B
134C9C
134C9D
134C9E
134C9F
134CA0
134CA1
134CA2
134CA3
134CA5
134CA6
134CA7
134CA8
134CA9
134CAA
134CAB
134CAC
134CAD
134CAE
134CAF
134CB0
134CB1
134CB2
134CB3
134CB4
134CB6
134CB7
134CB8
134CB9
134CBA
134CBB
134CBC
134CBD
134CBE
134CBF
1348C0
1348C1
1348C2
1348C3
1348C4
1348C5
1348C6
1348C7
1348C8
1348C9
1348CA
1348CB
1348CC
1348CD
1348CE
1348CF
1344D0
1344D1
1344D2
1344D3
1344D4
1344D5
1344D6
1344D7
1344D8
1344D9
1344DA
1344DB
1340DC
1340DD
1340DE
1340DE
1340DF
1340E0
1340E1
1340E2
1340E3
1340E4
1340E5
133CE6
133CE7
133CE8
133CE9
133CE9
133CEA
133CEB
133CEC
133CED
1338EE
1338EF
1338EF
1338F0
1338F1
1338F2
1338F3
1338F4
1338F5
1334F5
1334F6
1334F7
1334F8
1334F9
1334F9
1334FA
1334FB
1334FC
1330FD
1330FD
1330FE
1330FF
133100
133100
133101
133102
132D03
132D03
132D04
132D05
132D06
132D06
132D07
132D08
132909
132909
13290A
13290B
13290B
13290C
13290D
13290D
13250E
13250F
13250F
132510
132511
132511
132512
132113
132113
132114
132115
132115
132116
132117
132117
131D18
131D18
131D19
131D1A
131D1A
131D1B
131D1B
131D1C
13191D
13191D
13191E
13191E
13191F
13191F
131920
131521
131521
131522
131522
131523
131523
131524
131524
131125
13141B
13141B
13141C
13141C
13141D
13141D
13181E
13181E
13181F
131820
131820
131821
131821
131822
131C22
131C23
131C23
131C24
131C25
131C25
131C26
131C26
132027
132028
132028
132029
132029
13202A
13202B
13242B
13242C
13242C
13242D
13242E
13242E
13242F
132430
132830
132831
132832
132832
132833
132834
132834
132C35
132C36
132C36
132C37
132C38
132C38
132C39
132C3A
13303B
13303B
13303C
13303D
13303E
13303E
13303F
133040
133441
133441
133442
133443
133444
133444
133445
133446
133847
133847
133848
133849
13384A
13384B
13384C
13384C
13384D
133C4E
133C4F
133C50
133C51
133C51
133C52
133C53
133C54
134055
134056
134057
134057
134058
134059
13405A
13405B
13405C
13405D
13445E
13445F
134460
134460
134461
134462
134463
134464
134465
134466
134467
134868
134869
13486A
13486B
13486C
13486D
13486E
13486F
134870
134871
134872
134873
134C74
134C75
134C76
134C77
134C78
134C79
134C7A
134C7B
134C7C
134C7D
134C7E
134C7F
134C80
134C81
134C82
134C83
135084
135085
135086
135087
135088
135089
13508A
13508B
13508C
13508D
13508E
13508F
135090
135091
135092
135094
135095
135096
135097
135098
135099
13509A
13509B
13509C
13509D
13509E
13509F
1350A0
1350A1
1350A2
1350A3
1350A5
1350A6
1350A7
1350A8
1350A9
1350AA
1350AB
1350AC
1350AD
1350AE
1350AF
1350B0
1350B1
1350B2
1350B3
1350B4
1350B5
1350B7
1350B8
1350B9
1350BA
1350BB
1350BC
1350BD
1350BE
134CBF
134CC0
134CC1
134CC2
134CC3
134CC4
134CC5
134CC6
134CC7
134CC8
134CC9
134CCA
134CCB
134CCC
134CCD
134CCE
1348CF
1348D0
1348D1
1348D2
1348D3
1348D4
1348D5
1348D6
1348D7
1348D8
1348D9
1348DA
1344DB
1344DC
1344DD
1344DD
1344DE
1344DF
1344E0
1344E1
1344E2
1344E3
1344E4
1340E5
1340E6
1340E7
1340E8
1340E8
1340E9
1340EA
1340EB
1340EC
133CED
133CEE
133CEF
133CEF
133CF0
133CF1
133CF2
133CF3
133CF4
1338F4
1338F5
1338F6
1338F7
1338F8
1338F9
1338F9
1338FA
1338FB
1334FC
1334FC
1334FD
1334FE
1334FF
133500
133500
133501
133102
133103
133103
133104
133105
133106
133106
133107
132D08
132D08
132D09
132D0A
132D0B
132D0B
132D0C
132D0D
13290D
13290E
13290F
13290F
132910
132911
132911
132512
132513
132513
132514
132515
132515
132516
132516
132117
132118
132118
132119
132119
13211A
13211B
131D1B
131D1C
131D1C
131D1D
131D1E
131D1E
131D1F
131D1F
131920
131920
131921
131922
131922
131923
131923
131924
131524
131525
13181B
13181B
13181C
13181C
13181D
13181D
13181E
13181F
131C1F
131C20
131C20
131C21
131C21
131C22
131C22
132023
132024
132024
132025
132025
132026
132026
132027
132428
132428
132429
132429
13242A
13242B
13242B
13282C
13282D
13282D
13282E
13282E
13282F
132830
132830
132C31
132C32
132C32
132C33
132C34
132C34
132C35
133036
133036
133037
133038
133039
133039
13303A
13303B
13343B
13343C
13343D
13343E
13343E
13343F
133440
133441
133841
133842
133843
133844
133844
133845
133846
133847
133C48
133C48
133C49
133C4A
133C4B
133C4C
133C4C
133C4D
13404E
13404F
134050
134051
134051
134052
134053
134054
134055
134456
134457
134458
134458
134459
13445A
13445B
13445C
13445D
13445E
13485F
134860
134861
134861
134862
134863
134864
134865
134866
134867
134C68
134C69
134C6A
134C6B
134C6C
134C6D
134C6E
134C6F
134C70
134C71
134C72
134C73
134C74
135075
135076
135077
135078
135079
13507A
13507B
13507C
13507D
13507E
13507F
135080
135081
135082
135083
135084
135485
135486
135487
135488
135489
13548A
13548B
13548C
13548D
13548E
13548F
135490
135491
135492
135494
135495
135496
135497
135498
135499
13549A
13549B
13549C
13549D
13549E
13549F
1354A0
1354A1
1354A2
1354A3
1354A5
1354A6
1354A7
1354A8
1354A9
1354AA
1354AB
1354AC
1354AD
1354AE
1354AF
1354B0
1354B1
1354B2
1354B3
1354B4
1354B5
1354B6
1354B8
1354B9
1354BA
1354BB
1354BC
1354BD
1350BE
1350BF
1350C0
1350C1
1350C2
1350C3
1350C4
1350C5
1350C6
1350C7
1350C8
1350C9
1350CA
1350CB
1350CC
1350CD
134CCE
134CCF
134CD0
134CD1
134CD2
134CD3
134CD4
134CD5
134CD6
134CD7
134CD8
134CD9
134CDA
1348DB
1348DC
1348DC
1348DD
1348DE
1348DF
1348E0
1348E1
1348E2
1348E3
1344E4
1344E5
1344E6
1344E7
1344E7
1344E8
1344E9
1344EA
1344EB
1344EC
1340ED
1340EE
1340EE
1340EF
1340F0
1340F1
1340F2
1340F3
1340F4
133CF4
133CF5
133CF6
133CF7
133CF8
133CF8
133CF9
133CFA
1338FB
1338FC
1338FC
1338FD
1338FE
1338FF
1338FF
133900
133501
133502
133502
133503
133504
133505
133505
133506
133107
133108
133108
133109
13310A
13310A
13310B
132D0C
132D0D
132D0D
132D0E
132D0F
132D0F
132D10
132D11
132911
132912
132913
132913
132914
132914
132915
132916
132516
132517
132518
132518
132519
132519
13251A
13211B
13211B
13211C
13211C
13211D
13211D
13211E
13211F
131D1F
131D20
131D20
131D21
131D21
131D22
131D23
131923
131924
131924
131925
13181B
13181B
131C1C
131C1D
131C1D
131C1E
131C1E
131C1F
131C1F
132020
132020
132021
132021
132022
132022
132023
132024
132424
132425
132425
132426
132427
132427
132428
132828
132829
13282A
13282A
13282B
13282B
13282C
13282D
132C2D
132C2E
132C2F
132C2F
132C30
132C30
132C31
133032
133032
133033
133034
133035
133035
133036
133037
133437
133438
133439
133439
13343A
13343B
13343C
13383C
13383D
13383E
13383E
13383F
133840
133841
133841
133C42
133C43
133C44
133C45
133C45
133C46
133C47
133C48
134048
134049
13404A
13404B
13404C
13404D
13404D
13404E
13444F
134450
134451
134452
134452
134453
134454
134455
134456
134857
134858
134858
134859
13485A
13485B
13485C
13485D
13485E
13485F
134C60
134C61
134C62
134C62
134C63
134C64
134C65
134C66
134C67
134C68
135069
13506A
13506B
13506C
13506D
13506E
13506F
135070
135071
135072
135073
135074
135475
135476
135477
135478
135479
13547A
13547B
13547C
13547D
13547E
13547F
135480
135481
135482
135483
135484
135485
135886
135887
135888
135889
13588A
13588B
13588C
13588D
13588E
13588F
135890
135891
135893
135894
135895
135896
135897
135898
135899
13589A
13589B
13589C
13589D
13589E
13589F
1358A0
1358A1
1358A2
1358A3
1358A5
1358A6
1358A7
1358A8
1358A9
1358AA
1358AB
1358AC
1358AD
1358AE
1358AF
1358B0
1358B1
1358B2
1358B3
1358B4
1358B5
1358B6
1358B8
1358B9
1358BA
1358BB
1358BC
1354BD
1354BE
1354BF
1354C0
1354C1
1354C2
1354C3
1354C4
1354C5
1354C6
1354C7
1354C8
1354C9
1354CA
1354CB
1354CC
1354CD
1350CE
1350CF
1350D0
1350D1
1350D2
1350D3
1350D4
1350D5
1350D6
1350D7
1350D8
1350D9
134CDA
134CDA
134CDB
134CDC
134CDD
134CDE
134CDF
134CE0
134CE1
134CE2
1348E3
1348E4
1348E5
1348E6
1348E6
1348E7
1348E8
1348E9
1348EA
1348EB
1344EC
1344ED
1344ED
1344EE
1344EF
1344F0
1344F1
1344F2
1344F3
1340F3
1340F4
1340F5
1340F6
1340F7
1340F8
1340F8
1340F9
133CFA
133CFB
133CFB
133CFC
133CFD
133CFE
133CFF
133CFF
133900
133901
133902
133902
133903
133904
133905
133905
133506
133507
133508
133508
133509
13350A
13350A
13310B
13310C
13310C
13310D
13310E
13310E
13310F
133110
132D10
132D11
132D12
132D12
132D13
132D14
132D14
132915
132916
132916
132917
132917
132918
132919
132919
13251A
13251A
13251B
13251C
13251C
13251D
13251D
13211E
13211F
13211F
132120
132120
132121
132121
132122
131D22
131D23
131D23
131D24
131D25
131C1B
131C1C
131C1C
13201D
13201D
13201E
13201E
13201F
13201F
132020
132020
132421
132421
132422
132423
132423
132424
132424
132825
132825
132826
132827
132827
132828
132828
132829
132C2A
132C2A
132C2B
132C2C
132C2C
132C2D
132C2D
13302E
13302F
13302F
133030
133031
133031
133032
133433
133433
133434
133435
133435
133436
133437
133437
133838
133839
133839
13383A
13383B
13383C
13383C
133C3D
133C3E
133C3F
133C3F
133C40
133C41
133C42
133C42
134043
134044
134045
134045
134046
134047
134048
134049
134449
13444A
13444B
13444C
13444D
13444D
13444E
13444F
134850
134851
134852
134853
134853
134854
134855
134856
134857
134C58
134C59
134C59
134C5A
134C5B
134C5C
134C5D
134C5E
134C5F
135060
135061
135062
135063
135063
135064
135065
135066
135067
135068
135069
13546A
13546B
13546C
13546D
13546E
13546F
135470
135471
135472
135473
135474
135475
135876
135877
135878
135879
13587A
13587B
13587C
13587D
13587E
13587F
135880
135881
135882
135883
135884
135885
135886
135C87
135C88
135C89
135C8A
135C8B
135C8C
135C8D
135C8E
135C8F
135C90
135C91
135C93
135C94
135C95
135C96
135C97
135C98
135C99
135C9A
135C9B
135C9C
135C9D
135C9E
135C9F
135CA0
135CA1
135CA2
135CA3
135CA5
135CA6
135CA7
135CA8
135CA9
135CAA
135CAB
135CAC
135CAD
135CAE
135CAF
135CB0
135CB1
135CB2
135CB3
135CB4
135CB5
135CB6
135CB7
135CB9
135CBA
135CBB
1358BC
1358BD
1358BE
1358BF
1358C0
1358C1
1358C2
1358C3
1358C4
1358C5
1358C6
1358C7
1358C8
1358C9
1358CA
1358CB
1358CC
1354CD
1354CE
1354CF
1354D0
1354D1
1354D2
1354D3
1354D4
1354D5
1354D6
1354D7
1354D8
1350D9
1350D9
1350DA
1350DB
1350DC
1350DD
1350DE
1350DF
1350E0
1350E1
1350E2
134CE3
134CE4
134CE5
134CE5
134CE6
134CE7
134CE8
134CE9
134CEA
1348EB
1348EC
1348ED
1348ED
1348EE
1348EF
1348F0
1348F1
1348F2
1344F2
1344F3
1344F4
1344F5
1344F6
1344F7
1344F7
1344F8
1340F9
1340FA
1340FB
1340FB
1340FC
1340FD
1340FE
1340FE
133CFF
133D00
133D01
133D02
133D02
133D03
133D04
133D05
133905
133906
133907
133907
133908
133909
13390A
13350A
13350B
13350C
13350C
13350D
13350E
13350E
13350F
133110
133110
133111
133112
133112
133113
133114
132D14
132D15
132D15
132D16
132D17
132D17
132D18
132919
132919
13291A
13291A
13291B
13291C
13291C
13291D
13251D
13251E
13251E
13251F
132520
132520
132521
132121
132122
132122
132123
132123
132124
132124
13201B
13201C
13201C
13201D
13201D
13241E
13241E
13241F
13241F
132420
132420
132421
132822
132822
132823
132823
132824
132824
132825
132826
132C26
132C27
132C27
132C28
132C29
132C29
132C2A
13302A
13302B
13302C
13302C
13302D
13302E
13302E
13342F
13342F
133430
133431
133431
133432
133433
133833
133834
133835
133835
133836
133837
133837
133838
133C39
133C3A
133C3A
133C3B
133C3C
133C3C
133C3D
13403E
13403F
13403F
134040
134041
134042
134042
134043
134444
134445
134446
134446
134447
134448
134449
13444A
13484A
13484B
13484C
13484D
13484E
13484E
13484F
134850
134C51
134C52
134C53
134C53
134C54
134C55
134C56
134C57
134C58
135059
13505A
13505A
13505B
13505C
13505D
13505E
13505F
135060
135461
135462
135463
135464
135464
135465
135466
135467
135468
135469
13546A
13586B
13586C
13586D
13586E
13586F
135870
135871
135872
135873
135874
135875
135876
135C77
135C78
135C79
135C7A
135C7B
135C7C
135C7D
135C7E
135C7F
135C80
135C81
135C82
135C83
135C84
135C85
135C86
135C87
136088
136089
13608A
13608B
13608C
13608D
13608E
13608F
136090
136092
136093
136094
136095
136096
136097
136098
136099
13609A
13609B
13609C
13609D
13609E
13609F
1360A0
1360A1
1360A2
1360A3
1360A5
1360A6
1360A7
1360A8
1360A9
1360AA
1360AB
1360AC
1360AD
1360AE
1360AF
1360B0
1360B1
1360B2
1360B3
1360B4
1360B5
1360B6
1360B7
1360B8
135CBA
135CBB
135CBC
135CBD
135CBE
135CBF
135CC0
135CC1
135CC2
135CC3
135CC4
135CC5
135CC6
135CC7
135CC8
135CC9
135CCA
135CCB
1358CC
1358CD
1358CE
1358CF
1358D0
1358D1
1358D2
1358D3
1358D4
1358D5
1358D6
1358D7
1354D7
1354D8
1354D9
1354DA
1354DB
1354DC
1354DD
1354DE
1354DF
1354E0
1354E1
1350E2
1350E3
1350E4
1350E4
1350E5
1350E6
1350E7
1350E8
1350E9
134CEA
134CEB
134CEC
134CEC
134CED
134CEE
134CEF
134CF0
134CF1
1348F2
1348F2
1348F3
1348F4
1348F5
1348F6
1348F6
1348F7
1344F8
1344F9
1344FA
1344FA
1344FB
1344FC
1344FD
1344FE
1340FE
1340FF
134100
134101
134101
134102
134103
134104
133D04
133D05
133D06
133D07
133D07
133D08
133D09
133909
13390A
13390B
13390B
13390C
13390D
13390E
13390E
13350F
133510
133510
133511
133512
133512
133513
133113
133114
133115
133115
133116
133117
133117
132D18
132D18
132D19
132D1A
132D1A
132D1B
132D1B
13291C
13291D
13291D
13291E
13291E
13291F
13291F
132920
132521
132521
132522
132522
132523
132523
132524
132124
13241B
13241C
13241C
13241D
13241D
13241E
13241E
13281F
132820
132820
132821
132821
132822
132822
132C23
132C23
132C24
132C25
132C25
132C26
132C26
133027
133027
133028
133029
133029
13302A
13302A
13342B
13342C
13342C
13342D
13342E
13342E
13342F
133830
133830
133831
133831
133832
133833
133833
133834
133C35
133C36
133C36
133C37
133C38
133C38
133C39
13403A
13403A
13403B
13403C
13403D
13403D
13403E
13443F
134440
134440
134441
134442
134443
134443
134444
134845
134846
134846
134847
134848
134849
13484A
13484A
134C4B
134C4C
134C4D
134C4E
134C4F
134C4F
134C50
134C51
135052
135053
135054
135054
135055
135056
135057
135058
135059
13545A
13545B
13545B
13545C
13545D
13545E
13545F
135460
135461
135862
135863
135864
135865
135865
135866
135867
135868
135869
13586A
13586B
135C6C
135C6D
135C6E
135C6F
135C70
135C71
135C72
135C73
135C74
135C75
135C76
135C77
136078
136079
13607A
13607B
13607C
13607D
13607E
13607F
136080
136081
136082
136083
136084
136085
136086
136087
136088
136089
13648A
13648B
13648C
13648D
13648E
13648F
136490
136492
136493
136494
136495
136496
136497
136498
136499
13649A
13649B
13649C
13649D
13649E
13649F
1364A0
1364A1
1364A2
1364A3
1364A5
1364A6
1364A7
1364A8
1364A9
1364AA
1364AB
1364AC
1364AD
1364AE
1364AF
1364B0
1364B1
1364B2
1364B3
1364B4
1364B5
1364B6
1364B7
1360B8
1360B9
1360BB
1360BC
1360BD
1360BE
1360BF
1360C0
1360C1
1360C2
1360C3
1360C4
1360C5
1360C6
1360C7
1360C8
1360C9
1360CA
135CCB
135CCC
135CCD
135CCE
135CCF
135CD0
135CD1
135CD2
135CD3
135CD4
135CD5
135CD6
1358D6
1358D7
1358D8
1358D9
1358DA
1358DB
1358DC
1358DD
1358DE
1358DF
1358E0
1354E1
1354E2
1354E3
1354E4
1354E4
1354E5
1354E6
1354E7
1354E8
1350E9
1350EA
1350EB
1350EB
1350EC
1350ED
1350EE
1350EF
1350F0
134CF1
134CF1
134CF2
134CF3
134CF4
134CF5
134CF6
134CF6
1348F7
1348F8
1348F9
1348FA
1348FA
1348FB
1348FC
1348FD
1344FE
1344FE
1344FF
134500
134501
134501
134502
134503
134104
134104
134105
134106
134106
134107
134108
133D09
133D09
133D0A
133D0B
133D0B
133D0C
133D0D
13390D
13390E
13390F
13390F
133910
133911
133911
133912
133513
133513
133514
133515
133515
133516
133516
133117
133118
133118
133119
13311A
13311A
13311B
132D1B
132D1C
132D1C
132D1D
132D1E
132D1E
132D1F
13291F
132920
132920
132921
132922
132922
132923
132523
132524
132524
13241B
13281C
13281C
13281D
13281D
13281E
13281F
13281F
132C20
132C20
132C21
132C21
132C22
132C22
132C23
133024
133024
133025
133025
133026
133026
133027
133428
133428
133429
133429
13342A
13342B
13342B
13382C
13382C
13382D
13382E
13382E
13382F
133830
133830
133C31
133C32
133C32
133C33
133C34
133C34
133C35
134036
134036
134037
134038
134038
134039
13403A
13443B
13443B
13443C
13443D
13443D
13443E
13443F
134840
134840
134841
134842
134843
134843
134844
134845
134C46
134C47
134C47
134C48
134C49
134C4A
134C4B
134C4B
13504C
13504D
13504E
13504F
13504F
135050
135051
135052
135453
135454
135455
135455
135456
135457
135458
135459
13585A
13585B
13585C
13585C
13585D
13585E
13585F
135860
135861
135862
135C63
135C64
135C65
135C66
135C66
135C67
135C68
135C69
135C6A
135C6B
13606C
13606D
13606E
13606F
136070
136071
136072
136073
136074
136075
136076
136077
136078
136479
13647A
13647B
13647C
13647D
13647E
13647F
136480
136481
136482
136483
136484
136485
136486
136487
136488
136489
13648A
13688B
13688C
13688D
13688E
13688F
136891
136892
136893
136894
136895
136896
136897
136898
136899
13689A
13689B
13689C
13689D
13689E
13689F
1368A0
1368A1
1368A2
1368A3
1368A5
1368A6
1368A7
1368A8
1368A9
1368AA
1368AB
1368AC
1368AD
1368AE
1368AF
1368B0
1368B1
1368B2
1368B3
1368B4
1368B5
1368B6
1364B7
1364B8
1364B9
1364BA
1364BC
1364BD
1364BE
1364BF
1364C0
1364C1
1364C2
1364C3
1364C4
1364C5
1364C6
1364C7
1364C8
1364C9
1360CA
1360CB
1360CC
1360CD
1360CE
1360CF
1360D0
1360D1
1360D2
1360D3
1360D4
1360D4
1360D5
135CD6
135CD7
135CD8
135CD9
135CDA
135CDB
135CDC
135CDD
135CDE
135CDF
1358E0
1358E1
1358E2
1358E3
1358E3
1358E4
1358E5
1358E6
1358E7
1354E8
1354E9
1354EA
1354EB
1354EB
1354EC
1354ED
1354EE
1354EF
1350F0
1350F0
1350F1
1350F2
1350F3
1350F4
1350F5
1350F5
134CF6
134CF7
134CF8
134CF9
134CF9
134CFA
134CFB
134CFC
1348FD
1348FD
1348FE
1348FF
134900
134900
134901
134902
134503
134503
134504
134505
134506
134506
134507
134108
134108
134109
13410A
13410B
13410B
13410C
133D0D
133D0D
133D0E
133D0F
133D0F
133D10
133D11
133911
133912
133913
133913
133914
133914
133915
133516
133516
133517
133518
133518
133519
133519
13351A
13311B
13311B
13311C
13311C
13311D
13311D
13311E
132D1F
132D1F
132D20
132D20
132D21
132D21
132D22
132922
132923
132924
132924
13281C
13281C
13281D
132C1D
132C1E
132C1E
132C1F
132C1F
132C20
132C20
133021
133021
133022
133023
133023
133024
133024
133425
133425
133426
133427
133427
133428
133428
133829
13382A
13382A
13382B
13382B
13382C
13382D
133C2D
133C2E
133C2E
133C2F
133C30
133C30
133C31
134032
134032
134033
134034
134034
134035
134036
134436
134437
134438
134439
134439
13443A
13443B
13483B
13483C
13483D
13483E
13483E
13483F
134840
134C41
134C41
134C42
134C43
134C44
134C44
134C45
134C46
135047
135047
135048
135049
13504A
13504B
13504B
13504C
13544D
13544E
13544F
135450
135450
135451
135452
135453
135854
135855
135855
135856
135857
135858
135859
13585A
135C5B
135C5C
135C5C
135C5D
135C5E
135C5F
135C60
135C61
135C62
135C63
136064
136065
136066
136067
136068
136068
136069
13606A
13606B
13606C
13646D
13646E
13646F
136470
136471
136472
136473
136474
136475
136476
136477
136478
136479
13687A
13687B
13687C
13687D
13687E
13687F
136880
136881
136882
136883
136884
136885
136886
136887
136888
136889
13688A
13688B
13688C
136C8D
136C8E
136C8F
136C91
136C92
136C93
136C94
136C95
136C96
136C97
136C98
136C99
136C9A
136C9B
136C9C
136C9D
136C9E
136C9F
136CA0
136CA1
136CA2
136CA3
136CA5
136CA6
136CA7
136CA8
136CA9
136CAA
136CAB
136CAC
136CAD
136CAE
136CAF
136CB0
136CB1
136CB2
136CB3
136CB4
1368B5
1368B6
1368B7
1368B8
1368B9
1368BA
1368BB
1368BC
1368BE
1368BF
1368C0
1368C1
1368C2
1368C3
1368C4
1368C5
1368C6
1368C7
1368C8
1364C9
1364CA
1364CB
1364CC
1364CD
1364CE
1364CF
1364D0
1364D1
1364D2
1364D2
1364D3
1364D4
1360D5
1360D6
1360D7
1360D8
1360D9
1360DA
1360DB
1360DC
1360DD
1360DE
135CDF
135CE0
135CE1
135CE2
135CE2
135CE3
135CE4
135CE5
135CE6
135CE7
1358E8
1358E9
1358EA
1358EA
1358EB
1358EC
1358ED
1358EE
1354EF
1354F0
1354F0
1354F1
1354F2
1354F3
1354F4
1354F5
1350F5
1350F6
1350F7
1350F8
1350F9
1350F9
1350FA
1350FB
134CFC
134CFD
134CFD
134CFE
134CFF
134D00
134D00
134D01
134902
134903
134903
134904
134905
134906
134906
134507
134508
134508
134509
13450A
13450A
13450B
13410C
13410D
13410D
13410E
13410F
13410F
134110
133D11
133D11
133D12
133D12
133D13
133D14
133D14
133915
133916
133916
133917
133917
133918
133919
133519
13351A
13351A
13351B
13351C
13351C
13351D
13311D
13311E
13311F
13311F
133120
133120
133121
132D21
132D22
132D22
132D23
132D23
132D24
132C1C
132C1C
132C1D
132C1D
13301E
13301E
13301F
13301F
133020
133020
133021
133422
133422
133423
133423
133424
133424
133425
133825
133826
133827
133827
133828
133828
133829
133C2A
133C2A
133C2B
133C2B
133C2C
133C2D
133C2D
13402E
13402F
13402F
134030
134031
134031
134032
134433
134433
134434
134435
134435
134436
134437
134837
134838
134839
134839
13483A
13483B
13483B
134C3C
134C3D
134C3E
134C3E
134C3F
134C40
134C41
135041
135042
135043
135044
135044
135045
135046
135047
135448
135448
135449
13544A
13544B
13544C
13544C
13544D
13584E
13584F
135850
135850
135851
135852
135853
135854
135C55
135C56
135C56
135C57
135C58
135C59
135C5A
135C5B
13605C
13605D
13605D
13605E
13605F
136060
136061
136062
136063
136064
136465
136466
136467
136468
136469
136469
13646A
13646B
13646C
13646D
13686E
13686F
136870
136871
136872
136873
136874
136875
136876
136877
136878
136879
13687A
136C7B
136C7C
136C7D
136C7E
136C7F
136C80
136C81
136C82
136C83
136C84
136C85
136C86
136C87
136C88
136C89
136C8A
136C8B
136C8C
136C8D
136C8E
137090
137091
137092
137093
137094
137095
137096
137097
137098
137099
13709A
13709B
13709C
13709D
13709E
13709F
1370A0
1370A1
1370A2
1370A3
1370A4
1370A6
1370A7
1370A8
1370A9
1370AA
1370AB
1370AC
1370AD
1370AE
1370AF
1370B0
1370B1
1370B2
136CB3
136CB4
136CB5
136CB6
136CB7
136CB8
136CB9
136CBA
136CBB
136CBC
136CBD
136CBE
136CC0
136CC1
136CC2
136CC3
136CC4
136CC5
136CC6
136CC7
1368C8
1368C9
1368CA
1368CB
1368CC
1368CD
1368CE
1368CF
1368CF
1368D0
1368D1
1368D2
1368D3
1364D4
1364D5
1364D6
1364D7
1364D8
1364D9
1364DA
1364DB
1364DC
1364DD
1360DE
1360DF
1360E0
1360E1
1360E1
1360E2
1360E3
1360E4
1360E5
1360E6
135CE7
135CE8
135CE9
135CE9
135CEA
135CEB
135CEC
135CED
1358EE
1358EF
1358EF
1358F0
1358F1
1358F2
1358F3
1358F4
1354F4
1354F5
1354F6
1354F7
1354F8
1354F8
1354F9
1354FA
1350FB
1350FC
1350FC
1350FD
1350FE
1350FF
1350FF
135100
134D01
134D02
134D02
134D03
134D04
134D05
134D05
134906
134907
134908
134908
134909
13490A
13490A
13450B
13450C
13450C
13450D
13450E
13450E
13450F
134110
134110
134111
134112
134112
134113
134114
133D14
133D15
133D16
133D16
133D17
133D17
133D18
133919
133919
13391A
13391A
13391B
13391C
13391C
13351D
13351D
13351E
13351E
13351F
133520
133520
133121
133121
133122
133122
133123
133123
133124
13301C
13301C
13301D
13301D
13301E
13301E
13341F
13341F
133420
133421
133421
133422
133422
133823
133823
133824
133824
133825
133826
133826
133C27
133C27
133C28
133C29
133C29
133C2A
13402A
13402B
13402C
13402C
13402D
13402D
13402E
13442F
13442F
134430
134431
134431
134432
134433
134833
134834
134835
134835
134836
134837
134837
134C38
134C39
134C39
134C3A
134C3B
134C3C
134C3C
13503D
13503E
13503F
13503F
135040
135041
135041
135442
135443
135444
135445
135445
135446
135447
135448
135848
135849
13584A
13584B
13584C
13584C
13584D
13584E
135C4F
135C50
135C51
135C51
135C52
135C53
135C54
135C55
136056
136057
136057
136058
136059
13605A
13605B
13605C
13645D
13645E
13645E
13645F
136460
136461
136462
136463
136464
136465
136866
136867
136868
136869
13686A
13686B
13686B
13686C
13686D
13686E
136C6F
136C70
136C71
136C72
136C73
136C74
136C75
136C76
136C77
136C78
136C79
136C7A
136C7B
13707C
13707D
13707E
13707F
137080
137081
137082
137083
137084
137085
137086
137087
137088
137089
13708A
13708B
13708C
13708D
13708F
137090
137091
137492
137493
137494
137495
137496
137497
137498
137499
13749A
13749B
13749C
13749D
13749E
13749F
1374A0
1374A1
1374A2
1374A3
1374A4
1374A6
1374A7
1374A8
1374A9
1374AA
1374AB
1374AC
1374AD
1374AE
1374AF
1370B0
1370B1
1370B2
1370B3
1370B4
1370B5
1370B6
1370B7
1370B8
1370B9
1370BA
1370BB
1370BC
1370BD
1370BE
1370BF
1370C0
1370C2
1370C3
1370C4
1370C5
136CC6
136CC7
136CC8
136CC9
136CCA
136CCB
136CCC
136CCC
136CCD
136CCE
136CCF
136CD0
136CD1
136CD2
1368D3
1368D4
1368D5
1368D6
1368D7
1368D8
1368D9
1368DA
1368DB
1368DC
1364DD
1364DE
1364DF
1364E0
1364E0
1364E1
1364E2
1364E3
1364E4
1364E5
1360E6
1360E7
1360E8
1360E8
1360E9
1360EA
1360EB
1360EC
135CED
135CEE
135CEF
135CEF
135CF0
135CF1
135CF2
135CF3
1358F4
1358F4
1358F5
1358F6
1358F7
1358F8
1358F8
1358F9
1354FA
1354FB
1354FC
1354FC
1354FD
1354FE
1354FF
1350FF
135100
135101
135102
135102
135103
135104
135105
134D05
134D06
134D07
134D07
134D08
134D09
134D0A
13490A
13490B
13490C
13490C
13490D
13490E
13490E
13450F
134510
134510
134511
134512
134512
134513
134113
134114
134115
134115
134116
134117
133D17
133D18
133D18
133D19
133D1A
133D1A
133D1B
13391B
13391C
13391D
13391D
13391E
13391E
13391F
13351F
133520
133520
133521
133522
133522
133523
133123
133124
13341C
13341C
13341D
13341D
13341E
13341F
13341F
133820
133820
133821
133821
133822
133822
133823
133C23
133C24
133C25
133C25
133C26
133C26
133C27
134027
134028
134029
134029
13402A
13402A
13402B
13442C
13442C
13442D
13442E
13442E
13442F
13442F
134830
134831
134831
134832
134833
134833
134C34
134C35
134C35
134C36
134C37
134C37
134C38
135039
13503A
13503A
13503B
13503C
13503C
13503D
13543E
13543F
13543F
135440
135441
135442
135442
135843
135844
135845
135845
135846
135847
135848
135849
135C49
135C4A
135C4B
135C4C
135C4D
135C4D
135C4E
135C4F
136050
136051
136052
136052
136053
136054
136055
136056
136457
136457
136458
136459
13645A
13645B
13645C
13645D
13685E
13685F
13685F
136860
136861
136862
136863
136864
136865
136866
136C67
136C68
136C69
136C6A
136C6B
136C6C
136C6C
136C6D
136C6E
136C6F
137070
137071
137072
137073
137074
137075
137076
137077
137078
137079
13707A
13707B
13707C
13707D
13747E
13747F
137480
137481
137482
137483
137484
137485
137486
137487
137488
137489
13748A
13748B
13748C
13748D
13748F
137490
137491
137492
137493
137494
137895
137896
137897
137898
137899
13789A
13789B
13789C
13789D
13789E
13789F
1378A0
1378A1
1378A2
1378A3
1378A4
1378A6
1378A7
1378A8
1378A9
1378AA
1378AB
1378AC
1374AD
1374AE
1374AF
1374B0
1374B1
1374B2
1374B3
1374B4
1374B5
1374B6
1374B7
1374B8
1374B9
1374BA
1374BB
1374BC
1374BD
1374BE
1374BF
1374C0
1374C1
1374C2
1374C3
1370C4
1370C5
1370C6
1370C7
1370C8
1370C9
1370CA
1370CB
1370CC
1370CD
1370CE
1370CF
1370D0
136CD1
136CD2
136CD3
136CD4
136CD5
136CD6
136CD7
136CD8
136CD9
136CDA
136CDB
1368DC
1368DD
1368DE
1368DF
1368DF
1368E0
1368E1
1368E2
1368E3
1368E4
1364E5
1364E6
1364E7
1364E7
1364E8
1364E9
1364EA
1364EB
1360EC
1360ED
1360EE
1360EE
1360EF
1360F0
1360F1
1360F2
135CF3
135CF3
135CF4
135CF5
135CF6
135CF7
135CF7
135CF8
1358F9
1358FA
1358FB
1358FB
1358FC
1358FD
1358FE
1354FE
1354FF
135500
135501
135501
135502
135503
135504
135104
135105
135106
135107
135107
135108
135109
134D09
134D0A
134D0B
134D0B
134D0C
134D0D
134D0E
13490E
13490F
134910
134910
134911
134911
134512
134513
134513
134514
134515
134515
134516
134116
134117
134118
134118
134119
13411A
13411A
133D1B
133D1B
133D1C
133D1C
133D1D
133D1E
133D1E
13391F
13391F
133920
133920
133921
133921
133922
133523
133523
133524
13341C
13341D
13381D
13381E
13381E
13381F
13381F
133820
133820
133C21
133C21
133C22
133C22
133C23
133C24
133C24
134025
134025
134026
134026
134027
134028
134428
134429
134429
13442A
13442B
13442B
13442C
13482C
13482D
13482E
13482E
13482F
134830
134830
134C31
134C32
134C32
134C33
134C34
134C34
134C35
135036
135036
135037
135038
135038
135039
13543A
13543A
13543B
13543C
13543D
13543D
13543E
13583F
13583F
135840
135841
135842
135842
135843
135844
135C45
135C46
135C46
135C47
135C48
135C49
135C49
13604A
13604B
13604C
13604D
13604D
13604E
13604F
136050
136451
136452
136452
136453
136454
136455
136456
136457
136858
136858
136859
13685A
13685B
13685C
13685D
13685E
136C5F
136C60
136C60
136C61
136C62
136C63
136C64
136C65
136C66
136C67
137068
137069
13706A
13706B
13706C
13706D
13706E
13706E
13706F
137070
137071
137472
137473
137474
137475
137476
137477
137478
137479
13747A
13747B
13747C
13747D
13747E
13787F
137880
137881
137882
137883
137884
137885
137886
137887
137888
137889
13788A
13788B
13788C
13788E
13788F
137890
137891
137892
137893
137894
137895
137896
137897
137898
137899
137C9A
137C9B
137C9C
137C9D
137C9E
137C9F
137CA0
137CA1
137CA2
137CA3
137CA4
137CA6
137CA7
137CA8
1378A9
1378AA
1378AB
1378AC
1378AD
1378AE
1378AF
1378B0
1378B1
1378B2
1378B3
1378B4
1378B5
1378B6
1378B7
1378B8
1378B9
1378BA
1378BB
1378BC
1378BD
1378BE
1378BF
1378C0
1378C1
1378C2
1374C3
1374C4
1374C5
1374C6
1374C7
1374C8
1374C9
1374CA
1374CB
1374CC
1374CD
1374CE
1374CF
1370D0
1370D1
1370D2
1370D3
1370D4
1370D5
1370D6
1370D7
1370D8
1370D9
1370DA
136CDB
136CDC
136CDD
136CDD
136CDE
136CDF
136CE0
136CE1
136CE2
136CE3
1368E4
1368E5
1368E6
1368E7
1368E7
1368E8
1368E9
1368EA
1364EB
1364EC
1364ED
1364ED
1364EE
1364EF
1364F0
1364F1
1360F2
1360F2
1360F3
1360F4
1360F5
1360F6
1360F7
1360F7
135CF8
135CF9
135CFA
135CFB
135CFB
135CFC
135CFD
1358FE
1358FE
1358FF
135900
135901
135901
135902
135903
135504
135504
135505
135506
135506
135507
135108
135109
135109
13510A
13510B
13510B
13510C
134D0D
134D0D
134D0E
134D0F
134D0F
134D10
134D11
134911
134912
134913
134913
134914
134915
134915
134516
134516
134517
134518
134518
134519
134519
13411A
13411B
13411B
13411C
13411C
13411D
133D1D
133D1E
133D1F
133D1F
133D20
133D20
133D21
133921
133922
133922
133923
133923
13381C
13381D
13381D
13381E
133C1E
133C1F
133C1F
133C20
133C20
133C21
134021
134022
134023
134023
134024
134024
134025
134425
134426
134427
134427
134428
134428
134429
13482A
13482A
13482B
13482B
13482C
13482D
134C2D
134C2E
134C2E
134C2F
134C30
134C30
134C31
135032
135032
135033
135034
135034
135035
135036
135436
135437
135438
135438
135439
13543A
13543B
13583B
13583C
13583D
13583D
13583E
13583F
135840
135C40
135C41
135C42
135C43
135C43
135C44
135C45
136046
136046
136047
136048
136049
13604A
13604A
13644B
13644C
13644D
13644E
13644E
13644F
136450
136451
136852
136853
136853
136854
136855
136856
136857
136858
136C59
136C59
136C5A
136C5B
136C5C
136C5D
136C5E
136C5F
137060
137061
137061
137062
137063
137064
137065
137066
137067
137068
137469
13746A
13746B
13746C
13746D
13746E
13746F
137470
137470
137471
137472
137873
137874
137875
137876
137877
137878
137879
13787A
13787B
13787C
13787D
13787E
13787F
137880
137C81
137C82
137C83
137C84
137C85
137C86
137C87
137C88
137C89
137C8A
137C8B
137C8D
137C8E
137C8F
137C90
137C91
137C92
137C93
137C94
137C95
137C96
137C97
137C98
137C99
137C9A
137C9B
137C9C
137C9D
137C9E
137C9F
137CA0
137CA1
137CA2
137CA3
137CA4
137CA6
137CA7
137CA8
137CA9
137CAA
137CAB
137CAC
137CAD
137CAE
137CAF
137CB0
137CB1
137CB2
137CB3
137CB4
137CB5
137CB6
137CB7
137CB8
137CB9
137CBA
137CBB
137CBC
137CBD
137CBE
137CBF
137CC0
1378C1
1378C2
1378C3
1378C4
1378C5
1378C6
1378C7
1378C8
1378C9
1378CA
1378CB
1378CC
1378CD
1378CE
1374CF
1374D0
1374D1
1374D2
1374D3
1374D4
1374D5
1374D6
1374D7
1374D8
1374D9
1370DA
1370DB
1370DC
1370DC
1370DD
1370DE
1370DF
1370E0
1370E1
1370E2
136CE3
136CE4
136CE5
136CE6
136CE6
136CE7
136CE8
136CE9
1368EA
1368EB
1368EC
1368EC
1368ED
1368EE
1368EF
1368F0
1364F1
1364F2
1364F2
1364F3
1364F4
1364F5
1364F6
1364F6
1360F7
1360F8
1360F9
1360FA
1360FA
1360FB
1360FC
135CFD
135CFD
135CFE
135CFF
135D00
135D01
135D01
135902
135903
135903
135904
135905
135906
135906
135507
135508
135508
135509
13550A
13550B
13550B
13510C
13510D
13510D
13510E
13510F
13510F
135110
134D11
134D11
134D12
134D12
134D13
134D14
134D14
134915
134916
134916
134917
134917
134918
134519
134519
13451A
13451A
13451B
13451C
13451C
13411D
13411D
13411E
13411E
13411F
134120
134120
133D21
133D21
133D22
133D22
133D23
133D23
133C1C
133C1D
133C1D
133C1E
133C1E
13401F
13401F
134020
134020
134021
134022
134022
134423
134423
134424
134424
134425
134426
134826
134827
134827
134828
134828
134829
13482A
134C2A
134C2B
134C2B
134C2C
134C2D
134C2D
134C2E
13502F
13502F
135030
135031
135031
135032
135432
135433
135434
135434
135435
135436
135436
135837
135838
135839
135839
13583A
13583B
13583B
135C3C
135C3D
135C3E
135C3E
135C3F
135C40
135C40
136041
136042
136043
136043
136044
136045
136046
136447
136447
136448
136449
13644A
13644A
13644B
13684C
13684D
13684E
13684F
13684F
136850
136851
136852
136C53
136C54
136C54
136C55
136C56
136C57
136C58
136C59
13705A
13705A
13705B
13705C
13705D
13705E
13705F
137060
137461
137462
137462
137463
137464
137465
137466
137467
137468
137469
13786A
13786B
13786C
13786D
13786E
13786F
137870
137871
137872
137872
137873
137C74
137C75
137C76
137C77
137C78
137C79
137C7A
137C7B
137C7C
137C7D
137C7E
137C7F
137C80
137C81
138082
138083
138084
138085
138086
138087
138088
138089
13808B
13808C
13808D
13808E
13808F
138090
138091
138092
138093
138094
138095
138096
138097
138098
138099
13809A
13809B
13809C
13809D
13809E
13809F
1380A0
1380A1
1380A2
1380A3
1380A4
1380A6
1380A7
1380A8
1380A9
1380AA
1380AB
1380AC
1380AD
1380AE
1380AF
1380B0
1380B1
1380B2
1380B3
1380B4
1380B5
1380B6
1380B7
1380B8
1380B9
1380BA
1380BB
1380BC
1380BD
1380BE
1380BF
137CC0
137CC1
137CC2
137CC3
137CC4
137CC5
137CC6
137CC7
137CC8
137CC9
137CCA
137CCB
137CCC
137CCD
1378CE
1378CF
1378D0
1378D1
1378D2
1378D3
1378D4
1378D5
1378D6
1378D7
1378D8
1374D9
1374DA
1374DB
1374DB
1374DC
1374DD
1374DE
1374DF
1374E0
1374E1
1370E2
1370E3
1370E4
1370E5
1370E5
1370E6
1370E7
1370E8
136CE9
136CEA
136CEB
136CEC
136CEC
136CED
136CEE
136CEF
1368F0
1368F1
1368F1
1368F2
1368F3
1368F4
1368F5
1368F6
1364F6
1364F7
1364F8
1364F9
1364F9
1364FA
1364FB
1360FC
1360FD
1360FD
1360FE
1360FF
136100
136100
135D01
135D02
135D03
135D03
135D04
135D05
135D06
135906
135907
135908
135908
135909
13590A
13590A
13550B
13550C
13550C
13550D
13550E
13550E
13550F
135110
135110
135111
135112
135112
135113
134D14
134D14
134D15
134D16
134D16
134D17
134D17
134918
134919
134919
13491A
13491A
13491B
13451B
13451C
13451D
13451D
13451E
13451E
13451F
13411F
134120
134121
134121
134122
134122
134123
133D23
13401C
13401D
13401D
13401E
13401E
13401F
134020
134420
134421
134421
134422
134422
134423
134823
134824
134825
134825
134826
134826
134827
134C27
134C28
134C29
134C29
134C2A
134C2A
13502B
13502C
13502C
13502D
13502D
13502E
13502F
13542F
135430
135431
135431
135432
135433
135433
135834
135835
135835
135836
135837
135837
135C38
135C39
135C39
135C3A
135C3B
135C3B
135C3C
13603D
13603E
13603E
13603F
136040
136041
136041
136442
136443
136444
136444
136445
136446
136447
136847
136848
136849
13684A
13684B
13684B
13684C
136C4D
136C4E
136C4F
136C4F
136C50
136C51
136C52
136C53
137054
137054
137055
137056
137057
137058
137059
13705A
13745B
13745B
13745C
13745D
13745E
13745F
137460
137461
137862
137863
137863
137864
137865
137866
137867
137868
137869
13786A
137C6B
137C6C
137C6D
137C6E
137C6F
137C70
137C71
137C72
137C73
137C74
137C74
138075
138076
138077
138078
138079
13807A
13807B
13807C
13807D
13807E
13807F
138080
138081
138082
138083
138484
138485
138486
138487
138488
13848A
13848B
13848C
13848D
13848E
13848F
138490
138491
138492
138493
138494
138495
138496
138497
138498
138499
13849A
13849B
13849C
13849D
13849E
13849F
1384A0
1384A1
1384A2
1384A3
1384A4
1384A6
1384A7
1384A8
1384A9
1384AA
1384AB
1384AC
1384AD
1384AE
1384AF
1384B0
1384B1
1384B2
1384B3
1384B4
1384B5
1384B6
1384B7
1384B8
1384B9
1384BA
1384BB
1384BC
1384BD
1380BE
1380BF
1380C0
1380C1
1380C2
1380C3
1380C4
1380C5
1380C6
1380C7
1380C8
1380C9
1380CA
1380CB
1380CC
137CCD
137CCE
137CCF
137CD0
137CD1
137CD2
137CD3
137CD4
137CD5
137CD6
137CD7
1378D8
1378D9
1378DA
1378DA
1378DB
1378DC
1378DD
1378DE
1378DF
1378E0
1374E1
1374E2
1374E3
1374E4
1374E4
1374E5
1374E6
1374E7
1370E8
1370E9
1370EA
1370EB
1370EB
1370EC
1370ED
1370EE
136CEF
136CF0
136CF0
136CF1
136CF2
136CF3
136CF4
136CF5
1368F5
1368F6
1368F7
1368F8
1368F9
1368F9
1368FA
1364FB
1364FC
1364FC
1364FD
1364FE
1364FF
136500
136100
136101
136102
136102
136103
136104
136105
135D05
135D06
135D07
135D08
135D08
135D09
135D0A
13590A
13590B
13590C
13590C
13590D
13590E
13550E
13550F
135510
135510
135511
135512
135512
135113
135114
135114
135115
135115
135116
135117
134D17
134D18
134D18
134D19
134D1A
134D1A
13491B
13491B
13491C
13491D
13491D
13491E
13491E
13451F
13451F
134520
134520
134521
134522
134122
134123
134123
13401C
13401D
13441E
13441E
13441F
13441F
134420
134420
134821
134821
134822
134822
134823
134824
134824
134C25
134C25
134C26
134C26
134C27
134C28
135028
135029
135029
13502A
13502B
13502B
13502C
13542C
13542D
13542E
13542E
13542F
13542F
135830
135831
135831
135832
135833
135833
135834
135C35
135C35
135C36
135C37
135C37
135C38
136039
13603A
13603A
13603B
13603C
13603C
13603D
13643E
13643F
13643F
136440
136441
136441
136442
136843
136844
136844
136845
136846
136847
136848
136C48
136C49
136C4A
136C4B
136C4C
136C4C
136C4D
13704E
13704F
137050
137050
137051
137052
137053
137054
137455
137455
137456
137457
137458
137459
13745A
13745B
13785B
13785C
13785D
13785E
13785F
137860
137861
137862
137863
137C64
137C64
137C65
137C66
137C67
137C68
137C69
137C6A
137C6B
13806C
13806D
13806E
13806F
138070
138071
138072
138073
138074
138075
138076
138077
138477
138478
138479
13847A
13847B
13847C
13847D
13847E
13847F
138480
138481
138482
138483
138484
138485
138886
138888
138889
13888A
13888B
13888C
13888D
13888E
13888F
138890
138891
138892
138893
138894
138895
138896
138897
138898
138899
13889A
13889B
13889C
13889D
13889E
13889F
1388A0
1388A1
1388A2
1388A3
1388A4
1388A5
1388A7
1388A8
1388A9
1388AA
1388AB
1388AC
1388AD
1388AE
1388AF
1388B0
1388B1
1388B2
1388B3
1388B4
1388B5
1388B6
1388B7
1388B8
1388B9
1388BA
1388BB
1384BC
1384BD
1384BE
1384BF
1384C0
1384C1
1384C2
1384C3
1384C4
1384C5
1384C6
1384C7
1384C8
1384C9
1384CA
1380CB
1380CC
1380CD
1380CE
1380CF
1380D0
1380D1
1380D2
1380D3
1380D4
1380D5
1380D6
137CD7
137CD8
137CD9
137CD9
137CDA
137CDB
137CDC
137CDD
137CDE
1378DF
1378E0
1378E1
1378E2
1378E3
1378E3
1378E4
1378E5
1378E6
1374E7
1374E8
1374E9
1374EA
1374EA
1374EB
1374EC
1374ED
1370EE
1370EF
1370F0
1370F0
1370F1
1370F2
1370F3
1370F4
136CF4
136CF5
136CF6
136CF7
136CF8
136CF8
136CF9
1368FA
1368FB
1368FC
1368FC
1368FD
1368FE
1368FF
1364FF
136500
136501
136502
136502
136503
136504
136105
136105
136106
136107
136107
136108
136109
135D09
135D0A
135D0B
135D0C
135D0C
135D0D
13590E
13590E
13590F
135910
135910
135911
135911
135512
135513
135513
135514
135515
135515
135116
135116
135117
135118
135118
135119
135119
134D1A
134D1B
134D1B
134D1C
134D1C
134D1D
13491E
13491E
13491F
13491F
134920
134920
134921
134521
134522
134522
134523
13441D
13441D
13441E
13481E
13481F
13481F
134820
134820
134821
134821
134C22
134C23
134C23
134C24
134C24
134C25
135025
135026
135026
135027
135028
135028
135029
135429
13542A
13542B
13542B
13542C
13542C
13582D
13582E
13582E
13582F
135830
135830
135831
135C32
135C32
135C33
135C34
135C34
135C35
136036
136036
136037
136038
136038
136039
13603A
13643A
13643B
13643C
13643C
13643D
13643E
13683F
13683F
136840
136841
136842
136842
136843
136C44
136C45
136C45
136C46
136C47
136C48
136C48
137049
13704A
13704B
13704C
13704C
13704D
13704E
13744F
137450
137451
137451
137452
137453
137454
137455
137856
137856
137857
137858
137859
13785A
13785B
13785C
137C5C
137C5D
137C5E
137C5F
137C60
137C61
137C62
137C63
137C64
138065
138065
138066
138067
138068
138069
13806A
13806B
13806C
13846D
13846E
13846F
138470
138471
138472
138473
138474
138475
138476
138477
138478
138879
13887A
13887B
13887C
13887C
13887D
13887E
13887F
138880
138881
138882
138884
138885
138886
138887
138888
138C89
138C8A
138C8B
138C8C
138C8D
138C8E
138C8F
138C90
138C91
138C92
138C93
138C94
138C95
138C96
138C97
138C98
138C99
138C9A
138C9B
138C9C
138C9D
138C9E
138C9F
138CA0
138CA1
138CA2
138CA3
138CA4
138CA5
138CA7
138CA8
138CA9
138CAA
138CAB
138CAC
138CAD
138CAE
138CAF
138CB0
138CB1
138CB2
138CB3
138CB4
138CB5
138CB6
138CB7
138CB8
138CB9
1388BA
1388BB
1388BC
1388BD
1388BE
1388BF
1388C0
1388C1
1388C2
1388C3
1388C4
1388C5
1388C6
1388C7
1388C8
1388C9
1384CA
1384CB
1384CC
1384CD
1384CE
1384CF
1384D0
1384D1
1384D2
1384D3
1384D4
1380D5
1380D6
1380D7
1380D7
1380D8
1380D9
1380DA
1380DB
1380DC
1380DD
137CDE
137CDF
137CE0
137CE1
137CE2
137CE2
137CE3
137CE4
137CE5
1378E6
1378E7
1378E8
1378E9
1378EA
1378EA
1378EB
1378EC
1374ED
1374EE
1374EF
1374EF
1374F0
1374F1
1374F2
1374F3
1370F4
1370F4
1370F5
1370F6
1370F7
1370F8
1370F8
136CF9
136CFA
136CFB
136CFB
136CFC
136CFD
136CFE
1368FF
1368FF
136900
136901
136902
136902
136903
136504
136504
136505
136506
136507
136507
136108
136109
136109
13610A
13610B
13610B
13610C
135D0D
135D0D
135D0E
135D0F
135D0F
135D10
135911
135911
135912
135913
135913
135914
135914
135515
135516
135516
135517
135518
135518
135119
135119
13511A
13511B
13511B
13511C
13511C
134D1D
134D1D
134D1E
134D1F
134D1F
134D20
134920
134921
134921
134922
134922
134923
13481D
13481D
13481E
13481E
13481F
134C1F
134C20
134C20
134C21
134C22
134C22
135023
135023
135024
135024
135025
135025
135026
135427
135427
135428
135428
135429
13542A
13582A
13582B
13582B
13582C
13582D
13582D
135C2E
135C2E
135C2F
135C30
135C30
135C31
135C32
136032
136033
136034
136034
136035
136036
136436
136437
136438
136438
136439
13643A
13643A
13683B
13683C
13683D
13683D
13683E
13683F
136C3F
136C40
136C41
136C42
136C42
136C43
136C44
137045
137045
137046
137047
137048
137049
137049
13744A
13744B
13744C
13744D
13744D
13744E
13744F
137850
137851
137851
137852
137853
137854
137855
137856
137C56
137C57
137C58
137C59
137C5A
137C5B
137C5C
137C5D
13805D
13805E
13805F
138060
138061
138062
138063
138064
138065
138466
138466
138467
138468
138469
13846A
13846B
13846C
13846D
13846E
13886F
138870
138871
138872
138873
138874
138875
138876
138877
138878
138879
138C7A
138C7B
138C7C
138C7D
138C7E
138C7F
138C80
138C81
138C82
138C83
138C84
138C85
138C86
138C87
138C88
138C89
138C8A
13908B
13908C
13908D
13908E
13908F
139090
139091
139092
139093
139094
139095
139096
139097
139098
139099
13909A
13909B
13909C
13909D
13909E
13909F
1390A0
1390A1
1390A2
1390A3
1390A4
1390A5
1390A7
1390A8
1390A9
1390AA
1390AB
1390AC
1390AD
1390AE
1390AF
1390B0
1390B1
1390B2
1390B3
1390B4
1390B5
1390B6
1390B7
138CB8
138CB9
138CBA
138CBB
138CBC
138CBD
138CBE
138CBF
138CC0
138CC1
138CC2
138CC3
138CC4
138CC5
138CC6
138CC7
1388C8
1388C9
1388CA
1388CB
1388CC
1388CD
1388CE
1388CF
1388D0
1388D1
1388D2
1388D3
1384D4
1384D5
1384D6
1384D6
1384D7
1384D8
1384D9
1384DA
1384DB
1384DC
1380DD
1380DE
1380DF
1380E0
1380E1
1380E1
1380E2
1380E3
1380E4
137CE5
137CE6
137CE7
137CE8
137CE9
137CE9
137CEA
137CEB
1378EC
1378ED
1378EE
1378EE
1378EF
1378F0
1378F1
1378F2
1374F3
1374F3
1374F4
1374F5
1374F6
1374F7
1374F7
1370F8
1370F9
1370FA
1370FB
1370FB
1370FC
1370FD
136CFE
136CFE
136CFF
136D00
136D01
136D01
136D02
136903
136904
136904
136905
136906
136906
136507
136508
136509
136509
13650A
13650B
13650B
13610C
13610D
13610D
13610E
13610F
13610F
135D10
135D11
135D11
135D12
135D12
135D13
135914
135914
135915
135916
135916
135917
135917
135518
135519
135519
13551A
13551A
13551B
13511C
13511C
13511D
13511D
13511E
13511E
13511F
134D1F
134D20
134D21
134D21
134D22
134D22
134923
134C1D
134C1D
134C1E
134C1E
134C1F
134C20
135020
135021
135021
135022
135022
135023
135023
135424
135424
135425
135426
135426
135427
135827
135828
135829
135829
13582A
13582A
135C2B
135C2C
135C2C
135C2D
135C2D
135C2E
135C2F
13602F
136030
136031
136031
136032
136032
136433
136434
136434
136435
136436
136436
136837
136838
136838
136839
13683A
13683B
13683B
136C3C
136C3D
136C3D
136C3E
136C3F
136C40
136C40
137041
137042
137043
137043
137044
137045
137446
137446
137447
137448
137449
137449
13744A
13784B
13784C
13784D
13784D
13784E
13784F
137850
137851
137C52
137C52
137C53
137C54
137C55
137C56
137C57
138057
138058
138059
13805A
13805B
13805C
13805D
13805E
13845E
13845F
138460
138461
138462
138463
138464
138465
138466
138867
138868
138868
138869
13886A
13886B
13886C
13886D
13886E
13886F
138C70
138C71
138C72
138C73
138C74
138C75
138C76
138C77
138C78
138C79
138C7A
138C7B
13907C
13907D
13907E
13907F
139080
139081
139082
139083
139084
139085
139086
139087
139088
139089
13908A
13908B
13908C
13908D
13948E
13948F
139490
139491
139492
139493
139494
139495
139496
139497
139498
139499
13949A
13949B
13949C
13949D
13949E
13949F
1394A0
1394A1
1394A2
1394A3
1394A4
1394A5
1394A7
1394A8
1394A9
1394AA
1394AB
1394AC
1394AD
1394AE
1394AF
1394B0
1394B1
1394B2
1394B3
1394B4
1390B5
1390B6
1390B7
1390B8
1390B9
1390BA
1390BB
1390BC
1390BD
1390BE
1390BF
1390C0
1390C1
1390C2
1390C3
1390C4
1390C5
1390C6
138CC7
138CC8
138CC9
138CCA
138CCB
138CCC
138CCD
138CCE
138CCF
138CD0
138CD1
138CD2
1388D3
1388D4
1388D5
1388D5
1388D6
1388D7
1388D8
1388D9
1388DA
1388DB
1384DC
1384DD
1384DE
1384DF
1384E0
1384E0
1384E1
1384E2
1384E3
1380E4
1380E5
1380E6
1380E7
1380E8
1380E8
1380E9
1380EA
137CEB
137CEC
137CED
137CEE
137CEE
137CEF
137CF0
1378F1
1378F2
1378F3
1378F3
1378F4
1378F5
1378F6
1378F7
1374F7
1374F8
1374F9
1374FA
1374FA
1374FB
1374FC
1370FD
1370FE
1370FE
1370FF
137100
137101
136D01
136D02
136D03
136D03
136D04
136D05
136D06
136906
136907
136908
136908
136909
13690A
13650A
13650B
13650C
13650C
13650D
13650E
13650E
13610F
136110
136110
136111
136112
136112
135D13
135D14
135D14
135D15
135D15
135D16
135917
135917
135918
135918
135919
13591A
13591A
13551B
13551B
13551C
13551D
13551D
13551E
13511E
13511F
13511F
135120
135120
135121
134D22
134D22
134D23
134C1D
134C1E
13501E
13501F
13501F
135020
135020
135021
135421
135422
135422
135423
135423
135424
135825
135825
135826
135826
135827
135827
135828
135C29
135C29
135C2A
135C2A
135C2B
135C2C
13602C
13602D
13602D
13602E
13602F
13602F
136430
136431
136431
136432
136433
136433
136834
136835
136835
136836
136837
136837
136838
136C39
136C39
136C3A
136C3B
136C3B
136C3C
13703D
13703E
13703E
13703F
137040
137040
137041
137442
137443
137443
137444
137445
137446
137846
137847
137848
137849
13784A
13784A
13784B
137C4C
137C4D
137C4E
137C4E
137C4F
137C50
137C51
137C52
138053
138053
138054
138055
138056
138057
138058
138458
138459
13845A
13845B
13845C
13845D
13845E
13845F
13885F
138860
138861
138862
138863
138864
138865
138866
138867
138C68
138C69
138C69
138C6A
138C6B
138C6C
138C6D
138C6E
138C6F
138C70
139071
139072
139073
139074
139075
139076
139077
139078
139079
13907A
13907B
13907C
13907D
13947E
13947F
139480
139481
139482
139483
139484
139485
139486
139487
139488
139489
13948A
13948B
13948C
13948D
13948E
13948F
139490
139891
139892
139893
139894
139895
139896
139897
139898
139899
13989A
13989B
13989C
13989D
13989E
13989F
1398A0
1398A1
1398A2
1398A3
1398A4
1398A5
1398A6
1398A8
1398A9
1398AA
1398AB
1398AC
1398AD
1398AE
1398AF
1398B0
1398B1
1394B2
1394B3
1394B4
1394B5
1394B6
1394B7
1394B8
1394B9
1394BA
1394BB
1394BC
1394BD
1394BE
1394BF
1394C0
1394C1
1394C2
1394C3
1394C4
1390C5
1390C6
1390C7
1390C8
1390C9
1390CA
1390CB
1390CC
1390CD
1390CE
1390CF
1390D0
138CD1
138CD2
138CD3
138CD3
138CD4
138CD5
138CD6
138CD7
138CD8
138CD9
138CDA
1388DB
1388DC
1388DD
1388DE
1388DF
1388E0
1388E0
1388E1
1384E2
1384E3
1384E4
1384E5
1384E6
1384E7
1384E7
1384E8
1384E9
1380EA
1380EB
1380EC
1380ED
1380ED
1380EE
1380EF
137CF0
137CF1
137CF2
137CF2
137CF3
137CF4
137CF5
1378F6
1378F6
1378F7
1378F8
1378F9
1378FA
1378FA
1374FB
1374FC
1374FD
1374FD
1374FE
1374FF
137500
137100
137101
137102
137103
137103
137104
137105
136D05
136D06
136D07
136D08
136D08
136D09
13690A
13690A
13690B
13690C
13690C
13690D
13690E
13650E
13650F
136510
136510
136511
136512
136112
136113
136113
136114
136115
136115
135D16
135D17
135D17
135D18
135D18
135D19
13591A
13591A
13591B
13591B
13591C
13591C
13591D
13551E
13551E
13551F
13551F
135520
135520
135121
135121
135122
135122
13501D
13501E
13501E
13541F
13541F
135420
135420
135421
135421
135822
135822
135823
135824
135824
135825
135825
135C26
135C26
135C27
135C28
135C28
135C29
136029
13602A
13602B
13602B
13602C
13602C
13642D
13642E
13642E
13642F
136430
136430
136831
136831
136832
136833
136833
136834
136835
136C35
136C36
136C37
136C37
136C38
136C39
137039
13703A
13703B
13703C
13703C
13703D
13743E
13743E
13743F
137440
137441
137441
137442
137843
137844
137844
137845
137846
137847
137847
137C48
137C49
137C4A
137C4B
137C4B
137C4C
137C4D
13804E
13804F
13804F
138050
138051
138052
138053
138453
138454
138455
138456
138457
138458
138459
138859
13885A
13885B
13885C
13885D
13885E
13885F
138860
138860
138C61
138C62
138C63
138C64
138C65
138C66
138C67
138C68
138C69
13906A
13906A
13906B
13906C
13906D
13906E
13906F
139070
139071
139072
139473
139474
139475
139476
139477
139478
139479
13947A
13947B
13947C
13947D
13947E
13947F
139880
139881
139882
139883
139884
139885
139886
139887
139888
139889
13988A
13988B
13988C
13988D
13988E
13988F
139890
139891
139892
139893
139894
139C95
139C96
139C97
139C98
139C99
139C9A
139C9B
139C9C
139C9D
139C9E
139C9F
139CA0
139CA1
139CA2
139CA3
139CA4
139CA5
139CA6
139CA8
139CA9
139CAA
139CAB
139CAC
139CAD
1398AE
1398AF
1398B0
1398B1
1398B2
1398B3
1398B4
1398B5
1398B6
1398B7
1398B8
1398B9
1398BA
1398BB
1398BC
1398BD
1398BE
1398BF
1398C0
1398C1
1398C2
1394C3
1394C4
1394C5
1394C6
1394C7
1394C8
1394C9
1394CA
1394CB
1394CC
1394CD
1394CE
1394CF
1390D0
1390D1
1390D2
1390D2
1390D3
1390D4
1390D5
1390D6
1390D7
1390D8
138CD9
138CDA
138CDB
138CDC
138CDD
138CDE
138CDF
138CDF
138CE0
1388E1
1388E2
1388E3
1388E4
1388E5
1388E6
1388E6
1388E7
1384E8
1384E9
1384EA
1384EB
1384EC
1384EC
1384ED
1384EE
1380EF
1380F0
1380F1
1380F1
1380F2
1380F3
1380F4
137CF5
137CF6
137CF6
137CF7
137CF8
137CF9
137CF9
1378FA
1378FB
1378FC
1378FD
1378FD
1378FE
1378FF
137500
137500
137501
137502
137502
137503
137504
137105
137105
137106
137107
137107
137108
136D09
136D0A
136D0A
136D0B
136D0C
136D0C
13690D
13690E
13690E
13690F
136910
136910
136911
136511
136512
136513
136513
136514
136515
136115
136116
136116
136117
136118
136118
135D19
135D19
135D1A
135D1B
135D1B
135D1C
13591C
13591D
13591D
13591E
13591F
13591F
135520
135520
135521
135521
135522
135522
13541D
13541E
13541E
13541F
13541F
135820
135820
135821
135822
135822
135823
135C23
135C24
135C24
135C25
135C25
135C26
136027
136027
136028
136028
136029
13602A
13642A
13642B
13642B
13642C
13642D
13642D
13642E
13682E
13682F
136830
136830
136831
136832
136C32
136C33
136C34
136C34
136C35
136C35
137036
137037
137038
137038
137039
13703A
13743A
13743B
13743C
13743C
13743D
13743E
13743F
13783F
137840
137841
137841
137842
137843
137C44
137C44
137C45
137C46
137C47
137C48
137C48
138049
13804A
13804B
13804B
13804C
13804D
13804E
13844F
13844F
138450
138451
138452
138453
138454
138854
138855
138856
138857
138858
138859
138859
13885A
138C5B
138C5C
138C5D
138C5E
138C5F
138C60
138C61
138C61
139062
139063
139064
139065
139066
139067
139068
139069
13906A
13946B
13946B
13946C
13946D
13946E
13946F
139470
139471
139472
139473
139874
139875
139876
139877
139878
139879
13987A
13987B
13987C
13987D
13987E
13987F
139880
139881
139C82
139C83
139C84
139C85
139C86
139C87
139C88
139C89
139C8A
139C8B
139C8C
139C8D
139C8E
139C8F
139C90
139C91
139C92
139C93
139C94
139C95
139C96
139C97
139C98
139C99
139C9A
139C9B
13A09C
13A09D
13A09E
13A09F
13A0A0
13A0A1
13A0A2
13A0A3
13A0A4
13A0A5
139CA6
139CA8
139CA9
139CAA
139CAB
139CAC
139CAD
139CAE
139CAF
139CB0
139CB1
139CB2
139CB3
139CB4
139CB5
139CB6
139CB7
139CB8
139CB9
139CBA
139CBB
139CBC
139CBD
139CBE
139CBF
139CC0
1398C1
1398C2
1398C3
1398C4
1398C5
1398C6
1398C7
1398C8
1398C9
1398CA
1398CB
1398CC
1398CD
1398CE
1394CF
1394D0
1394D0
1394D1
1394D2
1394D3
1394D4
1394D5
1394D6
1394D7
1390D8
1390D9
1390DA
1390DB
1390DC
1390DD
1390DE
1390DE
1390DF
138CE0
138CE1
138CE2
138CE3
138CE4
138CE5
138CE6
138CE6
1388E7
1388E8
1388E9
1388EA
1388EB
1388EC
1388EC
1388ED
1384EE
1384EF
1384F0
1384F1
1384F1
1384F2
1384F3
1380F4
1380F5
1380F5
1380F6
1380F7
1380F8
1380F9
137CF9
137CFA
137CFB
137CFC
137CFC
137CFD
137CFE
1378FF
1378FF
137900
137901
137902
137902
137503
137504
137505
137505
137506
137507
137507
137108
137109
137109
13710A
13710B
13710B
136D0C
136D0D
136D0D
136D0E
136D0F
136D0F
136910
136911
136911
136912
136913
136913
136514
136514
136515
136516
136516
136517
136517
136118
136119
136119
13611A
13611A
13611B
135D1C
135D1C
135D1D
135D1D
135D1E
135D1E
13591F
135920
135920
135921
135921
135922
135522
13581D
13581E
13581E
13581F
135820
135820
135C21
135C21
135C22
135C22
135C23
135C23
135C24
136024
136025
136026
136026
136027
136027
136428
136428
136429
13642A
13642A
13642B
13682B
13682C
13682D
13682D
13682E
13682F
136C2F
136C30
136C30
136C31
136C32
136C32
137033
137034
137034
137035
137036
137036
137437
137438
137438
137439
13743A
13743A
13783B
13783C
13783D
13783D
13783E
13783F
13783F
137C40
137C41
137C42
137C42
137C43
137C44
138045
138045
138046
138047
138048
138048
138049
13844A
13844B
13844C
13844C
13844D
13844E
13844F
138850
138850
138851
138852
138853
138854
138855
138C55
138C56
138C57
138C58
138C59
138C5A
138C5A
138C5B
13905C
13905D
13905E
13905F
139060
139061
139062
139062
139463
139464
139465
139466
139467
139468
139469
13946A
13946B
13986C
13986D
13986D
13986E
13986F
139870
139871
139872
139873
139874
139875
139C76
139C77
139C78
139C79
139C7A
139C7B
139C7C
139C7D
139C7E
139C7F
139C80
139C81
139C82
139C83
13A084
13A085
13A086
13A087
13A088
13A089
13A08A
13A08B
13A08C
13A08D
13A08E
13A08F
13A090
13A091
13A092
13A093
13A094
13A095
13A096
13A097
13A098
13A099
13A09A
13A09B
13A09C
13A09D
13A09E
13A09F
13A0A0
13A0A1
13A0A2
13A0A3
13A0A4
13A0A5
13A0A6
13A0A7
13A0A9
13A0AA
13A0AB
13A0AC
13A0AD
13A0AE
13A0AF
13A0B0
13A0B1
13A0B2
13A0B3
13A0B4
13A0B5
13A0B6
13A0B7
13A0B8
13A0B9
13A0BA
13A0BB
13A0BC
13A0BD
13A0BE
139CBF
139CC0
139CC1
139CC2
139CC3
139CC4
139CC5
139CC6
139CC7
139CC8
139CC9
139CCA
139CCB
139CCC
1398CD
1398CE
1398CE
1398CF
1398D0
1398D1
1398D2
1398D3
1398D4
1398D5
1398D6
1394D7
1394D8
1394D9
1394DA
1394DB
1394DC
1394DD
1394DD
1394DE
1390DF
1390E0
1390E1
1390E2
1390E3
1390E4
1390E5
1390E5
138CE6
138CE7
138CE8
138CE9
138CEA
138CEB
138CEB
138CEC
1388ED
1388EE
1388EF
1388F0
1388F0
1388F1
1388F2
1384F3
1384F4
1384F4
1384F5
1384F6
1384F7
1384F8
1380F8
1380F9
1380FA
1380FB
1380FC
1380FC
1380FD
137CFE
137CFF
137CFF
137D00
137D01
137D01
137902
137903
137904
137904
137905
137906
137506
137507
137508
137509
137509
13750A
13750B
13710B
13710C
13710D
13710D
13710E
13710F
136D0F
136D10
136D11
136D11
136D12
136D12
136913
136914
136914
136915
136916
136916
136517
136517
136518
136519
136519
13651A
13611A
13611B
13611B
13611C
13611D
13611D
135D1E
135D1E
135D1F
135D1F
135D20
135D20
135D21
135922
135922
13581E
13581E
135C1F
135C1F
135C20
135C20
135C21
135C21
136022
136022
136023
136023
136024
136025
136425
136426
136426
136427
136427
136428
136829
136829
13682A
13682A
13682B
13682C
136C2C
136C2D
136C2D
136C2E
136C2F
136C2F
137030
137031
137031
137032
137032
137033
137434
137434
137435
137436
137436
137437
137438
137838
137839
13783A
13783B
13783B
13783C
137C3D
137C3D
137C3E
137C3F
137C40
137C40
138041
138042
138042
138043
138044
138045
138045
138446
138447
138448
138449
138449
13844A
13884B
13884C
13884C
13884D
13884E
13884F
138850
138C50
138C51
138C52
138C53
138C54
138C55
138C55
139056
139057
139058
139059
13905A
13905B
13905B
13905C
13945D
13945E
13945F
139460
139461
139462
139463
139463
139464
139865
139866
139867
139868
139869
13986A
13986B
13986C
13986D
139C6E
139C6E
139C6F
139C70
139C71
139C72
139C73
139C74
139C75
139C76
139C77
13A078
13A079
13A07A
13A07B
13A07C
13A07D
13A07E
13A07F
13A080
13A081
13A082
13A083
13A084
13A085
13A486
13A487
13A488
13A489
13A48A
13A48B
13A48C
13A48D
13A48E
13A48F
13A490
13A491
13A492
13A493
13A494
13A495
13A496
13A497
13A498
13A499
13A49A
13A49B
13A49C
13A49D
13A49E
13A49F
13A4A0
13A4A1
13A4A2
13A4A3
13A4A4
13A4A5
13A4A6
13A4A7
13A4A9
13A4AA
13A4AB
13A4AC
13A4AD
13A4AE
13A4AF
13A4B0
13A4B1
13A4B2
13A4B3
13A4B4
13A4B5
13A4B6
13A4B7
13A4B8
13A4B9
13A4BA
13A4BB
13A4BC
13A0BD
13A0BE
13A0BF
13A0C0
13A0C1
13A0C2
13A0C3
13A0C4
13A0C5
13A0C6
13A0C7
13A0C8
13A0C9
13A0CA
139CCB
139CCC
139CCC
139CCD
139CCE
139CCF
139CD0
139CD1
139CD2
139CD3
139CD4
1398D5
1398D6
1398D7
1398D8
1398D9
1398DA
1398DB
1398DB
1398DC
1394DD
1394DE
1394DF
1394E0
1394E1
1394E2
1394E3
1394E4
1394E4
1390E5
1390E6
1390E7
1390E8
1390E9
1390EA
1390EA
138CEB
138CEC
138CED
138CEE
138CEF
138CEF
138CF0
138CF1
1388F2
1388F3
1388F4
1388F4
1388F5
1388F6
1388F7
1384F8
1384F8
1384F9
1384FA
1384FB
1384FB
1380FC
1380FD
1380FE
1380FE
1380FF
138100
138101
137D01
137D02
137D03
137D04
137D04
137D05
137906
137906
137907
137908
137908
137909
13750A
13750A
13750B
13750C
13750C
13750D
13750E
13710E
13710F
137110
137110
137111
137112
136D12
136D13
136D14
136D14
136D15
136D15
136916
136917
136917
136918
136918
136919
13651A
13651A
13651B
13651B
13651C
13651C
13611D
13611E
13611E
13611F
13611F
136120
135D20
135D21
135D21
135D22
135C1E
135C1E
135C1F
13601F
136020
136020
136021
136021
136022
136422
136423
136424
136424
136425
136425
136826
136826
136827
136828
136828
136829
136829
136C2A
136C2B
136C2B
136C2C
136C2C
136C2D
13702E
13702E
13702F
13702F
137030
137031
137431
137432
137433
137433
137434
137435
137835
137836
137837
137837
137838
137839
137C39
137C3A
137C3B
137C3B
137C3C
137C3D
13803D
13803E
13803F
138040
138040
138041
138442
138443
138443
138444
138445
138446
138446
138847
138848
138849
138849
13884A
13884B
13884C
138C4D
138C4D
138C4E
138C4F
138C50
138C51
139051
139052
139053
139054
139055
139056
139056
139057
139458
139459
13945A
13945B
13945C
13945C
13945D
13985E
13985F
139860
139861
139862
139863
139864
139864
139865
139C66
139C67
139C68
139C69
139C6A
139C6B
139C6C
139C6D
139C6E
13A06F
13A06F
13A070
13A071
13A072
13A073
13A074
13A075
13A076
13A077
13A078
13A479
13A47A
13A47B
13A47C
13A47D
13A47E
13A47F
13A480
13A481
13A482
13A483
13A484
13A485
13A486
13A487
13A488
13A889
13A88A
13A88B
13A88C
13A88D
13A88E
13A88F
13A890
13A891
13A892
13A893
13A894
13A895
13A896
13A897
13A898
13A899
13A89A
13A89B
13A89C
13A89D
13A89E
13A89F
13A8A0
13A8A1
13A8A2
13A8A3
13A8A4
13A8A5
13A8A6
13A8A7
13A8A8
13A8AA
13A8AB
13A8AC
13A8AD
13A8AE
13A8AF
13A8B0
13A8B1
13A8B2
13A8B3
13A8B4
13A8B5
13A8B6
13A8B7
13A8B8
13A8B9
13A4BA
13A4BB
13A4BC
13A4BD
13A4BE
13A4BF
13A4C0
13A4C1
13A4C2
13A4C3
13A4C4
13A4C5
13A4C6
13A4C7
13A4C8
13A0C9
13A0CA
13A0CA
13A0CB
13A0CC
13A0CD
13A0CE
13A0CF
13A0D0
13A0D1
13A0D2
13A0D3
139CD4
139CD5
139CD6
139CD7
139CD8
139CD9
139CDA
139CDA
139CDB
1398DC
1398DD
1398DE
1398DF
1398E0
1398E1
1398E2
1398E3
1394E3
1394E4
1394E5
1394E6
1394E7
1394E8
1394E9
1394EA
1390EA
1390EB
1390EC
1390ED
1390EE
1390EF
1390EF
138CF0
138CF1
138CF2
138CF3
138CF3
138CF4
138CF5
1388F6
1388F7
1388F7
1388F8
1388F9
1388FA
1388FA
1384FB
1384FC
1384FD
1384FE
1384FE
1384FF
138500
138100
138101
138102
138103
138103
138104
137D05
137D06
137D06
137D07
137D08
137D08
137909
13790A
13790A
13790B
13790C
13790C
13750D
13750E
13750E
13750F
137510
137510
137111
137112
137112
137113
137113
137114
136D15
136D15
136D16
136D16
136D17
136D18
136918
136919
136919
13691A
13691B
13691B
13651C
13651C
13651D
13651D
13651E
13651F
13611F
136120
136120
136121
136121
136122
13601E
13601E
13601F
13601F
136020
136420
136421
136422
136422
136423
136423
136824
136824
136825
136825
136826
136827
136C27
136C28
136C28
136C29
136C29
136C2A
13702B
13702B
13702C
13702C
13702D
13702E
13742E
13742F
137430
137430
137431
137431
137832
137833
137833
137834
137835
137835
137C36
137C37
137C37
137C38
137C39
137C39
13803A
13803B
13803C
13803C
13803D
13803E
13843E
13843F
138440
138441
138441
138442
138443
138843
138844
138845
138846
138846
138847
138C48
138C49
138C4A
138C4A
138C4B
138C4C
138C4D
13904D
13904E
13904F
139050
139051
139052
139052
139453
139454
139455
139456
139457
139457
139458
139859
13985A
13985B
13985C
13985D
13985D
13985E
13985F
139C60
139C61
139C62
139C63
139C64
139C64
139C65
139C66
13A067
13A068
13A069
13A06A
13A06B
13A06C
13A06D
13A06E
13A06F
13A070
13A471
13A471
13A472
13A473
13A474
13A475
13A476
13A477
13A478
13A479
13A47A
13A87B
13A87C
13A87D
13A87E
13A87F
13A880
13A881
13A882
13A883
13A884
13A885
13A886
13A887
13A888
13A889
13A88A
13A88B
13AC8C
13AC8D
13AC8E
13AC8F
13AC90
13AC91
13AC92
13AC93
13AC94
13AC95
13AC96
13AC97
13AC98
13AC99
13AC9A
13AC9B
13AC9C
13AC9D
13AC9E
13AC9F
13ACA0
13ACA1
13ACA2
13ACA3
13ACA4
13ACA5
13ACA6
13ACA7
13ACA8
13ACAA
13ACAB
13ACAC
13ACAD
13ACAE
13ACAF
13ACB0
13ACB1
13ACB2
13ACB3
13ACB4
13ACB5
13ACB6
13A8B7
13A8B8
13A8B9
13A8BA
13A8BB
13A8BC
13A8BD
13A8BE
13A8BF
13A8C0
13A8C1
13A8C2
13A8C3
13A8C4
13A8C5
13A8C6
13A8C7
13A4C8
13A4C8
13A4C9
13A4CA
13A4CB
13A4CC
13A4CD
13A4CE
13A4CF
13A4D0
13A4D1
13A0D2
13A0D3
13A0D4
13A0D5
13A0D6
13A0D7
13A0D8
13A0D9
13A0D9
13A0DA
139CDB
139CDC
139CDD
139CDE
139CDF
139CE0
139CE1
139CE2
1398E2
1398E3
1398E4
1398E5
1398E6
1398E7
1398E8
1398E9
1394E9
1394EA
1394EB
1394EC
1394ED
1394EE
1394EE
1390EF
1390F0
1390F1
1390F2
1390F3
1390F3
1390F4
138CF5
138CF6
138CF6
138CF7
138CF8
138CF9
138CFA
1388FA
1388FB
1388FC
1388FD
1388FD
1388FE
1384FF
138500
138500
138501
138502
138503
138503
138104
138105
138105
138106
138107
138107
137D08
137D09
137D0A
137D0A
137D0B
137D0C
13790C
13790D
13790E
13790E
13790F
13790F
137510
137511
137511
137512
137513
137513
137114
137115
137115
137116
137116
137117
136D18
136D18
136D19
136D19
136D1A
136D1A
13691B
13691C
13691C
13691D
13691D
13691E
13651E
13651F
136520
136520
136521
136521
136122
